payment_code,age,gender,handed,lang,study,caff,group,part,item_full,item_en,item_id,predicate,context,judgment,decision_time_item_1,submit_time,item_order,quarter
180376,30,femmina,destrimana/o,italiano,linguistica,Sì,c,A,Non so se il panda abbia rotto qualcosa%2C ma se ha rotto anche il vaso di porcellana%2C la rana andrà su tutte le furie.,I don't know whether the panda broke anything%2C but if he broke the porcelaine vase too%2C the frog will flare up.,28,too,dontknowwhether,2,31987,33177,1,1
180376,30,femmina,destrimana/o,italiano,linguistica,Sì,c,A,La papera non ha perso l'aquilone%2C ma se il panda è arrabbiato che l'abbia perso%2C le getterà gli occhiali da sole in mare.,The duck didn't lose the kite%2C but if the panda is angry that she did%2C he will hurl her sunglasses in the sea.,1,true_factive,notpif,1,12075,25509,2,1
180376,30,femmina,destrimana/o,italiano,linguistica,Sì,c,A,La rana non ha mai usato il giocattolo della papera%2C ma se l'ha usato di nuovo ieri%2C la papera le getterà tutti i disegni nel fango.,The frog has never used the duck's toy%2C but if she used it again yesterday%2C the duck will throw all her drawing in the mud.,29,again,notpif,1,31837,33350,3,1
180376,30,femmina,destrimana/o,italiano,linguistica,Sì,c,A,Non so se il panda abbia calpestato le margherite%2C ma se la rana crede che le abbia calpestate%2C preparerà dei gavettoni per punirlo.,I don't know whether the panda trampled the daisies%2C but if the frog believes that he did%2C he will prepare water balloons to punish him.,22,non_factive,dontknowwhether,7,8929,9882,5,1
180376,30,femmina,destrimana/o,italiano,linguistica,Sì,c,A,La papera non ha potato la siepe%2C ma la rana%2C dopo averla innaffiata%2C si è resa conto che la papera l'ha potata.,I don't know whether the duck pruned the hedge%2C but the frog%2C after watering it%2C realized that the duck pruned it.,48,semi_factive,dontknowwhetherand,2,21664,22354,7,1
180376,30,femmina,destrimana/o,italiano,linguistica,Sì,c,A,Non so se la papera abbia rotto il vasetto di miele%2C ma se il panda si rende conto che l'ha rotto%2C le terrà il broncio.,I don't know whether the duck broke the honey jar%2C but if the panda realizes that she did%2C he will pout.,14,semi_factive,dontknowwhether,4,33392,34061,9,1
180376,30,femmina,destrimana/o,italiano,linguistica,Sì,c,A,La papera non ha gettato via le bambole di pezza%2C ma il panda è triste che le abbia gettate via. ,I don't know if the duck threw away the rag dolls%2C but the panda is sad that he threw them away.,37,true_factive,dontknowwhetherand,1,19506,21056,13,1
180376,30,femmina,destrimana/o,italiano,linguistica,Sì,c,A,La papera non ha modificato la ricetta della torta%2C ma la rana%2C dopo averla riletta%2C si è resa conto che la papera l'ha modificata.,I don't know whether the duck changed the cake recipe%2C but the frog%2C after re-reading it%2C realized that the duck changed it.,45,semi_factive,dontknowwhetherand,2,14341,15583,15,1
180376,30,femmina,destrimana/o,italiano,linguistica,Sì,c,A,Non so se la papera abbia buttato via la cartolina%2C ma se il panda capisce che l'ha buttata via%2C non le parlerà mai più.,I don't know whether the duck threw away the postcard%2C but if the panda understands that she did%2C he will not speak to her anymore.,10,semi_factive,dontknowwhether,4,20663,21231,16,1
180376,30,femmina,destrimana/o,italiano,linguistica,Sì,c,A,La papera non ha mollato il corso di nuoto%2C ma il panda è triste che l'abbia mollato. ,I don't know if the duck quit swimming class%2C but the panda is sad that he quit it.,40,true_factive,dontknowwhetherand,1,23134,24067,18,1
180376,30,femmina,destrimana/o,italiano,linguistica,Sì,c,A,Non so se la rana abbia rovinato il puzzle%2C ma se il panda è arrabbiato che l'abbia rovinato%2C le butterà le scarpe fuori dalla finestra.,I don't know whether the frog ruined the puzzle%2C but if the panda is angry that he did%2C he will throw his shoes out of the window.,4,true_factive,dontknowwhether,3,27849,29027,20,1
180376,30,femmina,destrimana/o,italiano,linguistica,Sì,c,A,Il panda non ha bruciato l'album di foto%2C ma se la rana è triste che l'abbia bruciato%2C piangerà a dirotto.,The panda didn't burn the photo album%2C but if the frog is sad that he did%2C he will cry his eyes out.,7,true_factive,notpif,4,12494,17717,24,1
180376,30,femmina,destrimana/o,italiano,linguistica,Sì,c,A,La rana non ha truccato la macchinina telecomandata%2C ma il panda%2C dopo averla usata%2C ha capito che la rana l'ha truccata.,I don't know whether the frog rigged the remote control car%2C but the panda%2C after using it%2C realized that the frog rigged it.,44,semi_factive,dontknowwhetherand,2,24357,28051,27,2
180376,30,femmina,destrimana/o,italiano,linguistica,Sì,c,A,Non so se la rana abbia strappato il biglietto di auguri%2C ma se il panda pensa che l'abbia strappato%2C si metterà a piangere.,I don't know whether the frog tore up the birthday card%2C but if the panda thinks that he did%2C he will start to cry.,20,non_factive,dontknowwhether,7,5951,6844,29,2
180376,30,femmina,destrimana/o,italiano,linguistica,Sì,c,A,La rana non ha finito la limonata%2C ma se la papera crede che l'abbia finita%2C andrà a comprare dei limoni.,The frog didn't finish the lemonade%2C but if the duck believes that he did%2C she will go buy lemons.,23,non_factive,notpif,7,4068,5670,30,2
180376,30,femmina,destrimana/o,italiano,linguistica,Sì,c,A,Il panda non ha danneggiato il microfono%2C ma se la rana è arrabbiata che l'abbia danneggiato%2C lo escluderà dalla serata di karaoke. ,The panda didn't damage the mic%2C but if the frog is angry that he did%2C he will uninvite him from karaoke night.,3,true_factive,notpif,2,14094,18753,31,2
180376,30,femmina,destrimana/o,italiano,linguistica,Sì,c,A,Non so se la papera abbia mai bruciato il pane%2C ma se l'ha bruciato di nuovo ieri%2C il panda non farà più colazione con lei.,I don't know whether the duck has ever burnt the bread%2C but if she burnt it again yesterday%2C the panda won't have breakfast with her anymore.,30,again,dontknowwhether,2,34653,36111,32,2
180376,30,femmina,destrimana/o,italiano,linguistica,Sì,c,A,Il panda non ha piegato le lancette dell'orologio%2C ma se la rana si rende conto che le ha piegate%2C gli urlerà contro.,The panda didn't bend the hands of the clock%2C but if the frog realizes that he did%2C he will shout at him.,13,semi_factive,notpif,2,11995,14902,36,2
180376,30,femmina,destrimana/o,italiano,linguistica,Sì,c,A,Il panda non ha sottratto nulla alla rana%2C ma se le ha sottratto anche il cappello%2C la rana gli strapperà il costume da bagno.,The panda didn't steal anything from the frog%2C but if he stole her hat too%2C the frog will rip his bathing suit.,25,too,notpif,1,15538,17893,37,2
180376,30,femmina,destrimana/o,italiano,linguistica,Sì,c,A,Non so se il panda abbia letto il diario segreto%2C ma se la rana si rende conto che l'ha letto%2C considererà la loro amicizia rovinata.,I don't know whether the panda read the diary%2C but if the frog realizes that he did%2C he will consider their friendship ruined.,16,semi_factive,dontknowwhether,5,22433,24004,38,2
180376,30,femmina,destrimana/o,italiano,linguistica,Sì,c,A,Non so se la rana abbia perduto qualcosa%2C ma se ha perduto anche le chiavi%2C la papera andrà nel panico.,I don't know whether the frog lost anything%2C but if she lost the keys too%2C the duck will panic.,26,too,dontknowwhether,5,14825,15944,40,2
180376,30,femmina,destrimana/o,italiano,linguistica,Sì,c,A,Non so se il panda abbia rubato il quaderno da colorare%2C ma se la papera è triste che l'abbia rubato%2C lo manderà via.,I don't know whether the panda stole the coloring book%2C but if the duck is sad that he did%2C she will throw him out.,8,true_factive,dontknowwhether,3,9227,9916,42,2
180376,30,femmina,destrimana/o,italiano,linguistica,Sì,c,A,Il panda non ha mai offeso la rana%2C ma se l'ha offesa di nuovo ieri%2C la rana lo prenderà in giro davanti a tutti.,The panda has never offended the frog%2C but if he offended her again yesterday%2C the frog will make fun of him in font of everybody.,31,again,notpif,1,6629,8284,43,2
180376,30,femmina,destrimana/o,italiano,linguistica,Sì,c,A,La rana non ha spaccato le automobiline%2C ma il panda%2C dopo averle esaminate%2C ha capito che la rana le ha spaccate.,I don't know if the frog broke the toy train%2C but the panda%2C after examining it%2C realized that the frog broke it.,41,semi_factive,dontknowwhetherand,2,13196,15536,44,2
180376,30,femmina,destrimana/o,italiano,linguistica,Sì,c,A,La papera non ha sporcato nulla%2C ma se ha sporcato anche il tappeto%2C il panda non la inviterà più a casa sua.,The duck didn't dirty anything%2C but if she dirtied the carpet too%2C the panda won't invite her anymore.,27,too,notpif,1,14072,14981,47,2
180376,30,femmina,destrimana/o,italiano,linguistica,Sì,c,A,La rana non ha strisciato la finestra in soffitta%2C ma la papera è arrabbiata che l'abbia strisciata. ,I don't know if the frog crawled the attic window%2C but the duck is angry that he crawled it.,36,true_factive,dontknowwhetherand,5,21453,22318,49,3
180376,30,femmina,destrimana/o,italiano,linguistica,Sì,c,A,Non so se il panda abbia bucato il pallone da calcio%2C ma se la rana è arrabbiata che l'abbia bucato%2C gli verserà del latte sul computer.,I don't know whether the panda punctured the football%2C but if the frog is angry that he did%2C he will pour milk over his laptop.,2,true_factive,dontknowwhether,3,21337,24442,52,3
180376,30,femmina,destrimana/o,italiano,linguistica,Sì,c,A,Non so se la papera abbia imbrattato il muro%2C ma se il panda crede che l'abbia imbrattato%2C le nasconderà tutti i pennarelli.,I don't know whether the duck painted the wall%2C but if the panda believes that she did%2C he will hide all of her crayons.,24,non_factive,dontknowwhether,7,8714,9679,56,3
180376,30,femmina,destrimana/o,italiano,linguistica,Sì,c,A,La papera non ha preso il voto massimo%2C ma se la rana pensa che l'abbia preso%2C sarà gelosa.,The duck didn't get the top grade%2C but if the frog thinks that she did%2C he will be jealous.,17,non_factive,notpif,7,4264,5152,57,3
180376,30,femmina,destrimana/o,italiano,linguistica,Sì,c,A,Non so se la rana abbia mai rovesciato la bottiglia d'olio%2C ma se l'ha rovesciata di nuovo ieri%2C la paperà le farà pulire tutta la cucina.,I don't know whether the frog has ever knocked over the oil bottle%2C but if she knocked it over again yesterday%2C the duck will make her clean the entire kitchen.,32,again,dontknowwhether,1,5051,9490,58,3
180376,30,femmina,destrimana/o,italiano,linguistica,Sì,c,A,La rana non ha truccato il mazzo di carte%2C ma se il panda capisce che l'ha truccato%2C la escluderà dal prossimo pigiama party. ,The frog didn't manipulate the deck%2C but if the panda understands that she did%2C he will uninvite him from the next sleepover.,9,semi_factive,notpif,2,14152,17842,61,3
180376,30,femmina,destrimana/o,italiano,linguistica,Sì,c,A,La rana non ha nascosto i pennarelli%2C ma se la papera capisce che li ha nascosti%2C le sotterrerà le figurine in giardino.,The frog didn't hide the crayons%2C but if the duck understands that he did%2C she bury his favorite figurines in the yard.,11,semi_factive,notpif,3,5080,8786,64,3
180376,30,femmina,destrimana/o,italiano,linguistica,Sì,c,A,La papera non ha smarrito il bracciale dell'amicizia%2C ma se la rana pensa che l'abbia smarrito%2C sarà molto delusa.,The duck didn't lose the friendship bracelet%2C but if the frog thinks that she did%2C he will be very disappointed.,19,non_factive,notpif,7,7068,7949,65,3
180376,30,femmina,destrimana/o,italiano,linguistica,Sì,c,A,La papera non ha distrutto il castello di sabbia%2C ma se il panda è triste che l'abbia distrutto%2C piangerà per tutto il giorno.,The duck didn't destroy the sand castle%2C but if the panda is sad that she did%2C he will cry all day.,5,true_factive,notpif,5,12076,12696,67,3
180376,30,femmina,destrimana/o,italiano,linguistica,Sì,c,A,Non so se la rana abbia squarciato l'orsacchiotto%2C ma se la papera è triste che l'abbia squarciato%2C le disegnerà sulla faccia con l'indelebile.,I don't know whether the frog cut open the teddy bear%2C but if the duck is sad that he did%2C she will draw on his face with sharpie.,6,true_factive,dontknowwhether,5,11471,12012,68,3
180376,30,femmina,destrimana/o,italiano,linguistica,Sì,c,A,Non so se la papera abbia tagliuzzato il poster%2C ma se il panda capisce che l'ha tagliuzzato%2C le verserà del succo nello zaino.,I don't know whether the duck cut the poster%2C but if the panda understands that she did%2C he will pour juice into her backpack.,12,semi_factive,dontknowwhether,5,3774,4370,69,3
180376,30,femmina,destrimana/o,italiano,linguistica,Sì,c,A,Non so se la rana abbia dimenticato il compleanno della papera%2C ma se la papera pensa che l'abbia dimenticato%2C nasconderà il diario dell'amicizia nel bosco.,I don't know whether the frog forgot the duck's birthday%2C but if the duck thinks that he did%2C she will hide the friendship book in the wood.,18,non_factive,dontknowwhether,7,6416,7413,71,3
180376,30,femmina,destrimana/o,italiano,linguistica,Sì,c,A,Il panda non ha spaccato il trenino%2C ma se la papera crede che l'abbia spaccato%2C gli ruberà il quaderno da colorare. ,The panda didn't break the model train%2C but if the duck believes that he did%2C she will steal his coloring book.,21,non_factive,notpif,7,9091,12297,73,4
180376,30,femmina,destrimana/o,italiano,linguistica,Sì,c,A,Il panda non ha forato il gonfiabile%2C ma se la rana si rende conto che l'ha forato%2C lo dirà alla maestra.,The panda didn't make a hole in the bouncy castle%2C but if the frog realizes that he did%2C he will tell the teacher.,15,semi_factive,notpif,1,12901,14032,74,4
180376,30,femmina,destrimana/o,italiano,linguistica,Sì,c,A,Il panda non ha fatto morire le rose%2C ma la papera è arrabbiata che le abbia fatte morire. ,I don't know if the panda made the roses die%2C but the duck is angry that he made them die.,33,true_factive,dontknowwhetherand,4,5742,7276,75,4
180376,30,femmina,destrimana/o,italiano,linguistica,Sì,c,B,La papera non ha smarrito la chiave della cantina%2C ma la rana%2C dopo averla cercata%2C ha erroneamente capito che la papera l'ha smarrita.,The duck did not misplace the house keys%2C but the frog%2C after looking for them%2C mistakenly realized that the duck misplaced them.,42,semi_factive,mistaken,6,46410,47476,79,4
180376,30,femmina,destrimana/o,italiano,linguistica,Sì,c,B,La papera crede erroneamente che la rana abbia dato via il vestito da festa%2C ed è triste che l'abbia dato via. ,The duck mistakenly believes that the frog stole the party dress%2C and he is sad that he stole it.,39,true_factive,mistaken,7,6840,8163,82,4
180376,30,femmina,destrimana/o,italiano,linguistica,Sì,c,B,Il panda crede erroneamente che la rana abbia forzato la porta della cantina%2C ed è arrabbiato che l'abbia forzata. ,The panda mistakenly believes that the frog smashed the cellar door%2C and is angry that he smashed it.,35,true_factive,mistaken,7,8104,8904,83,4
180376,30,femmina,destrimana/o,italiano,linguistica,Sì,c,B,Il panda non ha forzato la serratura%2C ma la papera%2C dopo averla controllata%2C ha erroneamente capito che il panda l'ha forzata.,The panda did not pick the lock%2C but the duck%2C after checking it%2C mistakenly realized that the panda had picked it.,43,semi_factive,mistaken,6,7965,8676,86,4
180376,30,femmina,destrimana/o,italiano,linguistica,Sì,c,B,Il panda non ha cambiato le regole del gioco di ruolo%2C ma la papera%2C dopo averle ripassate%2C si è erroneamente resa conto che il panda le ha cambiate.,The panda did not change the rules of the role-playing game%2C but the duck%2C after reviewing them%2C mistakenly realized that the panda changed them.,46,semi_factive,mistaken,6,7471,9691,87,4
180376,30,femmina,destrimana/o,italiano,linguistica,Sì,c,B,La rana crede erroneamente che la papera abbia dimenticato la torta%2C ed è arrabbiata che l'abbia dimenticata. ,The frog mistakenly believes the duck forgot the cake%2C and is angry that he forgot it.,34,true_factive,mistaken,7,8789,15508,89,4
180376,30,femmina,destrimana/o,italiano,linguistica,Sì,c,B,La rana crede erroneamente che il panda abbia perduto l'album dei ricordi%2C ed è triste che l'abbia perduto. ,The frog mistakenly believes that the panda has lost the scrapbook%2C and he is sad that he has lost it.,38,true_factive,mistaken,7,6490,7418,91,4
180376,30,femmina,destrimana/o,italiano,linguistica,Sì,c,B,La rana non ha copiato le risposte della verifica%2C ma il panda%2C dopo averle viste%2C si è erroneamente reso conto che la rana le ha copiate.,The frog did not copy the answers in the check%2C but the panda%2C after seeing them%2C mistakenly realized that the frog copied them.,47,semi_factive,mistaken,6,9390,10263,93,4
764579,23,femmina,destrimana/o,italiano,Linguistica,No,d,A,La rana non ha strappato il biglietto di auguri%2C ma se il panda pensa che l'abbia strappato%2C si metterà a piangere.,The frog didn't tear up the birthday card%2C but if the panda thinks that he did%2C he will start to cry.,20,non_factive,notpif,7,9206,11458,2,1
764579,23,femmina,destrimana/o,italiano,Linguistica,No,d,A,La papera non ha imbrattato il muro%2C ma se il panda crede che l'abbia imbrattato%2C le nasconderà tutti i pennarelli.,The duck didn't paint the wall%2C but if the panda believes that she did%2C he will hide all of her crayons.,24,non_factive,notpif,7,12717,13561,4,1
764579,23,femmina,destrimana/o,italiano,Linguistica,No,d,A,Non so se il panda abbia bruciato l'album di foto%2C ma se la rana è triste che l'abbia bruciato%2C piangerà a dirotto.,I don't know whether the panda burned the photo album%2C but if the frog is sad that he did%2C he will cry his eyes out.,7,true_factive,dontknowwhether,4,15813,16553,5,1
764579,23,femmina,destrimana/o,italiano,Linguistica,No,d,A,Non so se il panda abbia spaccato il trenino%2C ma se la papera crede che l'abbia spaccato%2C gli ruberà il quaderno da colorare. ,I don't know whether the panda broke the model train%2C but if the duck believes that he did%2C she will steal his coloring book.,21,non_factive,dontknowwhether,4,15510,73816,6,1
764579,23,femmina,destrimana/o,italiano,Linguistica,No,d,A,Il panda non ha letto il diario segreto%2C ma se la rana si rende conto che l'ha letto%2C considererà la loro amicizia rovinata.,The panda didn't read the diary%2C but if the frog realizes that he did%2C he will consider their friendship ruined.,16,semi_factive,notpif,7,10033,11356,11,1
764579,23,femmina,destrimana/o,italiano,Linguistica,No,d,A,La rana non ha squarciato l'orsacchiotto%2C ma se la papera è triste che l'abbia squarciato%2C le disegnerà sulla faccia con l'indelebile.,The frog didn't cut open the teddy bear%2C but if the duck is sad that he did%2C she will draw on his face with sharpie.,6,true_factive,notpif,2,6534,7858,13,1
764579,23,femmina,destrimana/o,italiano,Linguistica,No,d,A,La papera non ha buttato via la cartolina%2C ma se il panda capisce che l'ha buttata via%2C non le parlerà mai più.,The duck didn't throw away the postcard%2C but if the panda understands that she did%2C he will not speak to her anymore.,10,semi_factive,notpif,3,16814,17714,14,1
764579,23,femmina,destrimana/o,italiano,Linguistica,No,d,A,La papera non ha tagliuzzato il poster%2C ma se il panda capisce che l'ha tagliuzzato%2C le verserà del succo nello zaino.,The duck didn't cut the poster%2C but if the panda understands that she did%2C he will pour juice into her backpack.,12,semi_factive,notpif,3,10923,12014,18,1
764579,23,femmina,destrimana/o,italiano,Linguistica,No,d,A,Non so se il panda abbia danneggiato il microfono%2C ma se la rana è arrabbiata che l'abbia danneggiato%2C lo escluderà dalla serata di karaoke. ,I don't know whether the panda damaged the mic%2C but if the frog is angry that he did%2C he will uninvite him from karaoke night.,3,true_factive,dontknowwhether,2,7326,8451,19,1
764579,23,femmina,destrimana/o,italiano,Linguistica,No,d,A,Non so se la papera abbia preso il voto massimo%2C ma se la rana pensa che l'abbia preso%2C sarà gelosa.,I don't know whether the duck got the top grade%2C but if the frog thinks that she did%2C he will be jealous.,17,non_factive,dontknowwhether,7,4139,4990,20,1
764579,23,femmina,destrimana/o,italiano,Linguistica,No,d,A,La rana non ha forzato la porta della cantina%2C ma il panda è arrabbiato che l'abbia forzata. ,I don't know if the frog smashed the cellar door%2C but the panda is angry that he smashed it.,35,true_factive,dontknowwhetherand,1,5341,6431,22,1
764579,23,femmina,destrimana/o,italiano,Linguistica,No,d,A,La papera non ha rotto il vasetto di miele%2C ma se il panda si rende conto che l'ha rotto%2C le terrà il broncio., The duck didn't break the honey jar%2C but if the panda realizes that she did%2C he will pout.,14,semi_factive,notpif,2,5817,6776,23,1
764579,23,femmina,destrimana/o,italiano,Linguistica,No,d,A,Il panda non ha rubato il quaderno da colorare%2C ma se la papera è triste che l'abbia rubato%2C lo manderà via.,The panda didn't steal the coloring book%2C but if the duck is sad that he did%2C she will throw him out.,8,true_factive,notpif,1,7067,8090,24,1
764579,23,femmina,destrimana/o,italiano,Linguistica,No,d,A,Il panda non ha bucato il pallone da calcio%2C ma se la rana è arrabbiata che l'abbia bucato%2C gli verserà del latte sul computer.,The panda didn't puncture the football%2C but if the frog is angry that he did%2C he will pour milk over his laptop.,2,true_factive,notpif,3,11364,14900,26,2
764579,23,femmina,destrimana/o,italiano,Linguistica,No,d,A,Il panda non ha forzato la serratura%2C ma la papera%2C dopo averla controllata%2C ha capito che il panda l'ha forzata.,I don't know if the panda picked the lock%2C but the duck%2C after checking it%2C realized that the panda picked it.,43,semi_factive,dontknowwhetherand,2,7875,8872,30,2
764579,23,femmina,destrimana/o,italiano,Linguistica,No,d,A,La rana non ha mai rovesciato la bottiglia d'olio%2C ma se l'ha rovesciata di nuovo ieri%2C la paperà le farà pulire tutta la cucina.,The frog has never knocked over the oil bottle%2C but if she knocked it over again yesterday%2C the duck will make her clean the entire kitchen.,32,again,notpif,1,6254,7283,32,2
764579,23,femmina,destrimana/o,italiano,Linguistica,No,d,A,La rana non ha rovinato il puzzle%2C ma se il panda è arrabbiato che l'abbia rovinato%2C le butterà le scarpe fuori dalla finestra.,The frog didn't ruin the puzzle%2C but if the panda is angry that he did%2C he will throw his shoes out of the window.,4,true_factive,notpif,1,7206,8647,35,2
764579,23,femmina,destrimana/o,italiano,Linguistica,No,d,A,Il panda non ha calpestato le margherite%2C ma se la rana crede che le abbia calpestate%2C preparerà dei gavettoni per punirlo.,The panda didn't trample the daisies%2C but if the frog believes that he did%2C he will prepare water balloons to punish him.,22,non_factive,notpif,7,11586,13256,36,2
764579,23,femmina,destrimana/o,italiano,Linguistica,No,d,A,Non so se la papera abbia distrutto il castello di sabbia%2C ma se il panda è triste che l'abbia distrutto%2C piangerà per tutto il giorno.,I don't know whether the duck destroyed the sand castle%2C but if the panda is sad that she did%2C he will cry all day.,5,true_factive,dontknowwhether,1,11829,12850,37,2
764579,23,femmina,destrimana/o,italiano,Linguistica,No,d,A,Non so se il panda abbia forato il gonfiabile%2C ma se la rana si rende conto che l'ha forato%2C lo dirà alla maestra.,I don't know whether the panda made a hole in the bouncy castle%2C but if the frog realizes that he did%2C he will tell the teacher.,15,semi_factive,dontknowwhether,6,20442,21326,38,2
764579,23,femmina,destrimana/o,italiano,Linguistica,No,d,A,La rana non ha dimenticato il compleanno della papera%2C ma se la papera pensa che l'abbia dimenticato%2C nasconderà il diario dell'amicizia nel bosco.,The frog didn't forget the duck's birthday%2C but if the duck thinks that he did%2C she will hide the friendship book in the wood.,18,non_factive,notpif,7,14219,15297,43,2
764579,23,femmina,destrimana/o,italiano,Linguistica,No,d,A,Non so se la papera abbia perso l'aquilone%2C ma se il panda è arrabbiato che l'abbia perso%2C le getterà gli occhiali da sole in mare.,I don't know whether the duck lost the kite%2C but if the panda is angry that she did%2C he will hurl her sunglasses in the sea.,1,true_factive,dontknowwhether,1,6564,7436,44,2
764579,23,femmina,destrimana/o,italiano,Linguistica,No,d,A,Non so se il panda abbia piegato le lancette dell'orologio%2C ma se la rana si rende conto che le ha piegate%2C gli urlerà contro.,I don't know whether the panda bent the hands of the clock%2C but if the frog realizes that he did%2C he will shout at him.,13,semi_factive,dontknowwhether,5,13697,14238,45,2
764579,23,femmina,destrimana/o,italiano,Linguistica,No,d,A,Non so se la rana abbia truccato il mazzo di carte%2C ma se il panda capisce che l'ha truccato%2C la escluderà dal prossimo pigiama party. ,I don't know whether the frog manipulated the deck%2C but if the panda understands that she did%2C he will uninvite him from the next sleepover.,9,semi_factive,dontknowwhether,5,4279,4923,46,2
764579,23,femmina,destrimana/o,italiano,Linguistica,No,d,A,Non so se la rana abbia nascosto i pennarelli%2C ma se la papera capisce che li ha nascosti%2C le sotterrerà le figurine in giardino.,I don't know whether the frog hid the crayons%2C but if the duck understands that he did%2C she bury his favorite figurines in the yard.,11,semi_factive,dontknowwhether,5,14146,16889,47,2
764579,23,femmina,destrimana/o,italiano,Linguistica,No,d,A,Non so se la rana abbia finito la limonata%2C ma se la papera crede che l'abbia finita%2C andrà a comprare dei limoni.,I don't know whether the frog finished the lemonade%2C but if the duck believes that he did%2C she will go buy lemons.,23,non_factive,dontknowwhether,7,6409,9791,48,2
764579,23,femmina,destrimana/o,italiano,Linguistica,No,d,A,La papera non ha smarrito la chiave della cantina%2C ma la rana%2C dopo averla cercata%2C ha capito che la papera l'ha smarrita.,I don't know if the duck misplaced the house keys%2C but the frog%2C after looking for them%2C realized that the duck misplaced them.,42,semi_factive,dontknowwhetherand,1,288459,316081,51,3
764579,23,femmina,destrimana/o,italiano,Linguistica,No,d,A,Il panda non ha rotto nulla%2C ma se ha rotto anche il vaso di porcellana%2C la rana andrà su tutte le furie.,The panda didn't break anything%2C but if he broke the porcelaine vase too%2C the frog will flare up.,28,too,notpif,1,4577,24658,53,3
764579,23,femmina,destrimana/o,italiano,Linguistica,No,d,A,La papera non ha mai bruciato il pane%2C ma se l'ha bruciato di nuovo ieri%2C il panda non farà più colazione con lei.,The duck has never burnt the bread%2C but if she burnt it again yesterday%2C the panda won't have breakfast with her anymore.,30,again,notpif,1,4517,5683,54,3
764579,23,femmina,destrimana/o,italiano,Linguistica,No,d,A,La rana non ha perduto nulla%2C ma se ha perduto anche le chiavi%2C la papera andrà nel panico.,The frog didn't lose anything%2C but if she lost the keys too%2C the duck will panic.,26,too,notpif,1,25465,26452,55,3
764579,23,femmina,destrimana/o,italiano,Linguistica,No,d,A,Il panda non ha perduto l'album dei ricordi%2C ma la rana è triste che l'abbia perduto. ,I don't know if the panda lost the scrapbook%2C but the frog is sad that he lost it.,38,true_factive,dontknowwhetherand,1,13918,15117,58,3
764579,23,femmina,destrimana/o,italiano,Linguistica,No,d,A,La rana non ha dato via il vestito da festa%2C ma la papera è triste che l'abbia dato via. ,I don't know if the frog stole the party dress%2C but the duck is sad that he stole it.,39,true_factive,dontknowwhetherand,1,16945,17931,60,3
764579,23,femmina,destrimana/o,italiano,Linguistica,No,d,A,Il panda non ha cambiato le regole del gioco di ruolo%2C ma la papera%2C dopo averle ripassate%2C si è resa conto che il panda le ha cambiate.,I don't know whether the panda changed the rules of the role-playing game%2C but the duck%2C after reviewing them%2C realized that the panda changed them.,46,semi_factive,dontknowwhetherand,2,17981,18962,62,3
764579,23,femmina,destrimana/o,italiano,Linguistica,No,d,A,Non so se il panda abbia mai offeso la rana%2C ma se l'ha offesa di nuovo ieri%2C la rana lo prenderà in giro davanti a tutti.,I don't know whether the panda has ever offended the frog%2C but if he offended her again yesterday%2C the frog will make fun of him in font of everybody.,31,again,dontknowwhether,7,15444,18535,65,3
764579,23,femmina,destrimana/o,italiano,Linguistica,No,d,A,La rana non ha copiato le risposte della verifica%2C ma il panda%2C dopo averle viste%2C si è reso conto che la rana le ha copiate.,I don't know whether the frog copied the answers in the check%2C but the panda%2C after seeing them%2C realized that the frog copied them.,47,semi_factive,dontknowwhetherand,1,7540,8700,66,3
764579,23,femmina,destrimana/o,italiano,Linguistica,No,d,A,La papera non ha dimenticato la torta%2C ma la rana è arrabbiata che l'abbia dimenticata. ,I don't know if the duck forgot the cake%2C but the frog is angry that he forgot it.,34,true_factive,dontknowwhetherand,1,281847,282704,67,3
764579,23,femmina,destrimana/o,italiano,Linguistica,No,d,A,Non so se la papera abbia sporcato qualcosa%2C ma se ha sporcato anche il tappeto%2C il panda non la inviterà più a casa sua.,I don't know whether the duck dirtied anything%2C but if she dirtied the carpet too%2C the panda won't invite her anymore.,27,too,dontknowwhether,5,7251,8287,69,3
764579,23,femmina,destrimana/o,italiano,Linguistica,No,d,A,Non so se la papera abbia smarrito il bracciale dell'amicizia%2C ma se la rana pensa che l'abbia smarrito%2C sarà molto delusa.,I don't know whether the duck lost the friendship bracelet%2C but if the frog thinks that she did%2C he will be very disappointed.,19,non_factive,dontknowwhether,7,5120,14006,70,3
764579,23,femmina,destrimana/o,italiano,Linguistica,No,d,A,Non so se il panda abbia sottratto qualcosa alla rana%2C ma se le ha sottratto anche il cappello%2C la rana gli strapperà il costume da bagno.,I don't know whether the panda stole anything from the frog%2C but if he stole her hat too%2C the frog will rip his bathing suit.,25,too,dontknowwhether,6,50969,51958,71,3
764579,23,femmina,destrimana/o,italiano,Linguistica,No,d,A,Non so se la rana abbia mai usato il giocattolo della papera%2C ma se l'ha usato di nuovo ieri%2C la papera le getterà tutti i disegni nel fango.,I don't know whether the frog has nver used the duck's toy%2C but if she used it again yesterday%2C the duck will throw all her drawing in the mud.,29,again,dontknowwhether,7,10497,11631,72,3
764579,23,femmina,destrimana/o,italiano,Linguistica,No,d,B,La papera crede erroneamente che il panda abbia fatto morire le rose%2C ed è arrabbiata che le abbia fatte morire. ,The duck mistakenly believes that the panda made the roses die%2C and is angry that he made them die.,33,true_factive,mistaken,7,7599,9168,76,4
764579,23,femmina,destrimana/o,italiano,Linguistica,No,d,B,La papera non ha potato la siepe%2C ma la rana%2C dopo averla innaffiata%2C si è erroneamente resa conto che la papera l'ha potata.,The duck did not prune the hedge%2C but the frog%2C after watering it%2C mistakenly realized that the duck pruned it.,48,semi_factive,mistaken,1,6877,7665,83,4
764579,23,femmina,destrimana/o,italiano,Linguistica,No,d,B,Il panda crede erroneamente che la papera abbia gettato via le bambole di pezza%2C ed è triste che le abbia gettate via. ,The panda mistakenly believes that the duck threw away the rag dolls%2C and is sad that he threw them away.,37,true_factive,mistaken,7,6929,7869,84,4
764579,23,femmina,destrimana/o,italiano,Linguistica,No,d,B,La rana non ha truccato la macchinina telecomandata%2C ma il panda%2C dopo averla usata%2C ha erroneamente capito che la rana l'ha truccata.,The frog did not rig the remote control car%2C but the panda%2C after using it%2C mistakenly realized that the frog rigged it.,44,semi_factive,mistaken,1,5476,6230,87,4
764579,23,femmina,destrimana/o,italiano,Linguistica,No,d,B,La papera non ha modificato la ricetta della torta%2C ma la rana%2C dopo averla riletta%2C si è erroneamente resa conto che la papera l'ha modificata.,The duck did not change the cake recipe%2C but the frog%2C after re-reading it%2C mistakenly realized that the duck changed it.,45,semi_factive,mistaken,1,4052,5231,89,4
764579,23,femmina,destrimana/o,italiano,Linguistica,No,d,B,Il panda crede erroneamente che la papera abbia mollato il corso di nuoto%2C ed è triste che l'abbia mollato. ,The panda mistakenly believes that the duck dropped out of swimming class%2C and he is sad that he dropped out.,40,true_factive,mistaken,7,3804,4633,90,4
764579,23,femmina,destrimana/o,italiano,Linguistica,No,d,B,La rana non ha spaccato le automobiline%2C ma il panda%2C dopo averle esaminate%2C ha erroneamente capito che la rana le ha spaccate.,The frog did not break the toy train%2C but the panda%2C after examining it%2C mistakenly realizes that the frog broke it.,41,semi_factive,mistaken,1,4989,5681,91,4
764579,23,femmina,destrimana/o,italiano,Linguistica,No,d,B,La papera crede erroneamente che la rana abbia strisciato la finestra in soffitta%2C ed è arrabbiata che l'abbia strisciata. ,The duck mistakenly believes the frog crawled through the attic window%2C and is angry that he crawled through it.,36,true_factive,mistaken,7,5177,5979,93,4
660554,23,femmina,destrimana/o,italiano,Linguistica,Sì,e,A,La papera non ha sporcato nulla%2C ma se ha sporcato anche il tappeto%2C il panda non la inviterà più a casa sua.,The duck didn't dirty anything%2C but if she dirtied the carpet too%2C the panda won't invite her anymore.,27,too,notpif,5,14109,16042,5,1
660554,23,femmina,destrimana/o,italiano,Linguistica,Sì,e,A,Il panda non ha forato il gonfiabile%2C ma se la rana si rende conto che l'ha forato%2C lo dirà alla maestra.,The panda didn't make a hole in the bouncy castle%2C but if the frog realizes that he did%2C he will tell the teacher.,15,semi_factive,notpif,4,6977,8590,6,1
660554,23,femmina,destrimana/o,italiano,Linguistica,Sì,e,A,Non so se la rana abbia rovinato il puzzle%2C ma se il panda è arrabbiato che l'abbia rovinato%2C le butterà le scarpe fuori dalla finestra.,I don't know whether the frog ruined the puzzle%2C but if the panda is angry that he did%2C he will throw his shoes out of the window.,4,true_factive,dontknowwhether,1,15808,16840,7,1
660554,23,femmina,destrimana/o,italiano,Linguistica,Sì,e,A,La papera non ha smarrito il bracciale dell'amicizia%2C ma se la rana pensa che l'abbia smarrito%2C sarà molto delusa.,The duck didn't lose the friendship bracelet%2C but if the frog thinks that she did%2C he will be very disappointed.,19,non_factive,notpif,7,25792,26725,12,1
660554,23,femmina,destrimana/o,italiano,Linguistica,Sì,e,A,Non so se la rana abbia perduto qualcosa%2C ma se ha perduto anche le chiavi%2C la papera andrà nel panico.,I don't know whether the frog lost anything%2C but if she lost the keys too%2C the duck will panic.,26,too,dontknowwhether,7,5212,5861,16,1
660554,23,femmina,destrimana/o,italiano,Linguistica,Sì,e,A,Non so se il panda abbia calpestato le margherite%2C ma se la rana crede che le abbia calpestate%2C preparerà dei gavettoni per punirlo.,I don't know whether the panda trampled the daisies%2C but if the frog believes that he did%2C he will prepare water balloons to punish him.,22,non_factive,dontknowwhether,7,8010,8991,17,1
660554,23,femmina,destrimana/o,italiano,Linguistica,Sì,e,A,Non so se la rana abbia mai rovesciato la bottiglia d'olio%2C ma se l'ha rovesciata di nuovo ieri%2C la paperà le farà pulire tutta la cucina.,I don't know whether the frog has ever knocked over the oil bottle%2C but if she knocked it over again yesterday%2C the duck will make her clean the entire kitchen.,32,again,dontknowwhether,6,115843,116558,18,1
660554,23,femmina,destrimana/o,italiano,Linguistica,Sì,e,A,La papera non ha potato la siepe%2C ma la rana%2C dopo averla innaffiata%2C si è resa conto che la papera l'ha potata.,I don't know whether the duck pruned the hedge%2C but the frog%2C after watering it%2C realized that the duck pruned it.,48,semi_factive,dontknowwhetherand,6,12477,15277,19,1
660554,23,femmina,destrimana/o,italiano,Linguistica,Sì,e,A,Il panda non ha bruciato l'album di foto%2C ma se la rana è triste che l'abbia bruciato%2C piangerà a dirotto.,The panda didn't burn the photo album%2C but if the frog is sad that he did%2C he will cry his eyes out.,7,true_factive,notpif,1,14076,14909,23,1
660554,23,femmina,destrimana/o,italiano,Linguistica,Sì,e,A,Non so se la rana abbia dimenticato il compleanno della papera%2C ma se la papera pensa che l'abbia dimenticato%2C nasconderà il diario dell'amicizia nel bosco.,I don't know whether the frog forgot the duck's birthday%2C but if the duck thinks that he did%2C she will hide the friendship book in the wood.,18,non_factive,dontknowwhether,1,16825,17458,24,1
660554,23,femmina,destrimana/o,italiano,Linguistica,Sì,e,A,Non so se la rana abbia strappato il biglietto di auguri%2C ma se il panda pensa che l'abbia strappato%2C si metterà a piangere.,I don't know whether the frog tore up the birthday card%2C but if the panda thinks that he did%2C he will start to cry.,20,non_factive,dontknowwhether,7,15259,15940,26,2
660554,23,femmina,destrimana/o,italiano,Linguistica,Sì,e,A,La rana non ha spaccato le automobiline%2C ma il panda%2C dopo averle esaminate%2C ha capito che la rana le ha spaccate.,I don't know if the frog broke the toy train%2C but the panda%2C after examining it%2C realized that the frog broke it.,41,semi_factive,dontknowwhetherand,4,23028,25778,29,2
660554,23,femmina,destrimana/o,italiano,Linguistica,Sì,e,A,La rana non ha finito la limonata%2C ma se la papera crede che l'abbia finita%2C andrà a comprare dei limoni.,The frog didn't finish the lemonade%2C but if the duck believes that he did%2C she will go buy lemons.,23,non_factive,notpif,5,11893,12492,30,2
660554,23,femmina,destrimana/o,italiano,Linguistica,Sì,e,A,Il panda non ha spaccato il trenino%2C ma se la papera crede che l'abbia spaccato%2C gli ruberà il quaderno da colorare. ,The panda didn't break the model train%2C but if the duck believes that he did%2C she will steal his coloring book.,21,non_factive,notpif,5,8895,9809,31,2
660554,23,femmina,destrimana/o,italiano,Linguistica,Sì,e,A,La rana non ha strisciato la finestra in soffitta%2C ma la papera è arrabbiata che l'abbia strisciata. ,I don't know if the frog crawled the attic window%2C but the duck is angry that he crawled it.,36,true_factive,dontknowwhetherand,1,26760,27675,32,2
660554,23,femmina,destrimana/o,italiano,Linguistica,Sì,e,A,La papera non ha distrutto il castello di sabbia%2C ma se il panda è triste che l'abbia distrutto%2C piangerà per tutto il giorno.,The duck didn't destroy the sand castle%2C but if the panda is sad that she did%2C he will cry all day.,5,true_factive,notpif,1,52826,53476,33,2
660554,23,femmina,destrimana/o,italiano,Linguistica,Sì,e,A,Non so se la papera abbia tagliuzzato il poster%2C ma se il panda capisce che l'ha tagliuzzato%2C le verserà del succo nello zaino.,I don't know whether the duck cut the poster%2C but if the panda understands that she did%2C he will pour juice into her backpack.,12,semi_factive,dontknowwhether,7,17493,20509,35,2
660554,23,femmina,destrimana/o,italiano,Linguistica,Sì,e,A,La papera non ha gettato via le bambole di pezza%2C ma il panda è triste che le abbia gettate via. ,I don't know if the duck threw away the rag dolls%2C but the panda is sad that he threw them away.,37,true_factive,dontknowwhetherand,4,15127,15726,38,2
660554,23,femmina,destrimana/o,italiano,Linguistica,Sì,e,A,Non so se la papera abbia imbrattato il muro%2C ma se il panda crede che l'abbia imbrattato%2C le nasconderà tutti i pennarelli.,I don't know whether the duck painted the wall%2C but if the panda believes that she did%2C he will hide all of her crayons.,24,non_factive,dontknowwhether,7,21947,22742,40,2
660554,23,femmina,destrimana/o,italiano,Linguistica,Sì,e,A,Non so se la papera abbia mai bruciato il pane%2C ma se l'ha bruciato di nuovo ieri%2C il panda non farà più colazione con lei.,I don't know whether the duck has ever burnt the bread%2C but if she burnt it again yesterday%2C the panda won't have breakfast with her anymore.,30,again,dontknowwhether,5,25110,25810,43,2
660554,23,femmina,destrimana/o,italiano,Linguistica,Sì,e,A,Non so se la rana abbia squarciato l'orsacchiotto%2C ma se la papera è triste che l'abbia squarciato%2C le disegnerà sulla faccia con l'indelebile.,I don't know whether the frog cut open the teddy bear%2C but if the duck is sad that he did%2C she will draw on his face with sharpie.,6,true_factive,dontknowwhether,5,64868,65645,45,2
660554,23,femmina,destrimana/o,italiano,Linguistica,Sì,e,A,Non so se il panda abbia bucato il pallone da calcio%2C ma se la rana è arrabbiata che l'abbia bucato%2C gli verserà del latte sul computer.,I don't know whether the panda punctured the football%2C but if the frog is angry that he did%2C he will pour milk over his laptop.,2,true_factive,dontknowwhether,5,15746,16341,48,2
660554,23,femmina,destrimana/o,italiano,Linguistica,Sì,e,A,Non so se il panda abbia rubato il quaderno da colorare%2C ma se la papera è triste che l'abbia rubato%2C lo manderà via.,I don't know whether the panda stole the coloring book%2C but if the duck is sad that he did%2C she will throw him out.,8,true_factive,dontknowwhether,5,29637,30170,49,3
660554,23,femmina,destrimana/o,italiano,Linguistica,Sì,e,A,Il panda non ha piegato le lancette dell'orologio%2C ma se la rana si rende conto che le ha piegate%2C gli urlerà contro.,The panda didn't bend the hands of the clock%2C but if the frog realizes that he did%2C he will shout at him.,13,semi_factive,notpif,5,9363,10040,52,3
660554,23,femmina,destrimana/o,italiano,Linguistica,Sì,e,A,Non so se la papera abbia rotto il vasetto di miele%2C ma se il panda si rende conto che l'ha rotto%2C le terrà il broncio.,I don't know whether the duck broke the honey jar%2C but if the panda realizes that she did%2C he will pout.,14,semi_factive,dontknowwhether,7,30860,31475,54,3
660554,23,femmina,destrimana/o,italiano,Linguistica,Sì,e,A,La papera non ha modificato la ricetta della torta%2C ma la rana%2C dopo averla riletta%2C si è resa conto che la papera l'ha modificata.,I don't know whether the duck changed the cake recipe%2C but the frog%2C after re-reading it%2C realized that the duck changed it.,45,semi_factive,dontknowwhetherand,5,17892,18758,55,3
660554,23,femmina,destrimana/o,italiano,Linguistica,Sì,e,A,La papera non ha preso il voto massimo%2C ma se la rana pensa che l'abbia preso%2C sarà gelosa.,The duck didn't get the top grade%2C but if the frog thinks that she did%2C he will be jealous.,17,non_factive,notpif,2,16548,17725,56,3
660554,23,femmina,destrimana/o,italiano,Linguistica,Sì,e,A,Non so se il panda abbia rotto qualcosa%2C ma se ha rotto anche il vaso di porcellana%2C la rana andrà su tutte le furie.,I don't know whether the panda broke anything%2C but if he broke the porcelaine vase too%2C the frog will flare up.,28,too,dontknowwhether,7,55892,56770,57,3
660554,23,femmina,destrimana/o,italiano,Linguistica,Sì,e,A,Il panda non ha mai offeso la rana%2C ma se l'ha offesa di nuovo ieri%2C la rana lo prenderà in giro davanti a tutti.,The panda has never offended the frog%2C but if he offended her again yesterday%2C the frog will make fun of him in font of everybody.,31,again,notpif,4,13053,13619,58,3
660554,23,femmina,destrimana/o,italiano,Linguistica,Sì,e,A,Non so se il panda abbia letto il diario segreto%2C ma se la rana si rende conto che l'ha letto%2C considererà la loro amicizia rovinata.,I don't know whether the panda read the diary%2C but if the frog realizes that he did%2C he will consider their friendship ruined.,16,semi_factive,dontknowwhether,7,11794,15393,59,3
660554,23,femmina,destrimana/o,italiano,Linguistica,Sì,e,A,La rana non ha truccato il mazzo di carte%2C ma se il panda capisce che l'ha truccato%2C la escluderà dal prossimo pigiama party. ,The frog didn't manipulate the deck%2C but if the panda understands that she did%2C he will uninvite him from the next sleepover.,9,semi_factive,notpif,3,5439,6036,62,3
660554,23,femmina,destrimana/o,italiano,Linguistica,Sì,e,A,La rana non ha nascosto i pennarelli%2C ma se la papera capisce che li ha nascosti%2C le sotterrerà le figurine in giardino.,The frog didn't hide the crayons%2C but if the duck understands that he did%2C she bury his favorite figurines in the yard.,11,semi_factive,notpif,2,14130,15344,63,3
660554,23,femmina,destrimana/o,italiano,Linguistica,Sì,e,A,La papera non ha perso l'aquilone%2C ma se il panda è arrabbiato che l'abbia perso%2C le getterà gli occhiali da sole in mare.,The duck didn't lose the kite%2C but if the panda is angry that she did%2C he will hurl her sunglasses in the sea.,1,true_factive,notpif,5,16260,16760,64,3
660554,23,femmina,destrimana/o,italiano,Linguistica,Sì,e,A,La rana non ha mai usato il giocattolo della papera%2C ma se l'ha usato di nuovo ieri%2C la papera le getterà tutti i disegni nel fango.,The frog has never used the duck's toy%2C but if she used it again yesterday%2C the duck will throw all her drawing in the mud.,29,again,notpif,2,12126,13159,65,3
660554,23,femmina,destrimana/o,italiano,Linguistica,Sì,e,A,La papera non ha mollato il corso di nuoto%2C ma il panda è triste che l'abbia mollato. ,I don't know if the duck quit swimming class%2C but the panda is sad that he quit it.,40,true_factive,dontknowwhetherand,3,7692,8427,66,3
660554,23,femmina,destrimana/o,italiano,Linguistica,Sì,e,A,Non so se la papera abbia buttato via la cartolina%2C ma se il panda capisce che l'ha buttata via%2C non le parlerà mai più.,I don't know whether the duck threw away the postcard%2C but if the panda understands that she did%2C he will not speak to her anymore.,10,semi_factive,dontknowwhether,7,3759,4526,68,3
660554,23,femmina,destrimana/o,italiano,Linguistica,Sì,e,A,La rana non ha truccato la macchinina telecomandata%2C ma il panda%2C dopo averla usata%2C ha capito che la rana l'ha truccata.,I don't know whether the frog rigged the remote control car%2C but the panda%2C after using it%2C realized that the frog rigged it.,44,semi_factive,dontknowwhetherand,2,73696,75224,70,3
660554,23,femmina,destrimana/o,italiano,Linguistica,Sì,e,A,Il panda non ha sottratto nulla alla rana%2C ma se le ha sottratto anche il cappello%2C la rana gli strapperà il costume da bagno.,The panda didn't steal anything from the frog%2C but if he stole her hat too%2C the frog will rip his bathing suit.,25,too,notpif,2,12749,13576,73,4
660554,23,femmina,destrimana/o,italiano,Linguistica,Sì,e,A,Il panda non ha fatto morire le rose%2C ma la papera è arrabbiata che le abbia fatte morire. ,I don't know if the panda made the roses die%2C but the duck is angry that he made them die.,33,true_factive,dontknowwhetherand,7,5605,6319,74,4
660554,23,femmina,destrimana/o,italiano,Linguistica,Sì,e,A,Il panda non ha danneggiato il microfono%2C ma se la rana è arrabbiata che l'abbia danneggiato%2C lo escluderà dalla serata di karaoke. ,The panda didn't damage the mic%2C but if the frog is angry that he did%2C he will uninvite him from karaoke night.,3,true_factive,notpif,6,5644,6458,75,4
660554,23,femmina,destrimana/o,italiano,Linguistica,Sì,e,B,Il panda non ha cambiato le regole del gioco di ruolo%2C ma la papera%2C dopo averle ripassate%2C si è erroneamente resa conto che il panda le ha cambiate.,The panda did not change the rules of the role-playing game%2C but the duck%2C after reviewing them%2C mistakenly realized that the panda changed them.,46,semi_factive,mistaken,3,7458,8423,78,4
660554,23,femmina,destrimana/o,italiano,Linguistica,Sì,e,B,La papera crede erroneamente che la rana abbia dato via il vestito da festa%2C ed è triste che l'abbia dato via. ,The duck mistakenly believes that the frog stole the party dress%2C and he is sad that he stole it.,39,true_factive,mistaken,4,12143,12642,83,4
660554,23,femmina,destrimana/o,italiano,Linguistica,Sì,e,B,La rana non ha copiato le risposte della verifica%2C ma il panda%2C dopo averle viste%2C si è erroneamente reso conto che la rana le ha copiate.,The frog did not copy the answers in the check%2C but the panda%2C after seeing them%2C mistakenly realized that the frog copied them.,47,semi_factive,mistaken,4,5649,6342,84,4
660554,23,femmina,destrimana/o,italiano,Linguistica,Sì,e,B,La papera non ha smarrito la chiave della cantina%2C ma la rana%2C dopo averla cercata%2C ha erroneamente capito che la papera l'ha smarrita.,The duck did not misplace the house keys%2C but the frog%2C after looking for them%2C mistakenly realized that the duck misplaced them.,42,semi_factive,mistaken,4,51354,52085,85,4
660554,23,femmina,destrimana/o,italiano,Linguistica,Sì,e,B,La rana crede erroneamente che il panda abbia perduto l'album dei ricordi%2C ed è triste che l'abbia perduto. ,The frog mistakenly believes that the panda has lost the scrapbook%2C and he is sad that he has lost it.,38,true_factive,mistaken,5,22614,23491,86,4
660554,23,femmina,destrimana/o,italiano,Linguistica,Sì,e,B,La rana crede erroneamente che la papera abbia dimenticato la torta%2C ed è arrabbiata che l'abbia dimenticata. ,The frog mistakenly believes the duck forgot the cake%2C and is angry that he forgot it.,34,true_factive,mistaken,6,47060,47875,89,4
660554,23,femmina,destrimana/o,italiano,Linguistica,Sì,e,B,Il panda crede erroneamente che la rana abbia forzato la porta della cantina%2C ed è arrabbiato che l'abbia forzata. ,The panda mistakenly believes that the frog smashed the cellar door%2C and is angry that he smashed it.,35,true_factive,mistaken,5,3924,4621,90,4
660554,23,femmina,destrimana/o,italiano,Linguistica,Sì,e,B,Il panda non ha forzato la serratura%2C ma la papera%2C dopo averla controllata%2C ha erroneamente capito che il panda l'ha forzata.,The panda did not pick the lock%2C but the duck%2C after checking it%2C mistakenly realized that the panda had picked it.,43,semi_factive,mistaken,7,6475,8074,94,4
791437,24,femmina,destrimana/o,italiano,Linguistica,No,f,A,Non so se il panda abbia sottratto qualcosa alla rana%2C ma se le ha sottratto anche il cappello%2C la rana gli strapperà il costume da bagno.,I don't know whether the panda stole anything from the frog%2C but if he stole her hat too%2C the frog will rip his bathing suit.,25,too,dontknowwhether,3,10773,12188,4,1
791437,24,femmina,destrimana/o,italiano,Linguistica,No,f,A,La papera non ha smarrito la chiave della cantina%2C ma la rana%2C dopo averla cercata%2C ha capito che la papera l'ha smarrita.,I don't know if the duck misplaced the house keys%2C but the frog%2C after looking for them%2C realized that the duck misplaced them.,42,semi_factive,dontknowwhetherand,4,8733,10165,7,1
791437,24,femmina,destrimana/o,italiano,Linguistica,No,f,A,Non so se il panda abbia spaccato il trenino%2C ma se la papera crede che l'abbia spaccato%2C gli ruberà il quaderno da colorare. ,I don't know whether the panda broke the model train%2C but if the duck believes that he did%2C she will steal his coloring book.,21,non_factive,dontknowwhether,7,20099,21133,10,1
791437,24,femmina,destrimana/o,italiano,Linguistica,No,f,A,Non so se il panda abbia bruciato l'album di foto%2C ma se la rana è triste che l'abbia bruciato%2C piangerà a dirotto.,I don't know whether the panda burned the photo album%2C but if the frog is sad that he did%2C he will cry his eyes out.,7,true_factive,dontknowwhether,7,7477,8715,13,1
791437,24,femmina,destrimana/o,italiano,Linguistica,No,f,A,Non so se la papera abbia smarrito il bracciale dell'amicizia%2C ma se la rana pensa che l'abbia smarrito%2C sarà molto delusa.,I don't know whether the duck lost the friendship bracelet%2C but if the frog thinks that she did%2C he will be very disappointed.,19,non_factive,dontknowwhether,7,5676,7135,14,1
791437,24,femmina,destrimana/o,italiano,Linguistica,No,f,A,Il panda non ha calpestato le margherite%2C ma se la rana crede che le abbia calpestate%2C preparerà dei gavettoni per punirlo.,The panda didn't trample the daisies%2C but if the frog believes that he did%2C he will prepare water balloons to punish him.,22,non_factive,notpif,7,5239,6408,16,1
791437,24,femmina,destrimana/o,italiano,Linguistica,No,f,A,La rana non ha dato via il vestito da festa%2C ma la papera è triste che l'abbia dato via. ,I don't know if the frog stole the party dress%2C but the duck is sad that he stole it.,39,true_factive,dontknowwhetherand,1,4668,15578,17,1
791437,24,femmina,destrimana/o,italiano,Linguistica,No,f,A,Non so se la rana abbia nascosto i pennarelli%2C ma se la papera capisce che li ha nascosti%2C le sotterrerà le figurine in giardino.,I don't know whether the frog hid the crayons%2C but if the duck understands that he did%2C she bury his favorite figurines in the yard.,11,semi_factive,dontknowwhether,7,26450,27448,18,1
791437,24,femmina,destrimana/o,italiano,Linguistica,No,f,A,Il panda non ha perduto l'album dei ricordi%2C ma la rana è triste che l'abbia perduto. ,I don't know if the panda lost the scrapbook%2C but the frog is sad that he lost it.,38,true_factive,dontknowwhetherand,1,12273,13399,19,1
791437,24,femmina,destrimana/o,italiano,Linguistica,No,f,A,La papera non ha dimenticato la torta%2C ma la rana è arrabbiata che l'abbia dimenticata. ,I don't know if the duck forgot the cake%2C but the frog is angry that he forgot it.,34,true_factive,dontknowwhetherand,1,4323,5430,20,1
791437,24,femmina,destrimana/o,italiano,Linguistica,No,f,A,La rana non ha dimenticato il compleanno della papera%2C ma se la papera pensa che l'abbia dimenticato%2C nasconderà il diario dell'amicizia nel bosco.,The frog didn't forget the duck's birthday%2C but if the duck thinks that he did%2C she will hide the friendship book in the wood.,18,non_factive,notpif,7,6044,7624,24,1
791437,24,femmina,destrimana/o,italiano,Linguistica,No,f,A,Non so se la papera abbia preso il voto massimo%2C ma se la rana pensa che l'abbia preso%2C sarà gelosa.,I don't know whether the duck got the top grade%2C but if the frog thinks that she did%2C he will be jealous.,17,non_factive,dontknowwhether,7,4583,6830,25,2
791437,24,femmina,destrimana/o,italiano,Linguistica,No,f,A,Non so se la papera abbia perso l'aquilone%2C ma se il panda è arrabbiato che l'abbia perso%2C le getterà gli occhiali da sole in mare.,I don't know whether the duck lost the kite%2C but if the panda is angry that she did%2C he will hurl her sunglasses in the sea.,1,true_factive,dontknowwhether,7,5530,8891,26,2
791437,24,femmina,destrimana/o,italiano,Linguistica,No,f,A,La rana non ha forzato la porta della cantina%2C ma il panda è arrabbiato che l'abbia forzata. ,I don't know if the frog smashed the cellar door%2C but the panda is angry that he smashed it.,35,true_factive,dontknowwhetherand,3,9150,10177,27,2
791437,24,femmina,destrimana/o,italiano,Linguistica,No,f,A,Il panda non ha forzato la serratura%2C ma la papera%2C dopo averla controllata%2C ha capito che il panda l'ha forzata.,I don't know if the panda picked the lock%2C but the duck%2C after checking it%2C realized that the panda picked it.,43,semi_factive,dontknowwhetherand,4,6854,9921,28,2
791437,24,femmina,destrimana/o,italiano,Linguistica,No,f,A,Il panda non ha rotto nulla%2C ma se ha rotto anche il vaso di porcellana%2C la rana andrà su tutte le furie.,The panda didn't break anything%2C but if he broke the porcelaine vase too%2C the frog will flare up.,28,too,notpif,1,7993,9453,29,2
791437,24,femmina,destrimana/o,italiano,Linguistica,No,f,A,La rana non ha mai rovesciato la bottiglia d'olio%2C ma se l'ha rovesciata di nuovo ieri%2C la paperà le farà pulire tutta la cucina.,The frog has never knocked over the oil bottle%2C but if she knocked it over again yesterday%2C the duck will make her clean the entire kitchen.,32,again,notpif,1,4875,5958,30,2
791437,24,femmina,destrimana/o,italiano,Linguistica,No,f,A,La papera non ha rotto il vasetto di miele%2C ma se il panda si rende conto che l'ha rotto%2C le terrà il broncio., The duck didn't break the honey jar%2C but if the panda realizes that she did%2C he will pout.,14,semi_factive,notpif,1,3273,5779,31,2
791437,24,femmina,destrimana/o,italiano,Linguistica,No,f,A,La papera non ha buttato via la cartolina%2C ma se il panda capisce che l'ha buttata via%2C non le parlerà mai più.,The duck didn't throw away the postcard%2C but if the panda understands that she did%2C he will not speak to her anymore.,10,semi_factive,notpif,2,5482,6523,34,2
791437,24,femmina,destrimana/o,italiano,Linguistica,No,f,A,Il panda non ha rubato il quaderno da colorare%2C ma se la papera è triste che l'abbia rubato%2C lo manderà via.,The panda didn't steal the coloring book%2C but if the duck is sad that he did%2C she will throw him out.,8,true_factive,notpif,2,30871,31956,35,2
791437,24,femmina,destrimana/o,italiano,Linguistica,No,f,A,Non so se la papera abbia sporcato qualcosa%2C ma se ha sporcato anche il tappeto%2C il panda non la inviterà più a casa sua.,I don't know whether the duck dirtied anything%2C but if she dirtied the carpet too%2C the panda won't invite her anymore.,27,too,dontknowwhether,2,13205,14214,36,2
791437,24,femmina,destrimana/o,italiano,Linguistica,No,f,A,La papera non ha tagliuzzato il poster%2C ma se il panda capisce che l'ha tagliuzzato%2C le verserà del succo nello zaino.,The duck didn't cut the poster%2C but if the panda understands that she did%2C he will pour juice into her backpack.,12,semi_factive,notpif,2,7061,8546,40,2
791437,24,femmina,destrimana/o,italiano,Linguistica,No,f,A,Non so se il panda abbia piegato le lancette dell'orologio%2C ma se la rana si rende conto che le ha piegate%2C gli urlerà contro.,I don't know whether the panda bent the hands of the clock%2C but if the frog realizes that he did%2C he will shout at him.,13,semi_factive,dontknowwhether,2,5369,6657,42,2
791437,24,femmina,destrimana/o,italiano,Linguistica,No,f,A,La papera non ha mai bruciato il pane%2C ma se l'ha bruciato di nuovo ieri%2C il panda non farà più colazione con lei.,The duck has never burnt the bread%2C but if she burnt it again yesterday%2C the panda won't have breakfast with her anymore.,30,again,notpif,1,4344,5750,47,2
791437,24,femmina,destrimana/o,italiano,Linguistica,No,f,A,Non so se la rana abbia finito la limonata%2C ma se la papera crede che l'abbia finita%2C andrà a comprare dei limoni.,I don't know whether the frog finished the lemonade%2C but if the duck believes that he did%2C she will go buy lemons.,23,non_factive,dontknowwhether,7,10805,16129,48,2
791437,24,femmina,destrimana/o,italiano,Linguistica,No,f,A,Il panda non ha bucato il pallone da calcio%2C ma se la rana è arrabbiata che l'abbia bucato%2C gli verserà del latte sul computer.,The panda didn't puncture the football%2C but if the frog is angry that he did%2C he will pour milk over his laptop.,2,true_factive,notpif,5,5897,7174,49,3
791437,24,femmina,destrimana/o,italiano,Linguistica,No,f,A,Il panda non ha cambiato le regole del gioco di ruolo%2C ma la papera%2C dopo averle ripassate%2C si è resa conto che il panda le ha cambiate.,I don't know whether the panda changed the rules of the role-playing game%2C but the duck%2C after reviewing them%2C realized that the panda changed them.,46,semi_factive,dontknowwhetherand,4,6659,7485,50,3
791437,24,femmina,destrimana/o,italiano,Linguistica,No,f,A,La rana non ha copiato le risposte della verifica%2C ma il panda%2C dopo averle viste%2C si è reso conto che la rana le ha copiate.,I don't know whether the frog copied the answers in the check%2C but the panda%2C after seeing them%2C realized that the frog copied them.,47,semi_factive,dontknowwhetherand,4,10070,10875,52,3
791437,24,femmina,destrimana/o,italiano,Linguistica,No,f,A,Non so se la rana abbia truccato il mazzo di carte%2C ma se il panda capisce che l'ha truccato%2C la escluderà dal prossimo pigiama party. ,I don't know whether the frog manipulated the deck%2C but if the panda understands that she did%2C he will uninvite him from the next sleepover.,9,semi_factive,dontknowwhether,7,7438,8397,54,3
791437,24,femmina,destrimana/o,italiano,Linguistica,No,f,A,Il panda non ha letto il diario segreto%2C ma se la rana si rende conto che l'ha letto%2C considererà la loro amicizia rovinata.,The panda didn't read the diary%2C but if the frog realizes that he did%2C he will consider their friendship ruined.,16,semi_factive,notpif,6,11385,12525,55,3
791437,24,femmina,destrimana/o,italiano,Linguistica,No,f,A,La rana non ha rovinato il puzzle%2C ma se il panda è arrabbiato che l'abbia rovinato%2C le butterà le scarpe fuori dalla finestra.,The frog didn't ruin the puzzle%2C but if the panda is angry that he did%2C he will throw his shoes out of the window.,4,true_factive,notpif,4,23303,24453,58,3
791437,24,femmina,destrimana/o,italiano,Linguistica,No,f,A,Non so se il panda abbia forato il gonfiabile%2C ma se la rana si rende conto che l'ha forato%2C lo dirà alla maestra.,I don't know whether the panda made a hole in the bouncy castle%2C but if the frog realizes that he did%2C he will tell the teacher.,15,semi_factive,dontknowwhether,6,4370,5293,60,3
791437,24,femmina,destrimana/o,italiano,Linguistica,No,f,A,Non so se il panda abbia danneggiato il microfono%2C ma se la rana è arrabbiata che l'abbia danneggiato%2C lo escluderà dalla serata di karaoke. ,I don't know whether the panda damaged the mic%2C but if the frog is angry that he did%2C he will uninvite him from karaoke night.,3,true_factive,dontknowwhether,6,5731,7127,65,3
791437,24,femmina,destrimana/o,italiano,Linguistica,No,f,A,La papera non ha imbrattato il muro%2C ma se il panda crede che l'abbia imbrattato%2C le nasconderà tutti i pennarelli.,The duck didn't paint the wall%2C but if the panda believes that she did%2C he will hide all of her crayons.,24,non_factive,notpif,7,4721,6384,66,3
791437,24,femmina,destrimana/o,italiano,Linguistica,No,f,A,La rana non ha perduto nulla%2C ma se ha perduto anche le chiavi%2C la papera andrà nel panico.,The frog didn't lose anything%2C but if she lost the keys too%2C the duck will panic.,26,too,notpif,1,3387,4780,67,3
791437,24,femmina,destrimana/o,italiano,Linguistica,No,f,A,Non so se la papera abbia distrutto il castello di sabbia%2C ma se il panda è triste che l'abbia distrutto%2C piangerà per tutto il giorno.,I don't know whether the duck destroyed the sand castle%2C but if the panda is sad that she did%2C he will cry all day.,5,true_factive,dontknowwhether,6,5234,6422,68,3
791437,24,femmina,destrimana/o,italiano,Linguistica,No,f,A,Non so se la rana abbia mai usato il giocattolo della papera%2C ma se l'ha usato di nuovo ieri%2C la papera le getterà tutti i disegni nel fango.,I don't know whether the frog has nver used the duck's toy%2C but if she used it again yesterday%2C the duck will throw all her drawing in the mud.,29,again,dontknowwhether,5,7746,8865,70,3
791437,24,femmina,destrimana/o,italiano,Linguistica,No,f,A,La rana non ha squarciato l'orsacchiotto%2C ma se la papera è triste che l'abbia squarciato%2C le disegnerà sulla faccia con l'indelebile.,The frog didn't cut open the teddy bear%2C but if the duck is sad that he did%2C she will draw on his face with sharpie.,6,true_factive,notpif,5,34054,36971,71,3
791437,24,femmina,destrimana/o,italiano,Linguistica,No,f,A,La rana non ha strappato il biglietto di auguri%2C ma se il panda pensa che l'abbia strappato%2C si metterà a piangere.,The frog didn't tear up the birthday card%2C but if the panda thinks that he did%2C he will start to cry.,20,non_factive,notpif,7,4968,6079,72,3
791437,24,femmina,destrimana/o,italiano,Linguistica,No,f,A,Non so se il panda abbia mai offeso la rana%2C ma se l'ha offesa di nuovo ieri%2C la rana lo prenderà in giro davanti a tutti.,I don't know whether the panda has ever offended the frog%2C but if he offended her again yesterday%2C the frog will make fun of him in font of everybody.,31,again,dontknowwhether,3,4910,6324,73,4
791437,24,femmina,destrimana/o,italiano,Linguistica,No,f,B,La papera crede erroneamente che il panda abbia fatto morire le rose%2C ed è arrabbiata che le abbia fatte morire. ,The duck mistakenly believes that the panda made the roses die%2C and is angry that he made them die.,33,true_factive,mistaken,7,19854,21533,76,4
791437,24,femmina,destrimana/o,italiano,Linguistica,No,f,B,La papera non ha potato la siepe%2C ma la rana%2C dopo averla innaffiata%2C si è erroneamente resa conto che la papera l'ha potata.,The duck did not prune the hedge%2C but the frog%2C after watering it%2C mistakenly realized that the duck pruned it.,48,semi_factive,mistaken,6,19404,20590,78,4
791437,24,femmina,destrimana/o,italiano,Linguistica,No,f,B,Il panda crede erroneamente che la papera abbia gettato via le bambole di pezza%2C ed è triste che le abbia gettate via. ,The panda mistakenly believes that the duck threw away the rag dolls%2C and is sad that he threw them away.,37,true_factive,mistaken,7,5187,9417,79,4
791437,24,femmina,destrimana/o,italiano,Linguistica,No,f,B,Il panda crede erroneamente che la papera abbia mollato il corso di nuoto%2C ed è triste che l'abbia mollato. ,The panda mistakenly believes that the duck dropped out of swimming class%2C and he is sad that he dropped out.,40,true_factive,mistaken,7,4503,5798,81,4
791437,24,femmina,destrimana/o,italiano,Linguistica,No,f,B,La rana non ha spaccato le automobiline%2C ma il panda%2C dopo averle esaminate%2C ha erroneamente capito che la rana le ha spaccate.,The frog did not break the toy train%2C but the panda%2C after examining it%2C mistakenly realizes that the frog broke it.,41,semi_factive,mistaken,7,8808,10873,82,4
791437,24,femmina,destrimana/o,italiano,Linguistica,No,f,B,La rana non ha truccato la macchinina telecomandata%2C ma il panda%2C dopo averla usata%2C ha erroneamente capito che la rana l'ha truccata.,The frog did not rig the remote control car%2C but the panda%2C after using it%2C mistakenly realized that the frog rigged it.,44,semi_factive,mistaken,7,4859,6248,89,4
791437,24,femmina,destrimana/o,italiano,Linguistica,No,f,B,La papera non ha modificato la ricetta della torta%2C ma la rana%2C dopo averla riletta%2C si è erroneamente resa conto che la papera l'ha modificata.,The duck did not change the cake recipe%2C but the frog%2C after re-reading it%2C mistakenly realized that the duck changed it.,45,semi_factive,mistaken,7,4137,5375,93,4
791437,24,femmina,destrimana/o,italiano,Linguistica,No,f,B,La papera crede erroneamente che la rana abbia strisciato la finestra in soffitta%2C ed è arrabbiata che l'abbia strisciata. ,The duck mistakenly believes the frog crawled through the attic window%2C and is angry that he crawled through it.,36,true_factive,mistaken,7,6144,7516,94,4
977287,24,maschio,destrimana/o,italiano,Medicina,Sì,a,A,La papera non ha gettato via le bambole di pezza%2C ma il panda è triste che le abbia gettate via. ,I don't know if the duck threw away the rag dolls%2C but the panda is sad that he threw them away.,37,true_factive,dontknowwhetherand,1,8533,9739,1,1
977287,24,maschio,destrimana/o,italiano,Medicina,Sì,a,A,La rana non ha finito la limonata%2C ma se la papera crede che l'abbia finita%2C andrà a comprare dei limoni.,The frog didn't finish the lemonade%2C but if the duck believes that he did%2C she will go buy lemons.,23,non_factive,notpif,2,12849,13823,2,1
977287,24,maschio,destrimana/o,italiano,Medicina,Sì,a,A,Il panda non ha spaccato il trenino%2C ma se la papera crede che l'abbia spaccato%2C gli ruberà il quaderno da colorare. ,The panda didn't break the model train%2C but if the duck believes that he did%2C she will steal his coloring book.,21,non_factive,notpif,7,12095,13029,4,1
977287,24,maschio,destrimana/o,italiano,Medicina,Sì,a,A,Il panda non ha fatto morire le rose%2C ma la papera è arrabbiata che le abbia fatte morire. ,I don't know if the panda made the roses die%2C but the duck is angry that he made them die.,33,true_factive,dontknowwhetherand,6,7925,9928,6,1
977287,24,maschio,destrimana/o,italiano,Medicina,Sì,a,A,Non so se la rana abbia mai rovesciato la bottiglia d'olio%2C ma se l'ha rovesciata di nuovo ieri%2C la paperà le farà pulire tutta la cucina.,I don't know whether the frog has ever knocked over the oil bottle%2C but if she knocked it over again yesterday%2C the duck will make her clean the entire kitchen.,32,again,dontknowwhether,2,16253,17754,7,1
977287,24,maschio,destrimana/o,italiano,Medicina,Sì,a,A,Non so se la papera abbia imbrattato il muro%2C ma se il panda crede che l'abbia imbrattato%2C le nasconderà tutti i pennarelli.,I don't know whether the duck painted the wall%2C but if the panda believes that she did%2C he will hide all of her crayons.,24,non_factive,dontknowwhether,7,5177,6083,8,1
977287,24,maschio,destrimana/o,italiano,Medicina,Sì,a,A,Non so se la rana abbia rovinato il puzzle%2C ma se il panda è arrabbiato che l'abbia rovinato%2C le butterà le scarpe fuori dalla finestra.,I don't know whether the frog ruined the puzzle%2C but if the panda is angry that he did%2C he will throw his shoes out of the window.,4,true_factive,dontknowwhether,7,13585,14488,14,1
977287,24,maschio,destrimana/o,italiano,Medicina,Sì,a,A,Non so se la rana abbia dimenticato il compleanno della papera%2C ma se la papera pensa che l'abbia dimenticato%2C nasconderà il diario dell'amicizia nel bosco.,I don't know whether the frog forgot the duck's birthday%2C but if the duck thinks that he did%2C she will hide the friendship book in the wood.,18,non_factive,dontknowwhether,7,8695,9519,16,1
977287,24,maschio,destrimana/o,italiano,Medicina,Sì,a,A,La papera non ha preso il voto massimo%2C ma se la rana pensa che l'abbia preso%2C sarà gelosa.,The duck didn't get the top grade%2C but if the frog thinks that she did%2C he will be jealous.,17,non_factive,notpif,7,9023,10023,18,1
977287,24,maschio,destrimana/o,italiano,Medicina,Sì,a,A,Non so se la rana abbia perduto qualcosa%2C ma se ha perduto anche le chiavi%2C la papera andrà nel panico.,I don't know whether the frog lost anything%2C but if she lost the keys too%2C the duck will panic.,26,too,dontknowwhether,7,13443,14326,19,1
977287,24,maschio,destrimana/o,italiano,Medicina,Sì,a,A,Non so se la rana abbia strappato il biglietto di auguri%2C ma se il panda pensa che l'abbia strappato%2C si metterà a piangere.,I don't know whether the frog tore up the birthday card%2C but if the panda thinks that he did%2C he will start to cry.,20,non_factive,dontknowwhether,6,7401,8340,24,1
977287,24,maschio,destrimana/o,italiano,Medicina,Sì,a,A,Non so se il panda abbia rubato il quaderno da colorare%2C ma se la papera è triste che l'abbia rubato%2C lo manderà via.,I don't know whether the panda stole the coloring book%2C but if the duck is sad that he did%2C she will throw him out.,8,true_factive,dontknowwhether,4,15330,16388,27,2
977287,24,maschio,destrimana/o,italiano,Medicina,Sì,a,A,Non so se il panda abbia letto il diario segreto%2C ma se la rana si rende conto che l'ha letto%2C considererà la loro amicizia rovinata.,I don't know whether the panda read the diary%2C but if the frog realizes that he did%2C he will consider their friendship ruined.,16,semi_factive,dontknowwhether,7,7854,8697,28,2
977287,24,maschio,destrimana/o,italiano,Medicina,Sì,a,A,Il panda non ha bruciato l'album di foto%2C ma se la rana è triste che l'abbia bruciato%2C piangerà a dirotto.,The panda didn't burn the photo album%2C but if the frog is sad that he did%2C he will cry his eyes out.,7,true_factive,notpif,1,10653,11445,31,2
977287,24,maschio,destrimana/o,italiano,Medicina,Sì,a,A,Il panda non ha forato il gonfiabile%2C ma se la rana si rende conto che l'ha forato%2C lo dirà alla maestra.,The panda didn't make a hole in the bouncy castle%2C but if the frog realizes that he did%2C he will tell the teacher.,15,semi_factive,notpif,1,6818,7929,34,2
977287,24,maschio,destrimana/o,italiano,Medicina,Sì,a,A,Non so se il panda abbia bucato il pallone da calcio%2C ma se la rana è arrabbiata che l'abbia bucato%2C gli verserà del latte sul computer.,I don't know whether the panda punctured the football%2C but if the frog is angry that he did%2C he will pour milk over his laptop.,2,true_factive,dontknowwhether,6,7768,8671,36,2
977287,24,maschio,destrimana/o,italiano,Medicina,Sì,a,A,Non so se il panda abbia rotto qualcosa%2C ma se ha rotto anche il vaso di porcellana%2C la rana andrà su tutte le furie.,I don't know whether the panda broke anything%2C but if he broke the porcelaine vase too%2C the frog will flare up.,28,too,dontknowwhether,6,6023,6848,37,2
977287,24,maschio,destrimana/o,italiano,Medicina,Sì,a,A,La papera non ha sporcato nulla%2C ma se ha sporcato anche il tappeto%2C il panda non la inviterà più a casa sua.,The duck didn't dirty anything%2C but if she dirtied the carpet too%2C the panda won't invite her anymore.,27,too,notpif,1,32473,33384,38,2
977287,24,maschio,destrimana/o,italiano,Medicina,Sì,a,A,Il panda non ha mai offeso la rana%2C ma se l'ha offesa di nuovo ieri%2C la rana lo prenderà in giro davanti a tutti.,The panda has never offended the frog%2C but if he offended her again yesterday%2C the frog will make fun of him in font of everybody.,31,again,notpif,1,4633,5560,39,2
977287,24,maschio,destrimana/o,italiano,Medicina,Sì,a,A,La rana non ha mai usato il giocattolo della papera%2C ma se l'ha usato di nuovo ieri%2C la papera le getterà tutti i disegni nel fango.,The frog has never used the duck's toy%2C but if she used it again yesterday%2C the duck will throw all her drawing in the mud.,29,again,notpif,1,5988,6922,41,2
977287,24,maschio,destrimana/o,italiano,Medicina,Sì,a,A,Il panda non ha piegato le lancette dell'orologio%2C ma se la rana si rende conto che le ha piegate%2C gli urlerà contro.,The panda didn't bend the hands of the clock%2C but if the frog realizes that he did%2C he will shout at him.,13,semi_factive,notpif,1,4804,5986,42,2
977287,24,maschio,destrimana/o,italiano,Medicina,Sì,a,A,Il panda non ha danneggiato il microfono%2C ma se la rana è arrabbiata che l'abbia danneggiato%2C lo escluderà dalla serata di karaoke. ,The panda didn't damage the mic%2C but if the frog is angry that he did%2C he will uninvite him from karaoke night.,3,true_factive,notpif,2,9300,10792,43,2
977287,24,maschio,destrimana/o,italiano,Medicina,Sì,a,A,La rana non ha truccato la macchinina telecomandata%2C ma il panda%2C dopo averla usata%2C ha capito che la rana l'ha truccata.,I don't know whether the frog rigged the remote control car%2C but the panda%2C after using it%2C realized that the frog rigged it.,44,semi_factive,dontknowwhetherand,1,6237,7019,44,2
977287,24,maschio,destrimana/o,italiano,Medicina,Sì,a,A,La rana non ha strisciato la finestra in soffitta%2C ma la papera è arrabbiata che l'abbia strisciata. ,I don't know if the frog crawled the attic window%2C but the duck is angry that he crawled it.,36,true_factive,dontknowwhetherand,1,10480,11650,45,2
977287,24,maschio,destrimana/o,italiano,Medicina,Sì,a,A,Non so se la papera abbia buttato via la cartolina%2C ma se il panda capisce che l'ha buttata via%2C non le parlerà mai più.,I don't know whether the duck threw away the postcard%2C but if the panda understands that she did%2C he will not speak to her anymore.,10,semi_factive,dontknowwhether,7,6946,8218,47,2
977287,24,maschio,destrimana/o,italiano,Medicina,Sì,a,A,La rana non ha nascosto i pennarelli%2C ma se la papera capisce che li ha nascosti%2C le sotterrerà le figurine in giardino.,The frog didn't hide the crayons%2C but if the duck understands that he did%2C she bury his favorite figurines in the yard.,11,semi_factive,notpif,1,5324,6866,49,3
977287,24,maschio,destrimana/o,italiano,Medicina,Sì,a,A,Non so se la papera abbia rotto il vasetto di miele%2C ma se il panda si rende conto che l'ha rotto%2C le terrà il broncio.,I don't know whether the duck broke the honey jar%2C but if the panda realizes that she did%2C he will pout.,14,semi_factive,dontknowwhether,7,5489,7852,50,3
977287,24,maschio,destrimana/o,italiano,Medicina,Sì,a,A,Il panda non ha sottratto nulla alla rana%2C ma se le ha sottratto anche il cappello%2C la rana gli strapperà il costume da bagno.,The panda didn't steal anything from the frog%2C but if he stole her hat too%2C the frog will rip his bathing suit.,25,too,notpif,1,5642,6507,52,3
977287,24,maschio,destrimana/o,italiano,Medicina,Sì,a,A,Non so se la papera abbia mai bruciato il pane%2C ma se l'ha bruciato di nuovo ieri%2C il panda non farà più colazione con lei.,I don't know whether the duck has ever burnt the bread%2C but if she burnt it again yesterday%2C the panda won't have breakfast with her anymore.,30,again,dontknowwhether,7,4662,5536,57,3
977287,24,maschio,destrimana/o,italiano,Medicina,Sì,a,A,La papera non ha modificato la ricetta della torta%2C ma la rana%2C dopo averla riletta%2C si è resa conto che la papera l'ha modificata.,I don't know whether the duck changed the cake recipe%2C but the frog%2C after re-reading it%2C realized that the duck changed it.,45,semi_factive,dontknowwhetherand,1,5946,6897,58,3
977287,24,maschio,destrimana/o,italiano,Medicina,Sì,a,A,La papera non ha smarrito il bracciale dell'amicizia%2C ma se la rana pensa che l'abbia smarrito%2C sarà molto delusa.,The duck didn't lose the friendship bracelet%2C but if the frog thinks that she did%2C he will be very disappointed.,19,non_factive,notpif,7,8182,9048,59,3
977287,24,maschio,destrimana/o,italiano,Medicina,Sì,a,A,La papera non ha distrutto il castello di sabbia%2C ma se il panda è triste che l'abbia distrutto%2C piangerà per tutto il giorno.,The duck didn't destroy the sand castle%2C but if the panda is sad that she did%2C he will cry all day.,5,true_factive,notpif,1,6028,6940,60,3
977287,24,maschio,destrimana/o,italiano,Medicina,Sì,a,A,La papera non ha potato la siepe%2C ma la rana%2C dopo averla innaffiata%2C si è resa conto che la papera l'ha potata.,I don't know whether the duck pruned the hedge%2C but the frog%2C after watering it%2C realized that the duck pruned it.,48,semi_factive,dontknowwhetherand,1,5632,6674,61,3
977287,24,maschio,destrimana/o,italiano,Medicina,Sì,a,A,La papera non ha perso l'aquilone%2C ma se il panda è arrabbiato che l'abbia perso%2C le getterà gli occhiali da sole in mare.,The duck didn't lose the kite%2C but if the panda is angry that she did%2C he will hurl her sunglasses in the sea.,1,true_factive,notpif,2,8109,8870,63,3
977287,24,maschio,destrimana/o,italiano,Medicina,Sì,a,A,Non so se il panda abbia calpestato le margherite%2C ma se la rana crede che le abbia calpestate%2C preparerà dei gavettoni per punirlo.,I don't know whether the panda trampled the daisies%2C but if the frog believes that he did%2C he will prepare water balloons to punish him.,22,non_factive,dontknowwhether,6,14128,15022,65,3
977287,24,maschio,destrimana/o,italiano,Medicina,Sì,a,A,La papera non ha mollato il corso di nuoto%2C ma il panda è triste che l'abbia mollato. ,I don't know if the duck quit swimming class%2C but the panda is sad that he quit it.,40,true_factive,dontknowwhetherand,1,4568,5601,68,3
977287,24,maschio,destrimana/o,italiano,Medicina,Sì,a,A,Non so se la rana abbia squarciato l'orsacchiotto%2C ma se la papera è triste che l'abbia squarciato%2C le disegnerà sulla faccia con l'indelebile.,I don't know whether the frog cut open the teddy bear%2C but if the duck is sad that he did%2C she will draw on his face with sharpie.,6,true_factive,dontknowwhether,7,3925,4748,70,3
977287,24,maschio,destrimana/o,italiano,Medicina,Sì,a,A,La rana non ha truccato il mazzo di carte%2C ma se il panda capisce che l'ha truccato%2C la escluderà dal prossimo pigiama party. ,The frog didn't manipulate the deck%2C but if the panda understands that she did%2C he will uninvite him from the next sleepover.,9,semi_factive,notpif,5,9231,10240,73,4
977287,24,maschio,destrimana/o,italiano,Medicina,Sì,a,A,La rana non ha spaccato le automobiline%2C ma il panda%2C dopo averle esaminate%2C ha capito che la rana le ha spaccate.,I don't know if the frog broke the toy train%2C but the panda%2C after examining it%2C realized that the frog broke it.,41,semi_factive,dontknowwhetherand,1,6241,7063,74,4
977287,24,maschio,destrimana/o,italiano,Medicina,Sì,a,A,Non so se la papera abbia tagliuzzato il poster%2C ma se il panda capisce che l'ha tagliuzzato%2C le verserà del succo nello zaino.,I don't know whether the duck cut the poster%2C but if the panda understands that she did%2C he will pour juice into her backpack.,12,semi_factive,dontknowwhether,7,4730,5505,75,4
977287,24,maschio,destrimana/o,italiano,Medicina,Sì,a,B,Il panda non ha forzato la serratura%2C ma la papera%2C dopo averla controllata%2C ha erroneamente capito che il panda l'ha forzata.,The panda did not pick the lock%2C but the duck%2C after checking it%2C mistakenly realized that the panda had picked it.,43,semi_factive,mistaken,7,6950,8712,81,4
977287,24,maschio,destrimana/o,italiano,Medicina,Sì,a,B,La papera non ha smarrito la chiave della cantina%2C ma la rana%2C dopo averla cercata%2C ha erroneamente capito che la papera l'ha smarrita.,The duck did not misplace the house keys%2C but the frog%2C after looking for them%2C mistakenly realized that the duck misplaced them.,42,semi_factive,mistaken,7,4609,8321,82,4
977287,24,maschio,destrimana/o,italiano,Medicina,Sì,a,B,La rana non ha copiato le risposte della verifica%2C ma il panda%2C dopo averle viste%2C si è erroneamente reso conto che la rana le ha copiate.,The frog did not copy the answers in the check%2C but the panda%2C after seeing them%2C mistakenly realized that the frog copied them.,47,semi_factive,mistaken,7,5294,6156,84,4
977287,24,maschio,destrimana/o,italiano,Medicina,Sì,a,B,La rana crede erroneamente che la papera abbia dimenticato la torta%2C ed è arrabbiata che l'abbia dimenticata. ,The frog mistakenly believes the duck forgot the cake%2C and is angry that he forgot it.,34,true_factive,mistaken,7,13865,15377,86,4
977287,24,maschio,destrimana/o,italiano,Medicina,Sì,a,B,La rana crede erroneamente che il panda abbia perduto l'album dei ricordi%2C ed è triste che l'abbia perduto. ,The frog mistakenly believes that the panda has lost the scrapbook%2C and he is sad that he has lost it.,38,true_factive,mistaken,7,8853,9770,87,4
977287,24,maschio,destrimana/o,italiano,Medicina,Sì,a,B,Il panda crede erroneamente che la rana abbia forzato la porta della cantina%2C ed è arrabbiato che l'abbia forzata. ,The panda mistakenly believes that the frog smashed the cellar door%2C and is angry that he smashed it.,35,true_factive,mistaken,1,30430,34641,88,4
977287,24,maschio,destrimana/o,italiano,Medicina,Sì,a,B,La papera crede erroneamente che la rana abbia dato via il vestito da festa%2C ed è triste che l'abbia dato via. ,The duck mistakenly believes that the frog stole the party dress%2C and he is sad that he stole it.,39,true_factive,mistaken,1,4013,5179,92,4
977287,24,maschio,destrimana/o,italiano,Medicina,Sì,a,B,Il panda non ha cambiato le regole del gioco di ruolo%2C ma la papera%2C dopo averle ripassate%2C si è erroneamente resa conto che il panda le ha cambiate.,The panda did not change the rules of the role-playing game%2C but the duck%2C after reviewing them%2C mistakenly realized that the panda changed them.,46,semi_factive,mistaken,7,22470,23196,94,4
398654,24,femmina,destrimana/o,italiano,linguistica,Sì,a,A,La papera non ha perso l'aquilone%2C ma se il panda è arrabbiato che l'abbia perso%2C le getterà gli occhiali da sole in mare.,The duck didn't lose the kite%2C but if the panda is angry that she did%2C he will hurl her sunglasses in the sea.,1,true_factive,notpif,4,20240,21723,1,1
398654,24,femmina,destrimana/o,italiano,linguistica,Sì,a,A,Non so se la papera abbia tagliuzzato il poster%2C ma se il panda capisce che l'ha tagliuzzato%2C le verserà del succo nello zaino.,I don't know whether the duck cut the poster%2C but if the panda understands that she did%2C he will pour juice into her backpack.,12,semi_factive,dontknowwhether,7,7518,8743,5,1
398654,24,femmina,destrimana/o,italiano,linguistica,Sì,a,A,Non so se la rana abbia squarciato l'orsacchiotto%2C ma se la papera è triste che l'abbia squarciato%2C le disegnerà sulla faccia con l'indelebile.,I don't know whether the frog cut open the teddy bear%2C but if the duck is sad that he did%2C she will draw on his face with sharpie.,6,true_factive,dontknowwhether,4,11562,12831,11,1
398654,24,femmina,destrimana/o,italiano,linguistica,Sì,a,A,Il panda non ha fatto morire le rose%2C ma la papera è arrabbiata che le abbia fatte morire. ,I don't know if the panda made the roses die%2C but the duck is angry that he made them die.,33,true_factive,dontknowwhetherand,1,18864,20154,13,1
398654,24,femmina,destrimana/o,italiano,linguistica,Sì,a,A,La rana non ha truccato la macchinina telecomandata%2C ma il panda%2C dopo averla usata%2C ha capito che la rana l'ha truccata.,I don't know whether the frog rigged the remote control car%2C but the panda%2C after using it%2C realized that the frog rigged it.,44,semi_factive,dontknowwhetherand,2,12842,14021,14,1
398654,24,femmina,destrimana/o,italiano,linguistica,Sì,a,A,Non so se la rana abbia mai rovesciato la bottiglia d'olio%2C ma se l'ha rovesciata di nuovo ieri%2C la paperà le farà pulire tutta la cucina.,I don't know whether the frog has ever knocked over the oil bottle%2C but if she knocked it over again yesterday%2C the duck will make her clean the entire kitchen.,32,again,dontknowwhether,7,5732,6862,18,1
398654,24,femmina,destrimana/o,italiano,linguistica,Sì,a,A,Il panda non ha forato il gonfiabile%2C ma se la rana si rende conto che l'ha forato%2C lo dirà alla maestra.,The panda didn't make a hole in the bouncy castle%2C but if the frog realizes that he did%2C he will tell the teacher.,15,semi_factive,notpif,3,8140,10609,19,1
398654,24,femmina,destrimana/o,italiano,linguistica,Sì,a,A,Il panda non ha piegato le lancette dell'orologio%2C ma se la rana si rende conto che le ha piegate%2C gli urlerà contro.,The panda didn't bend the hands of the clock%2C but if the frog realizes that he did%2C he will shout at him.,13,semi_factive,notpif,3,6190,7576,21,1
398654,24,femmina,destrimana/o,italiano,linguistica,Sì,a,A,Non so se il panda abbia calpestato le margherite%2C ma se la rana crede che le abbia calpestate%2C preparerà dei gavettoni per punirlo.,I don't know whether the panda trampled the daisies%2C but if the frog believes that he did%2C he will prepare water balloons to punish him.,22,non_factive,dontknowwhether,3,10292,11443,22,1
398654,24,femmina,destrimana/o,italiano,linguistica,Sì,a,A,Non so se la papera abbia mai bruciato il pane%2C ma se l'ha bruciato di nuovo ieri%2C il panda non farà più colazione con lei.,I don't know whether the duck has ever burnt the bread%2C but if she burnt it again yesterday%2C the panda won't have breakfast with her anymore.,30,again,dontknowwhether,7,16607,17913,24,1
398654,24,femmina,destrimana/o,italiano,linguistica,Sì,a,A,Il panda non ha sottratto nulla alla rana%2C ma se le ha sottratto anche il cappello%2C la rana gli strapperà il costume da bagno.,The panda didn't steal anything from the frog%2C but if he stole her hat too%2C the frog will rip his bathing suit.,25,too,notpif,1,9588,10875,25,2
398654,24,femmina,destrimana/o,italiano,linguistica,Sì,a,A,Il panda non ha danneggiato il microfono%2C ma se la rana è arrabbiata che l'abbia danneggiato%2C lo escluderà dalla serata di karaoke. ,The panda didn't damage the mic%2C but if the frog is angry that he did%2C he will uninvite him from karaoke night.,3,true_factive,notpif,4,6433,7627,26,2
398654,24,femmina,destrimana/o,italiano,linguistica,Sì,a,A,Il panda non ha bruciato l'album di foto%2C ma se la rana è triste che l'abbia bruciato%2C piangerà a dirotto.,The panda didn't burn the photo album%2C but if the frog is sad that he did%2C he will cry his eyes out.,7,true_factive,notpif,4,4372,5913,27,2
398654,24,femmina,destrimana/o,italiano,linguistica,Sì,a,A,La papera non ha modificato la ricetta della torta%2C ma la rana%2C dopo averla riletta%2C si è resa conto che la papera l'ha modificata.,I don't know whether the duck changed the cake recipe%2C but the frog%2C after re-reading it%2C realized that the duck changed it.,45,semi_factive,dontknowwhetherand,7,11679,13271,29,2
398654,24,femmina,destrimana/o,italiano,linguistica,Sì,a,A,Non so se il panda abbia rubato il quaderno da colorare%2C ma se la papera è triste che l'abbia rubato%2C lo manderà via.,I don't know whether the panda stole the coloring book%2C but if the duck is sad that he did%2C she will throw him out.,8,true_factive,dontknowwhether,7,11768,14282,31,2
398654,24,femmina,destrimana/o,italiano,linguistica,Sì,a,A,Non so se la rana abbia perduto qualcosa%2C ma se ha perduto anche le chiavi%2C la papera andrà nel panico.,I don't know whether the frog lost anything%2C but if she lost the keys too%2C the duck will panic.,26,too,dontknowwhether,7,3986,6466,32,2
398654,24,femmina,destrimana/o,italiano,linguistica,Sì,a,A,Non so se il panda abbia rotto qualcosa%2C ma se ha rotto anche il vaso di porcellana%2C la rana andrà su tutte le furie.,I don't know whether the panda broke anything%2C but if he broke the porcelaine vase too%2C the frog will flare up.,28,too,dontknowwhether,6,9354,10338,36,2
398654,24,femmina,destrimana/o,italiano,linguistica,Sì,a,A,Non so se il panda abbia letto il diario segreto%2C ma se la rana si rende conto che l'ha letto%2C considererà la loro amicizia rovinata.,I don't know whether the panda read the diary%2C but if the frog realizes that he did%2C he will consider their friendship ruined.,16,semi_factive,dontknowwhether,7,3801,5574,37,2
398654,24,femmina,destrimana/o,italiano,linguistica,Sì,a,A,La papera non ha sporcato nulla%2C ma se ha sporcato anche il tappeto%2C il panda non la inviterà più a casa sua.,The duck didn't dirty anything%2C but if she dirtied the carpet too%2C the panda won't invite her anymore.,27,too,notpif,6,4997,6251,38,2
398654,24,femmina,destrimana/o,italiano,linguistica,Sì,a,A,La rana non ha finito la limonata%2C ma se la papera crede che l'abbia finita%2C andrà a comprare dei limoni.,The frog didn't finish the lemonade%2C but if the duck believes that he did%2C she will go buy lemons.,23,non_factive,notpif,7,4283,5326,39,2
398654,24,femmina,destrimana/o,italiano,linguistica,Sì,a,A,Il panda non ha spaccato il trenino%2C ma se la papera crede che l'abbia spaccato%2C gli ruberà il quaderno da colorare. ,The panda didn't break the model train%2C but if the duck believes that he did%2C she will steal his coloring book.,21,non_factive,notpif,7,5226,6729,42,2
398654,24,femmina,destrimana/o,italiano,linguistica,Sì,a,A,Il panda non ha mai offeso la rana%2C ma se l'ha offesa di nuovo ieri%2C la rana lo prenderà in giro davanti a tutti.,The panda has never offended the frog%2C but if he offended her again yesterday%2C the frog will make fun of him in font of everybody.,31,again,notpif,1,15121,16461,45,2
398654,24,femmina,destrimana/o,italiano,linguistica,Sì,a,A,Non so se la papera abbia buttato via la cartolina%2C ma se il panda capisce che l'ha buttata via%2C non le parlerà mai più.,I don't know whether the duck threw away the postcard%2C but if the panda understands that she did%2C he will not speak to her anymore.,10,semi_factive,dontknowwhether,7,6918,8484,46,2
398654,24,femmina,destrimana/o,italiano,linguistica,Sì,a,A,Non so se la rana abbia strappato il biglietto di auguri%2C ma se il panda pensa che l'abbia strappato%2C si metterà a piangere.,I don't know whether the frog tore up the birthday card%2C but if the panda thinks that he did%2C he will start to cry.,20,non_factive,dontknowwhether,7,3643,5040,47,2
398654,24,femmina,destrimana/o,italiano,linguistica,Sì,a,A,La papera non ha gettato via le bambole di pezza%2C ma il panda è triste che le abbia gettate via. ,I don't know if the duck threw away the rag dolls%2C but the panda is sad that he threw them away.,37,true_factive,dontknowwhetherand,4,8008,9226,49,3
398654,24,femmina,destrimana/o,italiano,linguistica,Sì,a,A,Non so se il panda abbia bucato il pallone da calcio%2C ma se la rana è arrabbiata che l'abbia bucato%2C gli verserà del latte sul computer.,I don't know whether the panda punctured the football%2C but if the frog is angry that he did%2C he will pour milk over his laptop.,2,true_factive,dontknowwhether,7,5657,7011,50,3
398654,24,femmina,destrimana/o,italiano,linguistica,Sì,a,A,La rana non ha spaccato le automobiline%2C ma il panda%2C dopo averle esaminate%2C ha capito che la rana le ha spaccate.,I don't know if the frog broke the toy train%2C but the panda%2C after examining it%2C realized that the frog broke it.,41,semi_factive,dontknowwhetherand,3,3985,5183,52,3
398654,24,femmina,destrimana/o,italiano,linguistica,Sì,a,A,La papera non ha smarrito il bracciale dell'amicizia%2C ma se la rana pensa che l'abbia smarrito%2C sarà molto delusa.,The duck didn't lose the friendship bracelet%2C but if the frog thinks that she did%2C he will be very disappointed.,19,non_factive,notpif,7,3665,4931,53,3
398654,24,femmina,destrimana/o,italiano,linguistica,Sì,a,A,La papera non ha distrutto il castello di sabbia%2C ma se il panda è triste che l'abbia distrutto%2C piangerà per tutto il giorno.,The duck didn't destroy the sand castle%2C but if the panda is sad that she did%2C he will cry all day.,5,true_factive,notpif,5,15670,16804,54,3
398654,24,femmina,destrimana/o,italiano,linguistica,Sì,a,A,La rana non ha truccato il mazzo di carte%2C ma se il panda capisce che l'ha truccato%2C la escluderà dal prossimo pigiama party. ,The frog didn't manipulate the deck%2C but if the panda understands that she did%2C he will uninvite him from the next sleepover.,9,semi_factive,notpif,2,8683,10054,58,3
398654,24,femmina,destrimana/o,italiano,linguistica,Sì,a,A,Non so se la papera abbia rotto il vasetto di miele%2C ma se il panda si rende conto che l'ha rotto%2C le terrà il broncio.,I don't know whether the duck broke the honey jar%2C but if the panda realizes that she did%2C he will pout.,14,semi_factive,dontknowwhether,7,5442,7077,61,3
398654,24,femmina,destrimana/o,italiano,linguistica,Sì,a,A,La papera non ha potato la siepe%2C ma la rana%2C dopo averla innaffiata%2C si è resa conto che la papera l'ha potata.,I don't know whether the duck pruned the hedge%2C but the frog%2C after watering it%2C realized that the duck pruned it.,48,semi_factive,dontknowwhetherand,1,12301,15404,63,3
398654,24,femmina,destrimana/o,italiano,linguistica,Sì,a,A,La papera non ha mollato il corso di nuoto%2C ma il panda è triste che l'abbia mollato. ,I don't know if the duck quit swimming class%2C but the panda is sad that he quit it.,40,true_factive,dontknowwhetherand,1,3831,5090,64,3
398654,24,femmina,destrimana/o,italiano,linguistica,Sì,a,A,La rana non ha strisciato la finestra in soffitta%2C ma la papera è arrabbiata che l'abbia strisciata. ,I don't know if the frog crawled the attic window%2C but the duck is angry that he crawled it.,36,true_factive,dontknowwhetherand,1,2353,3882,65,3
398654,24,femmina,destrimana/o,italiano,linguistica,Sì,a,A,Non so se la rana abbia dimenticato il compleanno della papera%2C ma se la papera pensa che l'abbia dimenticato%2C nasconderà il diario dell'amicizia nel bosco.,I don't know whether the frog forgot the duck's birthday%2C but if the duck thinks that he did%2C she will hide the friendship book in the wood.,18,non_factive,dontknowwhether,7,3513,5146,67,3
398654,24,femmina,destrimana/o,italiano,linguistica,Sì,a,A,Non so se la rana abbia rovinato il puzzle%2C ma se il panda è arrabbiato che l'abbia rovinato%2C le butterà le scarpe fuori dalla finestra.,I don't know whether the frog ruined the puzzle%2C but if the panda is angry that he did%2C he will throw his shoes out of the window.,4,true_factive,dontknowwhether,7,3539,4955,68,3
398654,24,femmina,destrimana/o,italiano,linguistica,Sì,a,A,La rana non ha mai usato il giocattolo della papera%2C ma se l'ha usato di nuovo ieri%2C la papera le getterà tutti i disegni nel fango.,The frog has never used the duck's toy%2C but if she used it again yesterday%2C the duck will throw all her drawing in the mud.,29,again,notpif,1,3253,4609,69,3
398654,24,femmina,destrimana/o,italiano,linguistica,Sì,a,A,Non so se la papera abbia imbrattato il muro%2C ma se il panda crede che l'abbia imbrattato%2C le nasconderà tutti i pennarelli.,I don't know whether the duck painted the wall%2C but if the panda believes that she did%2C he will hide all of her crayons.,24,non_factive,dontknowwhether,7,4639,5740,70,3
398654,24,femmina,destrimana/o,italiano,linguistica,Sì,a,A,La papera non ha preso il voto massimo%2C ma se la rana pensa che l'abbia preso%2C sarà gelosa.,The duck didn't get the top grade%2C but if the frog thinks that she did%2C he will be jealous.,17,non_factive,notpif,7,4263,5269,74,4
398654,24,femmina,destrimana/o,italiano,linguistica,Sì,a,A,La rana non ha nascosto i pennarelli%2C ma se la papera capisce che li ha nascosti%2C le sotterrerà le figurine in giardino.,The frog didn't hide the crayons%2C but if the duck understands that he did%2C she bury his favorite figurines in the yard.,11,semi_factive,notpif,6,9255,13006,75,4
398654,24,femmina,destrimana/o,italiano,linguistica,Sì,a,B,La rana crede erroneamente che il panda abbia perduto l'album dei ricordi%2C ed è triste che l'abbia perduto. ,The frog mistakenly believes that the panda has lost the scrapbook%2C and he is sad that he has lost it.,38,true_factive,mistaken,7,14323,15818,76,4
398654,24,femmina,destrimana/o,italiano,linguistica,Sì,a,B,La papera crede erroneamente che la rana abbia dato via il vestito da festa%2C ed è triste che l'abbia dato via. ,The duck mistakenly believes that the frog stole the party dress%2C and he is sad that he stole it.,39,true_factive,mistaken,6,13631,15125,79,4
398654,24,femmina,destrimana/o,italiano,linguistica,Sì,a,B,La papera non ha smarrito la chiave della cantina%2C ma la rana%2C dopo averla cercata%2C ha erroneamente capito che la papera l'ha smarrita.,The duck did not misplace the house keys%2C but the frog%2C after looking for them%2C mistakenly realized that the duck misplaced them.,42,semi_factive,mistaken,7,9462,12370,81,4
398654,24,femmina,destrimana/o,italiano,linguistica,Sì,a,B,Il panda non ha forzato la serratura%2C ma la papera%2C dopo averla controllata%2C ha erroneamente capito che il panda l'ha forzata.,The panda did not pick the lock%2C but the duck%2C after checking it%2C mistakenly realized that the panda had picked it.,43,semi_factive,mistaken,7,4750,5992,82,4
398654,24,femmina,destrimana/o,italiano,linguistica,Sì,a,B,La rana non ha copiato le risposte della verifica%2C ma il panda%2C dopo averle viste%2C si è erroneamente reso conto che la rana le ha copiate.,The frog did not copy the answers in the check%2C but the panda%2C after seeing them%2C mistakenly realized that the frog copied them.,47,semi_factive,mistaken,4,19855,20832,88,4
398654,24,femmina,destrimana/o,italiano,linguistica,Sì,a,B,Il panda non ha cambiato le regole del gioco di ruolo%2C ma la papera%2C dopo averle ripassate%2C si è erroneamente resa conto che il panda le ha cambiate.,The panda did not change the rules of the role-playing game%2C but the duck%2C after reviewing them%2C mistakenly realized that the panda changed them.,46,semi_factive,mistaken,4,4764,5976,89,4
398654,24,femmina,destrimana/o,italiano,linguistica,Sì,a,B,La rana crede erroneamente che la papera abbia dimenticato la torta%2C ed è arrabbiata che l'abbia dimenticata. ,The frog mistakenly believes the duck forgot the cake%2C and is angry that he forgot it.,34,true_factive,mistaken,7,5062,6190,91,4
398654,24,femmina,destrimana/o,italiano,linguistica,Sì,a,B,Il panda crede erroneamente che la rana abbia forzato la porta della cantina%2C ed è arrabbiato che l'abbia forzata. ,The panda mistakenly believes that the frog smashed the cellar door%2C and is angry that he smashed it.,35,true_factive,mistaken,7,3871,5545,96,4
958401,24,maschio,destrimana/o,italiano,fisica,Sì,c,A,Non so se la rana abbia squarciato l'orsacchiotto%2C ma se la papera è triste che l'abbia squarciato%2C le disegnerà sulla faccia con l'indelebile.,I don't know whether the frog cut open the teddy bear%2C but if the duck is sad that he did%2C she will draw on his face with sharpie.,6,true_factive,dontknowwhether,5,33158,34553,1,1
958401,24,maschio,destrimana/o,italiano,fisica,Sì,c,A,La rana non ha nascosto i pennarelli%2C ma se la papera capisce che li ha nascosti%2C le sotterrerà le figurine in giardino.,The frog didn't hide the crayons%2C but if the duck understands that he did%2C she bury his favorite figurines in the yard.,11,semi_factive,notpif,7,63002,64551,2,1
958401,24,maschio,destrimana/o,italiano,fisica,Sì,c,A,Non so se il panda abbia calpestato le margherite%2C ma se la rana crede che le abbia calpestate%2C preparerà dei gavettoni per punirlo.,I don't know whether the panda trampled the daisies%2C but if the frog believes that he did%2C he will prepare water balloons to punish him.,22,non_factive,dontknowwhether,7,11115,15262,4,1
958401,24,maschio,destrimana/o,italiano,fisica,Sì,c,A,Il panda non ha sottratto nulla alla rana%2C ma se le ha sottratto anche il cappello%2C la rana gli strapperà il costume da bagno.,The panda didn't steal anything from the frog%2C but if he stole her hat too%2C the frog will rip his bathing suit.,25,too,notpif,3,100376,101502,7,1
958401,24,maschio,destrimana/o,italiano,fisica,Sì,c,A,La papera non ha perso l'aquilone%2C ma se il panda è arrabbiato che l'abbia perso%2C le getterà gli occhiali da sole in mare.,The duck didn't lose the kite%2C but if the panda is angry that she did%2C he will hurl her sunglasses in the sea.,1,true_factive,notpif,6,23829,25024,8,1
958401,24,maschio,destrimana/o,italiano,fisica,Sì,c,A,La papera non ha modificato la ricetta della torta%2C ma la rana%2C dopo averla riletta%2C si è resa conto che la papera l'ha modificata.,I don't know whether the duck changed the cake recipe%2C but the frog%2C after re-reading it%2C realized that the duck changed it.,45,semi_factive,dontknowwhetherand,1,9245,10442,9,1
958401,24,maschio,destrimana/o,italiano,fisica,Sì,c,A,Non so se la papera abbia mai bruciato il pane%2C ma se l'ha bruciato di nuovo ieri%2C il panda non farà più colazione con lei.,I don't know whether the duck has ever burnt the bread%2C but if she burnt it again yesterday%2C the panda won't have breakfast with her anymore.,30,again,dontknowwhether,4,67971,69330,10,1
958401,24,maschio,destrimana/o,italiano,fisica,Sì,c,A,Il panda non ha mai offeso la rana%2C ma se l'ha offesa di nuovo ieri%2C la rana lo prenderà in giro davanti a tutti.,The panda has never offended the frog%2C but if he offended her again yesterday%2C the frog will make fun of him in font of everybody.,31,again,notpif,1,12477,13562,12,1
958401,24,maschio,destrimana/o,italiano,fisica,Sì,c,A,Non so se il panda abbia bucato il pallone da calcio%2C ma se la rana è arrabbiata che l'abbia bucato%2C gli verserà del latte sul computer.,I don't know whether the panda punctured the football%2C but if the frog is angry that he did%2C he will pour milk over his laptop.,2,true_factive,dontknowwhether,6,11351,12323,14,1
958401,24,maschio,destrimana/o,italiano,fisica,Sì,c,A,Non so se la rana abbia rovinato il puzzle%2C ma se il panda è arrabbiato che l'abbia rovinato%2C le butterà le scarpe fuori dalla finestra.,I don't know whether the frog ruined the puzzle%2C but if the panda is angry that he did%2C he will throw his shoes out of the window.,4,true_factive,dontknowwhether,6,12072,13098,15,1
958401,24,maschio,destrimana/o,italiano,fisica,Sì,c,A,La papera non ha smarrito il bracciale dell'amicizia%2C ma se la rana pensa che l'abbia smarrito%2C sarà molto delusa.,The duck didn't lose the friendship bracelet%2C but if the frog thinks that she did%2C he will be very disappointed.,19,non_factive,notpif,7,6495,7449,16,1
958401,24,maschio,destrimana/o,italiano,fisica,Sì,c,A,La papera non ha distrutto il castello di sabbia%2C ma se il panda è triste che l'abbia distrutto%2C piangerà per tutto il giorno.,The duck didn't destroy the sand castle%2C but if the panda is sad that she did%2C he will cry all day.,5,true_factive,notpif,1,8297,9489,17,1
958401,24,maschio,destrimana/o,italiano,fisica,Sì,c,A,La rana non ha mai usato il giocattolo della papera%2C ma se l'ha usato di nuovo ieri%2C la papera le getterà tutti i disegni nel fango.,The frog has never used the duck's toy%2C but if she used it again yesterday%2C the duck will throw all her drawing in the mud.,29,again,notpif,1,7672,11463,18,1
958401,24,maschio,destrimana/o,italiano,fisica,Sì,c,A,La papera non ha mollato il corso di nuoto%2C ma il panda è triste che l'abbia mollato. ,I don't know if the duck quit swimming class%2C but the panda is sad that he quit it.,40,true_factive,dontknowwhetherand,1,5257,8038,20,1
958401,24,maschio,destrimana/o,italiano,fisica,Sì,c,A,La rana non ha truccato il mazzo di carte%2C ma se il panda capisce che l'ha truccato%2C la escluderà dal prossimo pigiama party. ,The frog didn't manipulate the deck%2C but if the panda understands that she did%2C he will uninvite him from the next sleepover.,9,semi_factive,notpif,5,11958,12830,21,1
958401,24,maschio,destrimana/o,italiano,fisica,Sì,c,A,Non so se la papera abbia imbrattato il muro%2C ma se il panda crede che l'abbia imbrattato%2C le nasconderà tutti i pennarelli.,I don't know whether the duck painted the wall%2C but if the panda believes that she did%2C he will hide all of her crayons.,24,non_factive,dontknowwhether,7,27938,28881,22,1
958401,24,maschio,destrimana/o,italiano,fisica,Sì,c,A,La papera non ha preso il voto massimo%2C ma se la rana pensa che l'abbia preso%2C sarà gelosa.,The duck didn't get the top grade%2C but if the frog thinks that she did%2C he will be jealous.,17,non_factive,notpif,7,5670,6600,23,1
958401,24,maschio,destrimana/o,italiano,fisica,Sì,c,A,Non so se la papera abbia tagliuzzato il poster%2C ma se il panda capisce che l'ha tagliuzzato%2C le verserà del succo nello zaino.,I don't know whether the duck cut the poster%2C but if the panda understands that she did%2C he will pour juice into her backpack.,12,semi_factive,dontknowwhether,7,12217,13629,24,1
958401,24,maschio,destrimana/o,italiano,fisica,Sì,c,A,La rana non ha finito la limonata%2C ma se la papera crede che l'abbia finita%2C andrà a comprare dei limoni.,The frog didn't finish the lemonade%2C but if the duck believes that he did%2C she will go buy lemons.,23,non_factive,notpif,6,7528,8571,26,2
958401,24,maschio,destrimana/o,italiano,fisica,Sì,c,A,Il panda non ha danneggiato il microfono%2C ma se la rana è arrabbiata che l'abbia danneggiato%2C lo escluderà dalla serata di karaoke. ,The panda didn't damage the mic%2C but if the frog is angry that he did%2C he will uninvite him from karaoke night.,3,true_factive,notpif,5,16101,17497,29,2
958401,24,maschio,destrimana/o,italiano,fisica,Sì,c,A,Il panda non ha piegato le lancette dell'orologio%2C ma se la rana si rende conto che le ha piegate%2C gli urlerà contro.,The panda didn't bend the hands of the clock%2C but if the frog realizes that he did%2C he will shout at him.,13,semi_factive,notpif,3,7924,9061,33,2
958401,24,maschio,destrimana/o,italiano,fisica,Sì,c,A,La rana non ha spaccato le automobiline%2C ma il panda%2C dopo averle esaminate%2C ha capito che la rana le ha spaccate.,I don't know if the frog broke the toy train%2C but the panda%2C after examining it%2C realized that the frog broke it.,41,semi_factive,dontknowwhetherand,4,15472,16430,34,2
958401,24,maschio,destrimana/o,italiano,fisica,Sì,c,A,Non so se il panda abbia letto il diario segreto%2C ma se la rana si rende conto che l'ha letto%2C considererà la loro amicizia rovinata.,I don't know whether the panda read the diary%2C but if the frog realizes that he did%2C he will consider their friendship ruined.,16,semi_factive,dontknowwhether,7,7709,8816,37,2
958401,24,maschio,destrimana/o,italiano,fisica,Sì,c,A,Il panda non ha forato il gonfiabile%2C ma se la rana si rende conto che l'ha forato%2C lo dirà alla maestra.,The panda didn't make a hole in the bouncy castle%2C but if the frog realizes that he did%2C he will tell the teacher.,15,semi_factive,notpif,7,8338,10876,39,2
958401,24,maschio,destrimana/o,italiano,fisica,Sì,c,A,Non so se la rana abbia perduto qualcosa%2C ma se ha perduto anche le chiavi%2C la papera andrà nel panico.,I don't know whether the frog lost anything%2C but if she lost the keys too%2C the duck will panic.,26,too,dontknowwhether,6,14195,15265,40,2
958401,24,maschio,destrimana/o,italiano,fisica,Sì,c,A,La papera non ha gettato via le bambole di pezza%2C ma il panda è triste che le abbia gettate via. ,I don't know if the duck threw away the rag dolls%2C but the panda is sad that he threw them away.,37,true_factive,dontknowwhetherand,1,14999,16068,44,2
958401,24,maschio,destrimana/o,italiano,fisica,Sì,c,A,Non so se la papera abbia rotto il vasetto di miele%2C ma se il panda si rende conto che l'ha rotto%2C le terrà il broncio.,I don't know whether the duck broke the honey jar%2C but if the panda realizes that she did%2C he will pout.,14,semi_factive,dontknowwhether,7,19499,20384,45,2
958401,24,maschio,destrimana/o,italiano,fisica,Sì,c,A,La papera non ha sporcato nulla%2C ma se ha sporcato anche il tappeto%2C il panda non la inviterà più a casa sua.,The duck didn't dirty anything%2C but if she dirtied the carpet too%2C the panda won't invite her anymore.,27,too,notpif,4,34081,36145,46,2
958401,24,maschio,destrimana/o,italiano,fisica,Sì,c,A,Non so se la rana abbia strappato il biglietto di auguri%2C ma se il panda pensa che l'abbia strappato%2C si metterà a piangere.,I don't know whether the frog tore up the birthday card%2C but if the panda thinks that he did%2C he will start to cry.,20,non_factive,dontknowwhether,7,6066,7151,50,3
958401,24,maschio,destrimana/o,italiano,fisica,Sì,c,A,Non so se la papera abbia buttato via la cartolina%2C ma se il panda capisce che l'ha buttata via%2C non le parlerà mai più.,I don't know whether the duck threw away the postcard%2C but if the panda understands that she did%2C he will not speak to her anymore.,10,semi_factive,dontknowwhether,7,6876,7987,54,3
958401,24,maschio,destrimana/o,italiano,fisica,Sì,c,A,Non so se la rana abbia mai rovesciato la bottiglia d'olio%2C ma se l'ha rovesciata di nuovo ieri%2C la paperà le farà pulire tutta la cucina.,I don't know whether the frog has ever knocked over the oil bottle%2C but if she knocked it over again yesterday%2C the duck will make her clean the entire kitchen.,32,again,dontknowwhether,7,16193,17278,55,3
958401,24,maschio,destrimana/o,italiano,fisica,Sì,c,A,Non so se il panda abbia rubato il quaderno da colorare%2C ma se la papera è triste che l'abbia rubato%2C lo manderà via.,I don't know whether the panda stole the coloring book%2C but if the duck is sad that he did%2C she will throw him out.,8,true_factive,dontknowwhether,6,11058,12189,58,3
958401,24,maschio,destrimana/o,italiano,fisica,Sì,c,A,La papera non ha potato la siepe%2C ma la rana%2C dopo averla innaffiata%2C si è resa conto che la papera l'ha potata.,I don't know whether the duck pruned the hedge%2C but the frog%2C after watering it%2C realized that the duck pruned it.,48,semi_factive,dontknowwhetherand,4,8979,10109,59,3
958401,24,maschio,destrimana/o,italiano,fisica,Sì,c,A,Non so se la rana abbia dimenticato il compleanno della papera%2C ma se la papera pensa che l'abbia dimenticato%2C nasconderà il diario dell'amicizia nel bosco.,I don't know whether the frog forgot the duck's birthday%2C but if the duck thinks that he did%2C she will hide the friendship book in the wood.,18,non_factive,dontknowwhether,7,8314,9376,64,3
958401,24,maschio,destrimana/o,italiano,fisica,Sì,c,A,Il panda non ha bruciato l'album di foto%2C ma se la rana è triste che l'abbia bruciato%2C piangerà a dirotto.,The panda didn't burn the photo album%2C but if the frog is sad that he did%2C he will cry his eyes out.,7,true_factive,notpif,6,5637,6675,66,3
958401,24,maschio,destrimana/o,italiano,fisica,Sì,c,A,La rana non ha truccato la macchinina telecomandata%2C ma il panda%2C dopo averla usata%2C ha capito che la rana l'ha truccata.,I don't know whether the frog rigged the remote control car%2C but the panda%2C after using it%2C realized that the frog rigged it.,44,semi_factive,dontknowwhetherand,6,8510,9582,67,3
958401,24,maschio,destrimana/o,italiano,fisica,Sì,c,A,Il panda non ha fatto morire le rose%2C ma la papera è arrabbiata che le abbia fatte morire. ,I don't know if the panda made the roses die%2C but the duck is angry that he made them die.,33,true_factive,dontknowwhetherand,6,10616,13719,69,3
958401,24,maschio,destrimana/o,italiano,fisica,Sì,c,A,Non so se il panda abbia rotto qualcosa%2C ma se ha rotto anche il vaso di porcellana%2C la rana andrà su tutte le furie.,I don't know whether the panda broke anything%2C but if he broke the porcelaine vase too%2C the frog will flare up.,28,too,dontknowwhether,7,9527,10883,70,3
958401,24,maschio,destrimana/o,italiano,fisica,Sì,c,A,Il panda non ha spaccato il trenino%2C ma se la papera crede che l'abbia spaccato%2C gli ruberà il quaderno da colorare. ,The panda didn't break the model train%2C but if the duck believes that he did%2C she will steal his coloring book.,21,non_factive,notpif,6,9108,10610,73,4
958401,24,maschio,destrimana/o,italiano,fisica,Sì,c,A,La rana non ha strisciato la finestra in soffitta%2C ma la papera è arrabbiata che l'abbia strisciata. ,I don't know if the frog crawled the attic window%2C but the duck is angry that he crawled it.,36,true_factive,dontknowwhetherand,4,21231,22027,75,4
958401,24,maschio,destrimana/o,italiano,fisica,Sì,c,B,Il panda non ha forzato la serratura%2C ma la papera%2C dopo averla controllata%2C ha erroneamente capito che il panda l'ha forzata.,The panda did not pick the lock%2C but the duck%2C after checking it%2C mistakenly realized that the panda had picked it.,43,semi_factive,mistaken,7,6178,8334,77,4
958401,24,maschio,destrimana/o,italiano,fisica,Sì,c,B,La papera crede erroneamente che la rana abbia dato via il vestito da festa%2C ed è triste che l'abbia dato via. ,The duck mistakenly believes that the frog stole the party dress%2C and he is sad that he stole it.,39,true_factive,mistaken,7,9107,10085,79,4
958401,24,maschio,destrimana/o,italiano,fisica,Sì,c,B,La rana non ha copiato le risposte della verifica%2C ma il panda%2C dopo averle viste%2C si è erroneamente reso conto che la rana le ha copiate.,The frog did not copy the answers in the check%2C but the panda%2C after seeing them%2C mistakenly realized that the frog copied them.,47,semi_factive,mistaken,7,7653,8883,83,4
958401,24,maschio,destrimana/o,italiano,fisica,Sì,c,B,La rana crede erroneamente che il panda abbia perduto l'album dei ricordi%2C ed è triste che l'abbia perduto. ,The frog mistakenly believes that the panda has lost the scrapbook%2C and he is sad that he has lost it.,38,true_factive,mistaken,7,5782,6789,84,4
958401,24,maschio,destrimana/o,italiano,fisica,Sì,c,B,La papera non ha smarrito la chiave della cantina%2C ma la rana%2C dopo averla cercata%2C ha erroneamente capito che la papera l'ha smarrita.,The duck did not misplace the house keys%2C but the frog%2C after looking for them%2C mistakenly realized that the duck misplaced them.,42,semi_factive,mistaken,7,6321,7193,88,4
958401,24,maschio,destrimana/o,italiano,fisica,Sì,c,B,Il panda non ha cambiato le regole del gioco di ruolo%2C ma la papera%2C dopo averle ripassate%2C si è erroneamente resa conto che il panda le ha cambiate.,The panda did not change the rules of the role-playing game%2C but the duck%2C after reviewing them%2C mistakenly realized that the panda changed them.,46,semi_factive,mistaken,7,12086,15018,90,4
958401,24,maschio,destrimana/o,italiano,fisica,Sì,c,B,Il panda crede erroneamente che la rana abbia forzato la porta della cantina%2C ed è arrabbiato che l'abbia forzata. ,The panda mistakenly believes that the frog smashed the cellar door%2C and is angry that he smashed it.,35,true_factive,mistaken,7,4580,5320,93,4
958401,24,maschio,destrimana/o,italiano,fisica,Sì,c,B,La rana crede erroneamente che la papera abbia dimenticato la torta%2C ed è arrabbiata che l'abbia dimenticata. ,The frog mistakenly believes the duck forgot the cake%2C and is angry that he forgot it.,34,true_factive,mistaken,7,4860,5758,95,4
364461,21,femmina,destrimana/o,italiano,Lettere,Sì,d,A,Non so se il panda abbia spaccato il trenino%2C ma se la papera crede che l'abbia spaccato%2C gli ruberà il quaderno da colorare. ,I don't know whether the panda broke the model train%2C but if the duck believes that he did%2C she will steal his coloring book.,21,non_factive,dontknowwhether,7,8774,10009,4,1
364461,21,femmina,destrimana/o,italiano,Lettere,Sì,d,A,Il panda non ha perduto l'album dei ricordi%2C ma la rana è triste che l'abbia perduto. ,I don't know if the panda lost the scrapbook%2C but the frog is sad that he lost it.,38,true_factive,dontknowwhetherand,3,10192,21728,5,1
364461,21,femmina,destrimana/o,italiano,Lettere,Sì,d,A,Non so se la rana abbia mai usato il giocattolo della papera%2C ma se l'ha usato di nuovo ieri%2C la papera le getterà tutti i disegni nel fango.,I don't know whether the frog has nver used the duck's toy%2C but if she used it again yesterday%2C the duck will throw all her drawing in the mud.,29,again,dontknowwhether,3,12525,16412,6,1
364461,21,femmina,destrimana/o,italiano,Lettere,Sì,d,A,Non so se il panda abbia danneggiato il microfono%2C ma se la rana è arrabbiata che l'abbia danneggiato%2C lo escluderà dalla serata di karaoke. ,I don't know whether the panda damaged the mic%2C but if the frog is angry that he did%2C he will uninvite him from karaoke night.,3,true_factive,dontknowwhether,1,16447,17565,7,1
364461,21,femmina,destrimana/o,italiano,Lettere,Sì,d,A,Non so se la rana abbia nascosto i pennarelli%2C ma se la papera capisce che li ha nascosti%2C le sotterrerà le figurine in giardino.,I don't know whether the frog hid the crayons%2C but if the duck understands that he did%2C she bury his favorite figurines in the yard.,11,semi_factive,dontknowwhether,7,10925,12960,8,1
364461,21,femmina,destrimana/o,italiano,Lettere,Sì,d,A,La papera non ha dimenticato la torta%2C ma la rana è arrabbiata che l'abbia dimenticata. ,I don't know if the duck forgot the cake%2C but the frog is angry that he forgot it.,34,true_factive,dontknowwhetherand,3,14785,16919,9,1
364461,21,femmina,destrimana/o,italiano,Lettere,Sì,d,A,Non so se la papera abbia sporcato qualcosa%2C ma se ha sporcato anche il tappeto%2C il panda non la inviterà più a casa sua.,I don't know whether the duck dirtied anything%2C but if she dirtied the carpet too%2C the panda won't invite her anymore.,27,too,dontknowwhether,1,13478,14548,12,1
364461,21,femmina,destrimana/o,italiano,Lettere,Sì,d,A,Non so se la papera abbia perso l'aquilone%2C ma se il panda è arrabbiato che l'abbia perso%2C le getterà gli occhiali da sole in mare.,I don't know whether the duck lost the kite%2C but if the panda is angry that she did%2C he will hurl her sunglasses in the sea.,1,true_factive,dontknowwhether,6,9665,10598,14,1
364461,21,femmina,destrimana/o,italiano,Lettere,Sì,d,A,La papera non ha imbrattato il muro%2C ma se il panda crede che l'abbia imbrattato%2C le nasconderà tutti i pennarelli.,The duck didn't paint the wall%2C but if the panda believes that she did%2C he will hide all of her crayons.,24,non_factive,notpif,6,5319,6236,15,1
364461,21,femmina,destrimana/o,italiano,Lettere,Sì,d,A,Non so se la papera abbia preso il voto massimo%2C ma se la rana pensa che l'abbia preso%2C sarà gelosa.,I don't know whether the duck got the top grade%2C but if the frog thinks that she did%2C he will be jealous.,17,non_factive,dontknowwhether,6,6807,7724,17,1
364461,21,femmina,destrimana/o,italiano,Lettere,Sì,d,A,Il panda non ha calpestato le margherite%2C ma se la rana crede che le abbia calpestate%2C preparerà dei gavettoni per punirlo.,The panda didn't trample the daisies%2C but if the frog believes that he did%2C he will prepare water balloons to punish him.,22,non_factive,notpif,6,6725,7642,18,1
364461,21,femmina,destrimana/o,italiano,Lettere,Sì,d,A,La rana non ha rovinato il puzzle%2C ma se il panda è arrabbiato che l'abbia rovinato%2C le butterà le scarpe fuori dalla finestra.,The frog didn't ruin the puzzle%2C but if the panda is angry that he did%2C he will throw his shoes out of the window.,4,true_factive,notpif,5,8840,9674,19,1
364461,21,femmina,destrimana/o,italiano,Lettere,Sì,d,A,La rana non ha strappato il biglietto di auguri%2C ma se il panda pensa che l'abbia strappato%2C si metterà a piangere.,The frog didn't tear up the birthday card%2C but if the panda thinks that he did%2C he will start to cry.,20,non_factive,notpif,5,7506,8324,20,1
364461,21,femmina,destrimana/o,italiano,Lettere,Sì,d,A,Non so se la rana abbia truccato il mazzo di carte%2C ma se il panda capisce che l'ha truccato%2C la escluderà dal prossimo pigiama party. ,I don't know whether the frog manipulated the deck%2C but if the panda understands that she did%2C he will uninvite him from the next sleepover.,9,semi_factive,dontknowwhether,4,10520,11406,21,1
364461,21,femmina,destrimana/o,italiano,Lettere,Sì,d,A,Il panda non ha letto il diario segreto%2C ma se la rana si rende conto che l'ha letto%2C considererà la loro amicizia rovinata.,The panda didn't read the diary%2C but if the frog realizes that he did%2C he will consider their friendship ruined.,16,semi_factive,notpif,6,11901,12874,23,1
364461,21,femmina,destrimana/o,italiano,Lettere,Sì,d,A,La papera non ha tagliuzzato il poster%2C ma se il panda capisce che l'ha tagliuzzato%2C le verserà del succo nello zaino.,The duck didn't cut the poster%2C but if the panda understands that she did%2C he will pour juice into her backpack.,12,semi_factive,notpif,3,7142,8306,24,1
364461,21,femmina,destrimana/o,italiano,Lettere,Sì,d,A,Non so se il panda abbia mai offeso la rana%2C ma se l'ha offesa di nuovo ieri%2C la rana lo prenderà in giro davanti a tutti.,I don't know whether the panda has ever offended the frog%2C but if he offended her again yesterday%2C the frog will make fun of him in font of everybody.,31,again,dontknowwhether,3,7221,8189,25,2
364461,21,femmina,destrimana/o,italiano,Lettere,Sì,d,A,Non so se il panda abbia bruciato l'album di foto%2C ma se la rana è triste che l'abbia bruciato%2C piangerà a dirotto.,I don't know whether the panda burned the photo album%2C but if the frog is sad that he did%2C he will cry his eyes out.,7,true_factive,dontknowwhether,3,16422,17407,32,2
364461,21,femmina,destrimana/o,italiano,Lettere,Sì,d,A,Il panda non ha rotto nulla%2C ma se ha rotto anche il vaso di porcellana%2C la rana andrà su tutte le furie.,The panda didn't break anything%2C but if he broke the porcelaine vase too%2C the frog will flare up.,28,too,notpif,1,7699,8593,34,2
364461,21,femmina,destrimana/o,italiano,Lettere,Sì,d,A,La rana non ha squarciato l'orsacchiotto%2C ma se la papera è triste che l'abbia squarciato%2C le disegnerà sulla faccia con l'indelebile.,The frog didn't cut open the teddy bear%2C but if the duck is sad that he did%2C she will draw on his face with sharpie.,6,true_factive,notpif,3,7901,8844,36,2
364461,21,femmina,destrimana/o,italiano,Lettere,Sì,d,A,Il panda non ha bucato il pallone da calcio%2C ma se la rana è arrabbiata che l'abbia bucato%2C gli verserà del latte sul computer.,The panda didn't puncture the football%2C but if the frog is angry that he did%2C he will pour milk over his laptop.,2,true_factive,notpif,3,6911,7961,40,2
364461,21,femmina,destrimana/o,italiano,Lettere,Sì,d,A,La rana non ha copiato le risposte della verifica%2C ma il panda%2C dopo averle viste%2C si è reso conto che la rana le ha copiate.,I don't know whether the frog copied the answers in the check%2C but the panda%2C after seeing them%2C realized that the frog copied them.,47,semi_factive,dontknowwhetherand,2,8031,8995,42,2
364461,21,femmina,destrimana/o,italiano,Lettere,Sì,d,A,La rana non ha dato via il vestito da festa%2C ma la papera è triste che l'abbia dato via. ,I don't know if the frog stole the party dress%2C but the duck is sad that he stole it.,39,true_factive,dontknowwhetherand,2,5994,6961,44,2
364461,21,femmina,destrimana/o,italiano,Lettere,Sì,d,A,La rana non ha mai rovesciato la bottiglia d'olio%2C ma se l'ha rovesciata di nuovo ieri%2C la paperà le farà pulire tutta la cucina.,The frog has never knocked over the oil bottle%2C but if she knocked it over again yesterday%2C the duck will make her clean the entire kitchen.,32,again,notpif,2,7610,8524,46,2
364461,21,femmina,destrimana/o,italiano,Lettere,Sì,d,A,La papera non ha smarrito la chiave della cantina%2C ma la rana%2C dopo averla cercata%2C ha capito che la papera l'ha smarrita.,I don't know if the duck misplaced the house keys%2C but the frog%2C after looking for them%2C realized that the duck misplaced them.,42,semi_factive,dontknowwhetherand,1,8206,9275,48,2
364461,21,femmina,destrimana/o,italiano,Lettere,Sì,d,A,La papera non ha buttato via la cartolina%2C ma se il panda capisce che l'ha buttata via%2C non le parlerà mai più.,The duck didn't throw away the postcard%2C but if the panda understands that she did%2C he will not speak to her anymore.,10,semi_factive,notpif,1,4828,5776,49,3
364461,21,femmina,destrimana/o,italiano,Lettere,Sì,d,A,La rana non ha forzato la porta della cantina%2C ma il panda è arrabbiato che l'abbia forzata. ,I don't know if the frog smashed the cellar door%2C but the panda is angry that he smashed it.,35,true_factive,dontknowwhetherand,4,6031,6925,50,3
364461,21,femmina,destrimana/o,italiano,Lettere,Sì,d,A,Non so se la papera abbia smarrito il bracciale dell'amicizia%2C ma se la rana pensa che l'abbia smarrito%2C sarà molto delusa.,I don't know whether the duck lost the friendship bracelet%2C but if the frog thinks that she did%2C he will be very disappointed.,19,non_factive,dontknowwhether,7,6347,7173,54,3
364461,21,femmina,destrimana/o,italiano,Lettere,Sì,d,A,Non so se il panda abbia sottratto qualcosa alla rana%2C ma se le ha sottratto anche il cappello%2C la rana gli strapperà il costume da bagno.,I don't know whether the panda stole anything from the frog%2C but if he stole her hat too%2C the frog will rip his bathing suit.,25,too,dontknowwhether,2,7329,8304,56,3
364461,21,femmina,destrimana/o,italiano,Lettere,Sì,d,A,Non so se il panda abbia forato il gonfiabile%2C ma se la rana si rende conto che l'ha forato%2C lo dirà alla maestra.,I don't know whether the panda made a hole in the bouncy castle%2C but if the frog realizes that he did%2C he will tell the teacher.,15,semi_factive,dontknowwhether,6,13609,14577,57,3
364461,21,femmina,destrimana/o,italiano,Lettere,Sì,d,A,La rana non ha perduto nulla%2C ma se ha perduto anche le chiavi%2C la papera andrà nel panico.,The frog didn't lose anything%2C but if she lost the keys too%2C the duck will panic.,26,too,notpif,1,5163,6177,58,3
364461,21,femmina,destrimana/o,italiano,Lettere,Sì,d,A,Il panda non ha rubato il quaderno da colorare%2C ma se la papera è triste che l'abbia rubato%2C lo manderà via.,The panda didn't steal the coloring book%2C but if the duck is sad that he did%2C she will throw him out.,8,true_factive,notpif,3,29154,30122,59,3
364461,21,femmina,destrimana/o,italiano,Lettere,Sì,d,A,Il panda non ha forzato la serratura%2C ma la papera%2C dopo averla controllata%2C ha capito che il panda l'ha forzata.,I don't know if the panda picked the lock%2C but the duck%2C after checking it%2C realized that the panda picked it.,43,semi_factive,dontknowwhetherand,1,5360,7412,60,3
364461,21,femmina,destrimana/o,italiano,Lettere,Sì,d,A,La papera non ha mai bruciato il pane%2C ma se l'ha bruciato di nuovo ieri%2C il panda non farà più colazione con lei.,The duck has never burnt the bread%2C but if she burnt it again yesterday%2C the panda won't have breakfast with her anymore.,30,again,notpif,2,10766,11716,63,3
364461,21,femmina,destrimana/o,italiano,Lettere,Sì,d,A,Il panda non ha cambiato le regole del gioco di ruolo%2C ma la papera%2C dopo averle ripassate%2C si è resa conto che il panda le ha cambiate.,I don't know whether the panda changed the rules of the role-playing game%2C but the duck%2C after reviewing them%2C realized that the panda changed them.,46,semi_factive,dontknowwhetherand,1,11916,12861,64,3
364461,21,femmina,destrimana/o,italiano,Lettere,Sì,d,A,La rana non ha dimenticato il compleanno della papera%2C ma se la papera pensa che l'abbia dimenticato%2C nasconderà il diario dell'amicizia nel bosco.,The frog didn't forget the duck's birthday%2C but if the duck thinks that he did%2C she will hide the friendship book in the wood.,18,non_factive,notpif,1,7355,8189,65,3
364461,21,femmina,destrimana/o,italiano,Lettere,Sì,d,A,Non so se la rana abbia finito la limonata%2C ma se la papera crede che l'abbia finita%2C andrà a comprare dei limoni.,I don't know whether the frog finished the lemonade%2C but if the duck believes that he did%2C she will go buy lemons.,23,non_factive,dontknowwhether,6,45009,46012,69,3
364461,21,femmina,destrimana/o,italiano,Lettere,Sì,d,A,La papera non ha rotto il vasetto di miele%2C ma se il panda si rende conto che l'ha rotto%2C le terrà il broncio., The duck didn't break the honey jar%2C but if the panda realizes that she did%2C he will pout.,14,semi_factive,notpif,1,7105,8071,71,3
364461,21,femmina,destrimana/o,italiano,Lettere,Sì,d,A,Non so se la papera abbia distrutto il castello di sabbia%2C ma se il panda è triste che l'abbia distrutto%2C piangerà per tutto il giorno.,I don't know whether the duck destroyed the sand castle%2C but if the panda is sad that she did%2C he will cry all day.,5,true_factive,dontknowwhether,6,67599,69259,73,4
364461,21,femmina,destrimana/o,italiano,Lettere,Sì,d,A,Non so se il panda abbia piegato le lancette dell'orologio%2C ma se la rana si rende conto che le ha piegate%2C gli urlerà contro.,I don't know whether the panda bent the hands of the clock%2C but if the frog realizes that he did%2C he will shout at him.,13,semi_factive,dontknowwhether,4,12384,13298,74,4
364461,21,femmina,destrimana/o,italiano,Lettere,Sì,d,B,La rana non ha spaccato le automobiline%2C ma il panda%2C dopo averle esaminate%2C ha erroneamente capito che la rana le ha spaccate.,The frog did not break the toy train%2C but the panda%2C after examining it%2C mistakenly realizes that the frog broke it.,41,semi_factive,mistaken,7,10679,11563,76,4
364461,21,femmina,destrimana/o,italiano,Lettere,Sì,d,B,La papera non ha potato la siepe%2C ma la rana%2C dopo averla innaffiata%2C si è erroneamente resa conto che la papera l'ha potata.,The duck did not prune the hedge%2C but the frog%2C after watering it%2C mistakenly realized that the duck pruned it.,48,semi_factive,mistaken,7,6136,7952,77,4
364461,21,femmina,destrimana/o,italiano,Lettere,Sì,d,B,La papera non ha modificato la ricetta della torta%2C ma la rana%2C dopo averla riletta%2C si è erroneamente resa conto che la papera l'ha modificata.,The duck did not change the cake recipe%2C but the frog%2C after re-reading it%2C mistakenly realized that the duck changed it.,45,semi_factive,mistaken,7,4940,5920,78,4
364461,21,femmina,destrimana/o,italiano,Lettere,Sì,d,B,Il panda crede erroneamente che la papera abbia gettato via le bambole di pezza%2C ed è triste che le abbia gettate via. ,The panda mistakenly believes that the duck threw away the rag dolls%2C and is sad that he threw them away.,37,true_factive,mistaken,7,5689,7207,84,4
364461,21,femmina,destrimana/o,italiano,Lettere,Sì,d,B,Il panda crede erroneamente che la papera abbia mollato il corso di nuoto%2C ed è triste che l'abbia mollato. ,The panda mistakenly believes that the duck dropped out of swimming class%2C and he is sad that he dropped out.,40,true_factive,mistaken,6,4741,5591,88,4
364461,21,femmina,destrimana/o,italiano,Lettere,Sì,d,B,La rana non ha truccato la macchinina telecomandata%2C ma il panda%2C dopo averla usata%2C ha erroneamente capito che la rana l'ha truccata.,The frog did not rig the remote control car%2C but the panda%2C after using it%2C mistakenly realized that the frog rigged it.,44,semi_factive,mistaken,6,4790,6591,89,4
364461,21,femmina,destrimana/o,italiano,Lettere,Sì,d,B,La papera crede erroneamente che il panda abbia fatto morire le rose%2C ed è arrabbiata che le abbia fatte morire. ,The duck mistakenly believes that the panda made the roses die%2C and is angry that he made them die.,33,true_factive,mistaken,7,3556,4574,92,4
364461,21,femmina,destrimana/o,italiano,Lettere,Sì,d,B,La papera crede erroneamente che la rana abbia strisciato la finestra in soffitta%2C ed è arrabbiata che l'abbia strisciata. ,The duck mistakenly believes the frog crawled through the attic window%2C and is angry that he crawled through it.,36,true_factive,mistaken,6,8674,9660,93,4
990427,24,femmina,destrimana/o,italiano,Linguistica ,No,e,A,Non so se il panda abbia letto il diario segreto%2C ma se la rana si rende conto che l'ha letto%2C considererà la loro amicizia rovinata.,I don't know whether the panda read the diary%2C but if the frog realizes that he did%2C he will consider their friendship ruined.,16,semi_factive,dontknowwhether,6,13763,14645,2,1
990427,24,femmina,destrimana/o,italiano,Linguistica ,No,e,A,Il panda non ha danneggiato il microfono%2C ma se la rana è arrabbiata che l'abbia danneggiato%2C lo escluderà dalla serata di karaoke. ,The panda didn't damage the mic%2C but if the frog is angry that he did%2C he will uninvite him from karaoke night.,3,true_factive,notpif,2,8847,10996,5,1
990427,24,femmina,destrimana/o,italiano,Linguistica ,No,e,A,La papera non ha sporcato nulla%2C ma se ha sporcato anche il tappeto%2C il panda non la inviterà più a casa sua.,The duck didn't dirty anything%2C but if she dirtied the carpet too%2C the panda won't invite her anymore.,27,too,notpif,4,8078,9695,6,1
990427,24,femmina,destrimana/o,italiano,Linguistica ,No,e,A,Non so se la papera abbia mai bruciato il pane%2C ma se l'ha bruciato di nuovo ieri%2C il panda non farà più colazione con lei.,I don't know whether the duck has ever burnt the bread%2C but if she burnt it again yesterday%2C the panda won't have breakfast with her anymore.,30,again,dontknowwhether,3,7694,8812,7,1
990427,24,femmina,destrimana/o,italiano,Linguistica ,No,e,A,Non so se la rana abbia perduto qualcosa%2C ma se ha perduto anche le chiavi%2C la papera andrà nel panico.,I don't know whether the frog lost anything%2C but if she lost the keys too%2C the duck will panic.,26,too,dontknowwhether,4,8761,9728,8,1
990427,24,femmina,destrimana/o,italiano,Linguistica ,No,e,A,La papera non ha smarrito il bracciale dell'amicizia%2C ma se la rana pensa che l'abbia smarrito%2C sarà molto delusa.,The duck didn't lose the friendship bracelet%2C but if the frog thinks that she did%2C he will be very disappointed.,19,non_factive,notpif,7,12796,17515,9,1
990427,24,femmina,destrimana/o,italiano,Linguistica ,No,e,A,Non so se la papera abbia tagliuzzato il poster%2C ma se il panda capisce che l'ha tagliuzzato%2C le verserà del succo nello zaino.,I don't know whether the duck cut the poster%2C but if the panda understands that she did%2C he will pour juice into her backpack.,12,semi_factive,dontknowwhether,3,6894,10130,11,1
990427,24,femmina,destrimana/o,italiano,Linguistica ,No,e,A,Non so se il panda abbia rotto qualcosa%2C ma se ha rotto anche il vaso di porcellana%2C la rana andrà su tutte le furie.,I don't know whether the panda broke anything%2C but if he broke the porcelaine vase too%2C the frog will flare up.,28,too,dontknowwhether,3,8797,10513,14,1
990427,24,femmina,destrimana/o,italiano,Linguistica ,No,e,A,La papera non ha potato la siepe%2C ma la rana%2C dopo averla innaffiata%2C si è resa conto che la papera l'ha potata.,I don't know whether the duck pruned the hedge%2C but the frog%2C after watering it%2C realized that the duck pruned it.,48,semi_factive,dontknowwhetherand,1,11280,12697,15,1
990427,24,femmina,destrimana/o,italiano,Linguistica ,No,e,A,Non so se la rana abbia dimenticato il compleanno della papera%2C ma se la papera pensa che l'abbia dimenticato%2C nasconderà il diario dell'amicizia nel bosco.,I don't know whether the frog forgot the duck's birthday%2C but if the duck thinks that he did%2C she will hide the friendship book in the wood.,18,non_factive,dontknowwhether,3,8563,9330,18,1
990427,24,femmina,destrimana/o,italiano,Linguistica ,No,e,A,La rana non ha truccato il mazzo di carte%2C ma se il panda capisce che l'ha truccato%2C la escluderà dal prossimo pigiama party. ,The frog didn't manipulate the deck%2C but if the panda understands that she did%2C he will uninvite him from the next sleepover.,9,semi_factive,notpif,1,4526,5210,19,1
990427,24,femmina,destrimana/o,italiano,Linguistica ,No,e,A,Non so se la rana abbia strappato il biglietto di auguri%2C ma se il panda pensa che l'abbia strappato%2C si metterà a piangere.,I don't know whether the frog tore up the birthday card%2C but if the panda thinks that he did%2C he will start to cry.,20,non_factive,dontknowwhether,7,13447,14949,21,1
990427,24,femmina,destrimana/o,italiano,Linguistica ,No,e,A,La rana non ha strisciato la finestra in soffitta%2C ma la papera è arrabbiata che l'abbia strisciata. ,I don't know if the frog crawled the attic window%2C but the duck is angry that he crawled it.,36,true_factive,dontknowwhetherand,1,7429,8312,23,1
990427,24,femmina,destrimana/o,italiano,Linguistica ,No,e,A,La papera non ha preso il voto massimo%2C ma se la rana pensa che l'abbia preso%2C sarà gelosa.,The duck didn't get the top grade%2C but if the frog thinks that she did%2C he will be jealous.,17,non_factive,notpif,6,6095,8231,25,2
990427,24,femmina,destrimana/o,italiano,Linguistica ,No,e,A,Non so se la papera abbia rotto il vasetto di miele%2C ma se il panda si rende conto che l'ha rotto%2C le terrà il broncio.,I don't know whether the duck broke the honey jar%2C but if the panda realizes that she did%2C he will pout.,14,semi_factive,dontknowwhether,5,19319,20185,26,2
990427,24,femmina,destrimana/o,italiano,Linguistica ,No,e,A,Non so se il panda abbia rubato il quaderno da colorare%2C ma se la papera è triste che l'abbia rubato%2C lo manderà via.,I don't know whether the panda stole the coloring book%2C but if the duck is sad that he did%2C she will throw him out.,8,true_factive,dontknowwhether,2,22266,24666,27,2
990427,24,femmina,destrimana/o,italiano,Linguistica ,No,e,A,Il panda non ha spaccato il trenino%2C ma se la papera crede che l'abbia spaccato%2C gli ruberà il quaderno da colorare. ,The panda didn't break the model train%2C but if the duck believes that he did%2C she will steal his coloring book.,21,non_factive,notpif,7,6109,9145,28,2
990427,24,femmina,destrimana/o,italiano,Linguistica ,No,e,A,Il panda non ha mai offeso la rana%2C ma se l'ha offesa di nuovo ieri%2C la rana lo prenderà in giro davanti a tutti.,The panda has never offended the frog%2C but if he offended her again yesterday%2C the frog will make fun of him in font of everybody.,31,again,notpif,1,4093,4978,30,2
990427,24,femmina,destrimana/o,italiano,Linguistica ,No,e,A,Non so se la papera abbia buttato via la cartolina%2C ma se il panda capisce che l'ha buttata via%2C non le parlerà mai più.,I don't know whether the duck threw away the postcard%2C but if the panda understands that she did%2C he will not speak to her anymore.,10,semi_factive,dontknowwhether,6,8379,9263,31,2
990427,24,femmina,destrimana/o,italiano,Linguistica ,No,e,A,La rana non ha mai usato il giocattolo della papera%2C ma se l'ha usato di nuovo ieri%2C la papera le getterà tutti i disegni nel fango.,The frog has never used the duck's toy%2C but if she used it again yesterday%2C the duck will throw all her drawing in the mud.,29,again,notpif,1,4026,4827,33,2
990427,24,femmina,destrimana/o,italiano,Linguistica ,No,e,A,Il panda non ha forato il gonfiabile%2C ma se la rana si rende conto che l'ha forato%2C lo dirà alla maestra.,The panda didn't make a hole in the bouncy castle%2C but if the frog realizes that he did%2C he will tell the teacher.,15,semi_factive,notpif,1,9396,10863,34,2
990427,24,femmina,destrimana/o,italiano,Linguistica ,No,e,A,La papera non ha modificato la ricetta della torta%2C ma la rana%2C dopo averla riletta%2C si è resa conto che la papera l'ha modificata.,I don't know whether the duck changed the cake recipe%2C but the frog%2C after re-reading it%2C realized that the duck changed it.,45,semi_factive,dontknowwhetherand,1,10464,11897,35,2
990427,24,femmina,destrimana/o,italiano,Linguistica ,No,e,A,Il panda non ha fatto morire le rose%2C ma la papera è arrabbiata che le abbia fatte morire. ,I don't know if the panda made the roses die%2C but the duck is angry that he made them die.,33,true_factive,dontknowwhetherand,1,4708,8511,37,2
990427,24,femmina,destrimana/o,italiano,Linguistica ,No,e,A,La rana non ha nascosto i pennarelli%2C ma se la papera capisce che li ha nascosti%2C le sotterrerà le figurine in giardino.,The frog didn't hide the crayons%2C but if the duck understands that he did%2C she bury his favorite figurines in the yard.,11,semi_factive,notpif,1,6812,7779,39,2
990427,24,femmina,destrimana/o,italiano,Linguistica ,No,e,A,La rana non ha truccato la macchinina telecomandata%2C ma il panda%2C dopo averla usata%2C ha capito che la rana l'ha truccata.,I don't know whether the frog rigged the remote control car%2C but the panda%2C after using it%2C realized that the frog rigged it.,44,semi_factive,dontknowwhetherand,3,15116,15835,40,2
990427,24,femmina,destrimana/o,italiano,Linguistica ,No,e,A,La papera non ha perso l'aquilone%2C ma se il panda è arrabbiato che l'abbia perso%2C le getterà gli occhiali da sole in mare.,The duck didn't lose the kite%2C but if the panda is angry that she did%2C he will hurl her sunglasses in the sea.,1,true_factive,notpif,1,12834,14350,41,2
990427,24,femmina,destrimana/o,italiano,Linguistica ,No,e,A,La papera non ha mollato il corso di nuoto%2C ma il panda è triste che l'abbia mollato. ,I don't know if the duck quit swimming class%2C but the panda is sad that he quit it.,40,true_factive,dontknowwhetherand,1,6445,7261,43,2
990427,24,femmina,destrimana/o,italiano,Linguistica ,No,e,A,Non so se la papera abbia imbrattato il muro%2C ma se il panda crede che l'abbia imbrattato%2C le nasconderà tutti i pennarelli.,I don't know whether the duck painted the wall%2C but if the panda believes that she did%2C he will hide all of her crayons.,24,non_factive,dontknowwhether,7,7778,8629,46,2
990427,24,femmina,destrimana/o,italiano,Linguistica ,No,e,A,Non so se il panda abbia calpestato le margherite%2C ma se la rana crede che le abbia calpestate%2C preparerà dei gavettoni per punirlo.,I don't know whether the panda trampled the daisies%2C but if the frog believes that he did%2C he will prepare water balloons to punish him.,22,non_factive,dontknowwhether,7,4094,5110,52,3
990427,24,femmina,destrimana/o,italiano,Linguistica ,No,e,A,La papera non ha distrutto il castello di sabbia%2C ma se il panda è triste che l'abbia distrutto%2C piangerà per tutto il giorno.,The duck didn't destroy the sand castle%2C but if the panda is sad that she did%2C he will cry all day.,5,true_factive,notpif,1,9797,10881,55,3
990427,24,femmina,destrimana/o,italiano,Linguistica ,No,e,A,Non so se la rana abbia mai rovesciato la bottiglia d'olio%2C ma se l'ha rovesciata di nuovo ieri%2C la paperà le farà pulire tutta la cucina.,I don't know whether the frog has ever knocked over the oil bottle%2C but if she knocked it over again yesterday%2C the duck will make her clean the entire kitchen.,32,again,dontknowwhether,1,4345,5179,58,3
990427,24,femmina,destrimana/o,italiano,Linguistica ,No,e,A,Non so se la rana abbia squarciato l'orsacchiotto%2C ma se la papera è triste che l'abbia squarciato%2C le disegnerà sulla faccia con l'indelebile.,I don't know whether the frog cut open the teddy bear%2C but if the duck is sad that he did%2C she will draw on his face with sharpie.,6,true_factive,dontknowwhether,2,7229,8212,60,3
990427,24,femmina,destrimana/o,italiano,Linguistica ,No,e,A,La rana non ha spaccato le automobiline%2C ma il panda%2C dopo averle esaminate%2C ha capito che la rana le ha spaccate.,I don't know if the frog broke the toy train%2C but the panda%2C after examining it%2C realized that the frog broke it.,41,semi_factive,dontknowwhetherand,5,7529,9797,63,3
990427,24,femmina,destrimana/o,italiano,Linguistica ,No,e,A,La rana non ha finito la limonata%2C ma se la papera crede che l'abbia finita%2C andrà a comprare dei limoni.,The frog didn't finish the lemonade%2C but if the duck believes that he did%2C she will go buy lemons.,23,non_factive,notpif,7,6496,7462,64,3
990427,24,femmina,destrimana/o,italiano,Linguistica ,No,e,A,La papera non ha gettato via le bambole di pezza%2C ma il panda è triste che le abbia gettate via. ,I don't know if the duck threw away the rag dolls%2C but the panda is sad that he threw them away.,37,true_factive,dontknowwhetherand,1,8344,9112,65,3
990427,24,femmina,destrimana/o,italiano,Linguistica ,No,e,A,Il panda non ha piegato le lancette dell'orologio%2C ma se la rana si rende conto che le ha piegate%2C gli urlerà contro.,The panda didn't bend the hands of the clock%2C but if the frog realizes that he did%2C he will shout at him.,13,semi_factive,notpif,3,15765,16450,68,3
990427,24,femmina,destrimana/o,italiano,Linguistica ,No,e,A,Il panda non ha bruciato l'album di foto%2C ma se la rana è triste che l'abbia bruciato%2C piangerà a dirotto.,The panda didn't burn the photo album%2C but if the frog is sad that he did%2C he will cry his eyes out.,7,true_factive,notpif,2,7194,9430,71,3
990427,24,femmina,destrimana/o,italiano,Linguistica ,No,e,A,Il panda non ha sottratto nulla alla rana%2C ma se le ha sottratto anche il cappello%2C la rana gli strapperà il costume da bagno.,The panda didn't steal anything from the frog%2C but if he stole her hat too%2C the frog will rip his bathing suit.,25,too,notpif,1,4411,5228,72,3
990427,24,femmina,destrimana/o,italiano,Linguistica ,No,e,A,Non so se il panda abbia bucato il pallone da calcio%2C ma se la rana è arrabbiata che l'abbia bucato%2C gli verserà del latte sul computer.,I don't know whether the panda punctured the football%2C but if the frog is angry that he did%2C he will pour milk over his laptop.,2,true_factive,dontknowwhether,6,7178,9730,73,4
990427,24,femmina,destrimana/o,italiano,Linguistica ,No,e,A,Non so se la rana abbia rovinato il puzzle%2C ma se il panda è arrabbiato che l'abbia rovinato%2C le butterà le scarpe fuori dalla finestra.,I don't know whether the frog ruined the puzzle%2C but if the panda is angry that he did%2C he will throw his shoes out of the window.,4,true_factive,dontknowwhether,7,7794,8363,74,4
990427,24,femmina,destrimana/o,italiano,Linguistica ,No,e,B,Il panda non ha cambiato le regole del gioco di ruolo%2C ma la papera%2C dopo averle ripassate%2C si è erroneamente resa conto che il panda le ha cambiate.,The panda did not change the rules of the role-playing game%2C but the duck%2C after reviewing them%2C mistakenly realized that the panda changed them.,46,semi_factive,mistaken,4,13692,14576,76,4
990427,24,femmina,destrimana/o,italiano,Linguistica ,No,e,B,La papera crede erroneamente che la rana abbia dato via il vestito da festa%2C ed è triste che l'abbia dato via. ,The duck mistakenly believes that the frog stole the party dress%2C and he is sad that he stole it.,39,true_factive,mistaken,5,13699,14515,77,4
990427,24,femmina,destrimana/o,italiano,Linguistica ,No,e,B,La rana crede erroneamente che il panda abbia perduto l'album dei ricordi%2C ed è triste che l'abbia perduto. ,The frog mistakenly believes that the panda has lost the scrapbook%2C and he is sad that he has lost it.,38,true_factive,mistaken,4,11229,11763,79,4
990427,24,femmina,destrimana/o,italiano,Linguistica ,No,e,B,Il panda crede erroneamente che la rana abbia forzato la porta della cantina%2C ed è arrabbiato che l'abbia forzata. ,The panda mistakenly believes that the frog smashed the cellar door%2C and is angry that he smashed it.,35,true_factive,mistaken,6,8226,12963,84,4
990427,24,femmina,destrimana/o,italiano,Linguistica ,No,e,B,La papera non ha smarrito la chiave della cantina%2C ma la rana%2C dopo averla cercata%2C ha erroneamente capito che la papera l'ha smarrita.,The duck did not misplace the house keys%2C but the frog%2C after looking for them%2C mistakenly realized that the duck misplaced them.,42,semi_factive,mistaken,2,13648,14449,85,4
990427,24,femmina,destrimana/o,italiano,Linguistica ,No,e,B,La rana non ha copiato le risposte della verifica%2C ma il panda%2C dopo averle viste%2C si è erroneamente reso conto che la rana le ha copiate.,The frog did not copy the answers in the check%2C but the panda%2C after seeing them%2C mistakenly realized that the frog copied them.,47,semi_factive,mistaken,1,14465,18034,88,4
990427,24,femmina,destrimana/o,italiano,Linguistica ,No,e,B,Il panda non ha forzato la serratura%2C ma la papera%2C dopo averla controllata%2C ha erroneamente capito che il panda l'ha forzata.,The panda did not pick the lock%2C but the duck%2C after checking it%2C mistakenly realized that the panda had picked it.,43,semi_factive,mistaken,1,11712,15599,93,4
990427,24,femmina,destrimana/o,italiano,Linguistica ,No,e,B,La rana crede erroneamente che la papera abbia dimenticato la torta%2C ed è arrabbiata che l'abbia dimenticata. ,The frog mistakenly believes the duck forgot the cake%2C and is angry that he forgot it.,34,true_factive,mistaken,6,6428,8413,96,4
611893,24,femmina,destrimana/o,italiano,Linguistica,No,f,A,La papera non ha mai bruciato il pane%2C ma se l'ha bruciato di nuovo ieri%2C il panda non farà più colazione con lei.,The duck has never burnt the bread%2C but if she burnt it again yesterday%2C the panda won't have breakfast with her anymore.,30,again,notpif,2,25682,26618,1,1
611893,24,femmina,destrimana/o,italiano,Linguistica,No,f,A,Non so se il panda abbia danneggiato il microfono%2C ma se la rana è arrabbiata che l'abbia danneggiato%2C lo escluderà dalla serata di karaoke. ,I don't know whether the panda damaged the mic%2C but if the frog is angry that he did%2C he will uninvite him from karaoke night.,3,true_factive,dontknowwhether,2,15761,18762,4,1
611893,24,femmina,destrimana/o,italiano,Linguistica,No,f,A,La rana non ha squarciato l'orsacchiotto%2C ma se la papera è triste che l'abbia squarciato%2C le disegnerà sulla faccia con l'indelebile.,The frog didn't cut open the teddy bear%2C but if the duck is sad that he did%2C she will draw on his face with sharpie.,6,true_factive,notpif,1,25877,27142,7,1
611893,24,femmina,destrimana/o,italiano,Linguistica,No,f,A,Non so se la papera abbia smarrito il bracciale dell'amicizia%2C ma se la rana pensa che l'abbia smarrito%2C sarà molto delusa.,I don't know whether the duck lost the friendship bracelet%2C but if the frog thinks that she did%2C he will be very disappointed.,19,non_factive,dontknowwhether,6,16346,17643,8,1
611893,24,femmina,destrimana/o,italiano,Linguistica,No,f,A,Non so se la papera abbia distrutto il castello di sabbia%2C ma se il panda è triste che l'abbia distrutto%2C piangerà per tutto il giorno.,I don't know whether the duck destroyed the sand castle%2C but if the panda is sad that she did%2C he will cry all day.,5,true_factive,dontknowwhether,6,20028,20961,9,1
611893,24,femmina,destrimana/o,italiano,Linguistica,No,f,A,Non so se il panda abbia piegato le lancette dell'orologio%2C ma se la rana si rende conto che le ha piegate%2C gli urlerà contro.,I don't know whether the panda bent the hands of the clock%2C but if the frog realizes that he did%2C he will shout at him.,13,semi_factive,dontknowwhether,7,21229,22410,10,1
611893,24,femmina,destrimana/o,italiano,Linguistica,No,f,A,Non so se la papera abbia perso l'aquilone%2C ma se il panda è arrabbiato che l'abbia perso%2C le getterà gli occhiali da sole in mare.,I don't know whether the duck lost the kite%2C but if the panda is angry that she did%2C he will hurl her sunglasses in the sea.,1,true_factive,dontknowwhether,6,20160,21094,12,1
611893,24,femmina,destrimana/o,italiano,Linguistica,No,f,A,La rana non ha copiato le risposte della verifica%2C ma il panda%2C dopo averle viste%2C si è reso conto che la rana le ha copiate.,I don't know whether the frog copied the answers in the check%2C but the panda%2C after seeing them%2C realized that the frog copied them.,47,semi_factive,dontknowwhetherand,3,25114,26146,15,1
611893,24,femmina,destrimana/o,italiano,Linguistica,No,f,A,Non so se la rana abbia truccato il mazzo di carte%2C ma se il panda capisce che l'ha truccato%2C la escluderà dal prossimo pigiama party. ,I don't know whether the frog manipulated the deck%2C but if the panda understands that she did%2C he will uninvite him from the next sleepover.,9,semi_factive,dontknowwhether,7,8800,10901,17,1
611893,24,femmina,destrimana/o,italiano,Linguistica,No,f,A,La papera non ha rotto il vasetto di miele%2C ma se il panda si rende conto che l'ha rotto%2C le terrà il broncio., The duck didn't break the honey jar%2C but if the panda realizes that she did%2C he will pout.,14,semi_factive,notpif,2,6758,8043,18,1
611893,24,femmina,destrimana/o,italiano,Linguistica,No,f,A,La papera non ha buttato via la cartolina%2C ma se il panda capisce che l'ha buttata via%2C non le parlerà mai più.,The duck didn't throw away the postcard%2C but if the panda understands that she did%2C he will not speak to her anymore.,10,semi_factive,notpif,3,12514,23847,21,1
611893,24,femmina,destrimana/o,italiano,Linguistica,No,f,A,Non so se il panda abbia spaccato il trenino%2C ma se la papera crede che l'abbia spaccato%2C gli ruberà il quaderno da colorare. ,I don't know whether the panda broke the model train%2C but if the duck believes that he did%2C she will steal his coloring book.,21,non_factive,dontknowwhether,7,7029,8061,24,1
611893,24,femmina,destrimana/o,italiano,Linguistica,No,f,A,Non so se la rana abbia finito la limonata%2C ma se la papera crede che l'abbia finita%2C andrà a comprare dei limoni.,I don't know whether the frog finished the lemonade%2C but if the duck believes that he did%2C she will go buy lemons.,23,non_factive,dontknowwhether,7,5943,6861,25,2
611893,24,femmina,destrimana/o,italiano,Linguistica,No,f,A,Il panda non ha perduto l'album dei ricordi%2C ma la rana è triste che l'abbia perduto. ,I don't know if the panda lost the scrapbook%2C but the frog is sad that he lost it.,38,true_factive,dontknowwhetherand,1,9027,10029,26,2
611893,24,femmina,destrimana/o,italiano,Linguistica,No,f,A,La papera non ha tagliuzzato il poster%2C ma se il panda capisce che l'ha tagliuzzato%2C le verserà del succo nello zaino.,The duck didn't cut the poster%2C but if the panda understands that she did%2C he will pour juice into her backpack.,12,semi_factive,notpif,1,14994,16429,28,2
611893,24,femmina,destrimana/o,italiano,Linguistica,No,f,A,La papera non ha smarrito la chiave della cantina%2C ma la rana%2C dopo averla cercata%2C ha capito che la papera l'ha smarrita.,I don't know if the duck misplaced the house keys%2C but the frog%2C after looking for them%2C realized that the duck misplaced them.,42,semi_factive,dontknowwhetherand,2,9776,11460,29,2
611893,24,femmina,destrimana/o,italiano,Linguistica,No,f,A,Non so se la rana abbia nascosto i pennarelli%2C ma se la papera capisce che li ha nascosti%2C le sotterrerà le figurine in giardino.,I don't know whether the frog hid the crayons%2C but if the duck understands that he did%2C she bury his favorite figurines in the yard.,11,semi_factive,dontknowwhether,7,10160,11060,33,2
611893,24,femmina,destrimana/o,italiano,Linguistica,No,f,A,Non so se il panda abbia bruciato l'album di foto%2C ma se la rana è triste che l'abbia bruciato%2C piangerà a dirotto.,I don't know whether the panda burned the photo album%2C but if the frog is sad that he did%2C he will cry his eyes out.,7,true_factive,dontknowwhether,3,15762,16595,37,2
611893,24,femmina,destrimana/o,italiano,Linguistica,No,f,A,La rana non ha strappato il biglietto di auguri%2C ma se il panda pensa che l'abbia strappato%2C si metterà a piangere.,The frog didn't tear up the birthday card%2C but if the panda thinks that he did%2C he will start to cry.,20,non_factive,notpif,6,16760,19445,43,2
611893,24,femmina,destrimana/o,italiano,Linguistica,No,f,A,Il panda non ha rubato il quaderno da colorare%2C ma se la papera è triste che l'abbia rubato%2C lo manderà via.,The panda didn't steal the coloring book%2C but if the duck is sad that he did%2C she will throw him out.,8,true_factive,notpif,2,12979,13828,44,2
611893,24,femmina,destrimana/o,italiano,Linguistica,No,f,A,Il panda non ha forzato la serratura%2C ma la papera%2C dopo averla controllata%2C ha capito che il panda l'ha forzata.,I don't know if the panda picked the lock%2C but the duck%2C after checking it%2C realized that the panda picked it.,43,semi_factive,dontknowwhetherand,3,8929,9959,45,2
611893,24,femmina,destrimana/o,italiano,Linguistica,No,f,A,Non so se la rana abbia mai usato il giocattolo della papera%2C ma se l'ha usato di nuovo ieri%2C la papera le getterà tutti i disegni nel fango.,I don't know whether the frog has nver used the duck's toy%2C but if she used it again yesterday%2C the duck will throw all her drawing in the mud.,29,again,dontknowwhether,3,17045,17814,46,2
611893,24,femmina,destrimana/o,italiano,Linguistica,No,f,A,Non so se la papera abbia preso il voto massimo%2C ma se la rana pensa che l'abbia preso%2C sarà gelosa.,I don't know whether the duck got the top grade%2C but if the frog thinks that she did%2C he will be jealous.,17,non_factive,dontknowwhether,7,7734,8981,49,3
611893,24,femmina,destrimana/o,italiano,Linguistica,No,f,A,La rana non ha forzato la porta della cantina%2C ma il panda è arrabbiato che l'abbia forzata. ,I don't know if the frog smashed the cellar door%2C but the panda is angry that he smashed it.,35,true_factive,dontknowwhetherand,3,12165,12981,50,3
611893,24,femmina,destrimana/o,italiano,Linguistica,No,f,A,La rana non ha mai rovesciato la bottiglia d'olio%2C ma se l'ha rovesciata di nuovo ieri%2C la paperà le farà pulire tutta la cucina.,The frog has never knocked over the oil bottle%2C but if she knocked it over again yesterday%2C the duck will make her clean the entire kitchen.,32,again,notpif,2,5576,11445,52,3
611893,24,femmina,destrimana/o,italiano,Linguistica,No,f,A,La rana non ha perduto nulla%2C ma se ha perduto anche le chiavi%2C la papera andrà nel panico.,The frog didn't lose anything%2C but if she lost the keys too%2C the duck will panic.,26,too,notpif,1,8562,9711,53,3
611893,24,femmina,destrimana/o,italiano,Linguistica,No,f,A,La papera non ha imbrattato il muro%2C ma se il panda crede che l'abbia imbrattato%2C le nasconderà tutti i pennarelli.,The duck didn't paint the wall%2C but if the panda believes that she did%2C he will hide all of her crayons.,24,non_factive,notpif,6,23060,25142,56,3
611893,24,femmina,destrimana/o,italiano,Linguistica,No,f,A,Non so se il panda abbia sottratto qualcosa alla rana%2C ma se le ha sottratto anche il cappello%2C la rana gli strapperà il costume da bagno.,I don't know whether the panda stole anything from the frog%2C but if he stole her hat too%2C the frog will rip his bathing suit.,25,too,dontknowwhether,2,12145,13545,57,3
611893,24,femmina,destrimana/o,italiano,Linguistica,No,f,A,Il panda non ha calpestato le margherite%2C ma se la rana crede che le abbia calpestate%2C preparerà dei gavettoni per punirlo.,The panda didn't trample the daisies%2C but if the frog believes that he did%2C he will prepare water balloons to punish him.,22,non_factive,notpif,7,8546,9479,59,3
611893,24,femmina,destrimana/o,italiano,Linguistica,No,f,A,Non so se la papera abbia sporcato qualcosa%2C ma se ha sporcato anche il tappeto%2C il panda non la inviterà più a casa sua.,I don't know whether the duck dirtied anything%2C but if she dirtied the carpet too%2C the panda won't invite her anymore.,27,too,dontknowwhether,2,8264,10695,60,3
611893,24,femmina,destrimana/o,italiano,Linguistica,No,f,A,La rana non ha dimenticato il compleanno della papera%2C ma se la papera pensa che l'abbia dimenticato%2C nasconderà il diario dell'amicizia nel bosco.,The frog didn't forget the duck's birthday%2C but if the duck thinks that he did%2C she will hide the friendship book in the wood.,18,non_factive,notpif,7,10108,11243,62,3
611893,24,femmina,destrimana/o,italiano,Linguistica,No,f,A,Il panda non ha cambiato le regole del gioco di ruolo%2C ma la papera%2C dopo averle ripassate%2C si è resa conto che il panda le ha cambiate.,I don't know whether the panda changed the rules of the role-playing game%2C but the duck%2C after reviewing them%2C realized that the panda changed them.,46,semi_factive,dontknowwhetherand,2,9493,11277,64,3
611893,24,femmina,destrimana/o,italiano,Linguistica,No,f,A,La rana non ha rovinato il puzzle%2C ma se il panda è arrabbiato che l'abbia rovinato%2C le butterà le scarpe fuori dalla finestra.,The frog didn't ruin the puzzle%2C but if the panda is angry that he did%2C he will throw his shoes out of the window.,4,true_factive,notpif,2,6480,7478,65,3
611893,24,femmina,destrimana/o,italiano,Linguistica,No,f,A,Il panda non ha bucato il pallone da calcio%2C ma se la rana è arrabbiata che l'abbia bucato%2C gli verserà del latte sul computer.,The panda didn't puncture the football%2C but if the frog is angry that he did%2C he will pour milk over his laptop.,2,true_factive,notpif,2,14746,17362,67,3
611893,24,femmina,destrimana/o,italiano,Linguistica,No,f,A,La rana non ha dato via il vestito da festa%2C ma la papera è triste che l'abbia dato via. ,I don't know if the frog stole the party dress%2C but the duck is sad that he stole it.,39,true_factive,dontknowwhetherand,1,21112,22379,68,3
611893,24,femmina,destrimana/o,italiano,Linguistica,No,f,A,Il panda non ha rotto nulla%2C ma se ha rotto anche il vaso di porcellana%2C la rana andrà su tutte le furie.,The panda didn't break anything%2C but if he broke the porcelaine vase too%2C the frog will flare up.,28,too,notpif,1,7059,9511,69,3
611893,24,femmina,destrimana/o,italiano,Linguistica,No,f,A,Il panda non ha letto il diario segreto%2C ma se la rana si rende conto che l'ha letto%2C considererà la loro amicizia rovinata.,The panda didn't read the diary%2C but if the frog realizes that he did%2C he will consider their friendship ruined.,16,semi_factive,notpif,2,5879,7944,70,3
611893,24,femmina,destrimana/o,italiano,Linguistica,No,f,A,Non so se il panda abbia forato il gonfiabile%2C ma se la rana si rende conto che l'ha forato%2C lo dirà alla maestra.,I don't know whether the panda made a hole in the bouncy castle%2C but if the frog realizes that he did%2C he will tell the teacher.,15,semi_factive,dontknowwhether,7,6630,7631,71,3
611893,24,femmina,destrimana/o,italiano,Linguistica,No,f,A,Non so se il panda abbia mai offeso la rana%2C ma se l'ha offesa di nuovo ieri%2C la rana lo prenderà in giro davanti a tutti.,I don't know whether the panda has ever offended the frog%2C but if he offended her again yesterday%2C the frog will make fun of him in font of everybody.,31,again,dontknowwhether,3,16010,18679,72,3
611893,24,femmina,destrimana/o,italiano,Linguistica,No,f,A,La papera non ha dimenticato la torta%2C ma la rana è arrabbiata che l'abbia dimenticata. ,I don't know if the duck forgot the cake%2C but the frog is angry that he forgot it.,34,true_factive,dontknowwhetherand,1,5229,6412,74,4
611893,24,femmina,destrimana/o,italiano,Linguistica,No,f,B,Il panda crede erroneamente che la papera abbia gettato via le bambole di pezza%2C ed è triste che le abbia gettate via. ,The panda mistakenly believes that the duck threw away the rag dolls%2C and is sad that he threw them away.,37,true_factive,mistaken,7,9515,10667,76,4
611893,24,femmina,destrimana/o,italiano,Linguistica,No,f,B,La papera crede erroneamente che la rana abbia strisciato la finestra in soffitta%2C ed è arrabbiata che l'abbia strisciata. ,The duck mistakenly believes the frog crawled through the attic window%2C and is angry that he crawled through it.,36,true_factive,mistaken,7,16728,18459,77,4
611893,24,femmina,destrimana/o,italiano,Linguistica,No,f,B,Il panda crede erroneamente che la papera abbia mollato il corso di nuoto%2C ed è triste che l'abbia mollato. ,The panda mistakenly believes that the duck dropped out of swimming class%2C and he is sad that he dropped out.,40,true_factive,mistaken,1,9811,10797,78,4
611893,24,femmina,destrimana/o,italiano,Linguistica,No,f,B,La papera non ha potato la siepe%2C ma la rana%2C dopo averla innaffiata%2C si è erroneamente resa conto che la papera l'ha potata.,The duck did not prune the hedge%2C but the frog%2C after watering it%2C mistakenly realized that the duck pruned it.,48,semi_factive,mistaken,1,18644,19510,80,4
611893,24,femmina,destrimana/o,italiano,Linguistica,No,f,B,La papera crede erroneamente che il panda abbia fatto morire le rose%2C ed è arrabbiata che le abbia fatte morire. ,The duck mistakenly believes that the panda made the roses die%2C and is angry that he made them die.,33,true_factive,mistaken,7,6061,14578,81,4
611893,24,femmina,destrimana/o,italiano,Linguistica,No,f,B,La rana non ha spaccato le automobiline%2C ma il panda%2C dopo averle esaminate%2C ha erroneamente capito che la rana le ha spaccate.,The frog did not break the toy train%2C but the panda%2C after examining it%2C mistakenly realizes that the frog broke it.,41,semi_factive,mistaken,1,10180,11460,84,4
611893,24,femmina,destrimana/o,italiano,Linguistica,No,f,B,La rana non ha truccato la macchinina telecomandata%2C ma il panda%2C dopo averla usata%2C ha erroneamente capito che la rana l'ha truccata.,The frog did not rig the remote control car%2C but the panda%2C after using it%2C mistakenly realized that the frog rigged it.,44,semi_factive,mistaken,2,37581,38716,85,4
611893,24,femmina,destrimana/o,italiano,Linguistica,No,f,B,La papera non ha modificato la ricetta della torta%2C ma la rana%2C dopo averla riletta%2C si è erroneamente resa conto che la papera l'ha modificata.,The duck did not change the cake recipe%2C but the frog%2C after re-reading it%2C mistakenly realized that the duck changed it.,45,semi_factive,mistaken,2,6829,7745,94,4
361252,18,femmina,destrimana/o,italiano,Psicologia dello sviluppo,No,a,A,La rana non ha nascosto i pennarelli%2C ma se la papera capisce che li ha nascosti%2C le sotterrerà le figurine in giardino.,The frog didn't hide the crayons%2C but if the duck understands that he did%2C she bury his favorite figurines in the yard.,11,semi_factive,notpif,5,7917,9180,1,1
361252,18,femmina,destrimana/o,italiano,Psicologia dello sviluppo,No,a,A,La rana non ha strisciato la finestra in soffitta%2C ma la papera è arrabbiata che l'abbia strisciata. ,I don't know if the frog crawled the attic window%2C but the duck is angry that he crawled it.,36,true_factive,dontknowwhetherand,3,862,1604,3,1
361252,18,femmina,destrimana/o,italiano,Psicologia dello sviluppo,No,a,A,La papera non ha modificato la ricetta della torta%2C ma la rana%2C dopo averla riletta%2C si è resa conto che la papera l'ha modificata.,I don't know whether the duck changed the cake recipe%2C but the frog%2C after re-reading it%2C realized that the duck changed it.,45,semi_factive,dontknowwhetherand,6,714,1498,4,1
361252,18,femmina,destrimana/o,italiano,Psicologia dello sviluppo,No,a,A,Non so se la papera abbia mai bruciato il pane%2C ma se l'ha bruciato di nuovo ieri%2C il panda non farà più colazione con lei.,I don't know whether the duck has ever burnt the bread%2C but if she burnt it again yesterday%2C the panda won't have breakfast with her anymore.,30,again,dontknowwhether,6,921,1741,6,1
361252,18,femmina,destrimana/o,italiano,Psicologia dello sviluppo,No,a,A,Non so se il panda abbia calpestato le margherite%2C ma se la rana crede che le abbia calpestate%2C preparerà dei gavettoni per punirlo.,I don't know whether the panda trampled the daisies%2C but if the frog believes that he did%2C he will prepare water balloons to punish him.,22,non_factive,dontknowwhether,3,790,1541,7,1
361252,18,femmina,destrimana/o,italiano,Psicologia dello sviluppo,No,a,A,La papera non ha preso il voto massimo%2C ma se la rana pensa che l'abbia preso%2C sarà gelosa.,The duck didn't get the top grade%2C but if the frog thinks that she did%2C he will be jealous.,17,non_factive,notpif,4,765,1475,9,1
361252,18,femmina,destrimana/o,italiano,Psicologia dello sviluppo,No,a,A,La rana non ha truccato il mazzo di carte%2C ma se il panda capisce che l'ha truccato%2C la escluderà dal prossimo pigiama party. ,The frog didn't manipulate the deck%2C but if the panda understands that she did%2C he will uninvite him from the next sleepover.,9,semi_factive,notpif,2,830,1598,10,1
361252,18,femmina,destrimana/o,italiano,Psicologia dello sviluppo,No,a,A,Non so se la rana abbia rovinato il puzzle%2C ma se il panda è arrabbiato che l'abbia rovinato%2C le butterà le scarpe fuori dalla finestra.,I don't know whether the frog ruined the puzzle%2C but if the panda is angry that he did%2C he will throw his shoes out of the window.,4,true_factive,dontknowwhether,6,656,1416,11,1
361252,18,femmina,destrimana/o,italiano,Psicologia dello sviluppo,No,a,A,La papera non ha gettato via le bambole di pezza%2C ma il panda è triste che le abbia gettate via. ,I don't know if the duck threw away the rag dolls%2C but the panda is sad that he threw them away.,37,true_factive,dontknowwhetherand,5,707,1822,14,1
361252,18,femmina,destrimana/o,italiano,Psicologia dello sviluppo,No,a,A,Non so se la rana abbia strappato il biglietto di auguri%2C ma se il panda pensa che l'abbia strappato%2C si metterà a piangere.,I don't know whether the frog tore up the birthday card%2C but if the panda thinks that he did%2C he will start to cry.,20,non_factive,dontknowwhether,6,2492,4816,15,1
361252,18,femmina,destrimana/o,italiano,Psicologia dello sviluppo,No,a,A,La rana non ha mai usato il giocattolo della papera%2C ma se l'ha usato di nuovo ieri%2C la papera le getterà tutti i disegni nel fango.,The frog has never used the duck's toy%2C but if she used it again yesterday%2C the duck will throw all her drawing in the mud.,29,again,notpif,2,1768,2562,16,1
361252,18,femmina,destrimana/o,italiano,Psicologia dello sviluppo,No,a,A,Non so se la rana abbia dimenticato il compleanno della papera%2C ma se la papera pensa che l'abbia dimenticato%2C nasconderà il diario dell'amicizia nel bosco.,I don't know whether the frog forgot the duck's birthday%2C but if the duck thinks that he did%2C she will hide the friendship book in the wood.,18,non_factive,dontknowwhether,2,3499,4169,17,1
361252,18,femmina,destrimana/o,italiano,Psicologia dello sviluppo,No,a,A,Il panda non ha piegato le lancette dell'orologio%2C ma se la rana si rende conto che le ha piegate%2C gli urlerà contro.,The panda didn't bend the hands of the clock%2C but if the frog realizes that he did%2C he will shout at him.,13,semi_factive,notpif,3,954,1830,18,1
361252,18,femmina,destrimana/o,italiano,Psicologia dello sviluppo,No,a,A,La papera non ha mollato il corso di nuoto%2C ma il panda è triste che l'abbia mollato. ,I don't know if the duck quit swimming class%2C but the panda is sad that he quit it.,40,true_factive,dontknowwhetherand,4,817,1829,19,1
361252,18,femmina,destrimana/o,italiano,Psicologia dello sviluppo,No,a,A,Non so se la rana abbia mai rovesciato la bottiglia d'olio%2C ma se l'ha rovesciata di nuovo ieri%2C la paperà le farà pulire tutta la cucina.,I don't know whether the frog has ever knocked over the oil bottle%2C but if she knocked it over again yesterday%2C the duck will make her clean the entire kitchen.,32,again,dontknowwhether,4,820,1580,26,2
361252,18,femmina,destrimana/o,italiano,Psicologia dello sviluppo,No,a,A,La papera non ha sporcato nulla%2C ma se ha sporcato anche il tappeto%2C il panda non la inviterà più a casa sua.,The duck didn't dirty anything%2C but if she dirtied the carpet too%2C the panda won't invite her anymore.,27,too,notpif,6,819,1696,27,2
361252,18,femmina,destrimana/o,italiano,Psicologia dello sviluppo,No,a,A,Il panda non ha forato il gonfiabile%2C ma se la rana si rende conto che l'ha forato%2C lo dirà alla maestra.,The panda didn't make a hole in the bouncy castle%2C but if the frog realizes that he did%2C he will tell the teacher.,15,semi_factive,notpif,2,766,1508,28,2
361252,18,femmina,destrimana/o,italiano,Psicologia dello sviluppo,No,a,A,La rana non ha finito la limonata%2C ma se la papera crede che l'abbia finita%2C andrà a comprare dei limoni.,The frog didn't finish the lemonade%2C but if the duck believes that he did%2C she will go buy lemons.,23,non_factive,notpif,4,712,1450,31,2
361252,18,femmina,destrimana/o,italiano,Psicologia dello sviluppo,No,a,A,La rana non ha spaccato le automobiline%2C ma il panda%2C dopo averle esaminate%2C ha capito che la rana le ha spaccate.,I don't know if the frog broke the toy train%2C but the panda%2C after examining it%2C realized that the frog broke it.,41,semi_factive,dontknowwhetherand,6,658,1342,34,2
361252,18,femmina,destrimana/o,italiano,Psicologia dello sviluppo,No,a,A,Non so se il panda abbia bucato il pallone da calcio%2C ma se la rana è arrabbiata che l'abbia bucato%2C gli verserà del latte sul computer.,I don't know whether the panda punctured the football%2C but if the frog is angry that he did%2C he will pour milk over his laptop.,2,true_factive,dontknowwhether,2,4477,8984,35,2
361252,18,femmina,destrimana/o,italiano,Psicologia dello sviluppo,No,a,A,Il panda non ha sottratto nulla alla rana%2C ma se le ha sottratto anche il cappello%2C la rana gli strapperà il costume da bagno.,The panda didn't steal anything from the frog%2C but if he stole her hat too%2C the frog will rip his bathing suit.,25,too,notpif,3,2192,3003,38,2
361252,18,femmina,destrimana/o,italiano,Psicologia dello sviluppo,No,a,A,La papera non ha perso l'aquilone%2C ma se il panda è arrabbiato che l'abbia perso%2C le getterà gli occhiali da sole in mare.,The duck didn't lose the kite%2C but if the panda is angry that she did%2C he will hurl her sunglasses in the sea.,1,true_factive,notpif,4,781,1509,40,2
361252,18,femmina,destrimana/o,italiano,Psicologia dello sviluppo,No,a,A,Non so se la rana abbia squarciato l'orsacchiotto%2C ma se la papera è triste che l'abbia squarciato%2C le disegnerà sulla faccia con l'indelebile.,I don't know whether the frog cut open the teddy bear%2C but if the duck is sad that he did%2C she will draw on his face with sharpie.,6,true_factive,dontknowwhether,5,717,1470,41,2
361252,18,femmina,destrimana/o,italiano,Psicologia dello sviluppo,No,a,A,La papera non ha smarrito il bracciale dell'amicizia%2C ma se la rana pensa che l'abbia smarrito%2C sarà molto delusa.,The duck didn't lose the friendship bracelet%2C but if the frog thinks that she did%2C he will be very disappointed.,19,non_factive,notpif,3,617,1344,42,2
361252,18,femmina,destrimana/o,italiano,Psicologia dello sviluppo,No,a,A,Il panda non ha bruciato l'album di foto%2C ma se la rana è triste che l'abbia bruciato%2C piangerà a dirotto.,The panda didn't burn the photo album%2C but if the frog is sad that he did%2C he will cry his eyes out.,7,true_factive,notpif,5,700,1456,43,2
361252,18,femmina,destrimana/o,italiano,Psicologia dello sviluppo,No,a,A,La papera non ha distrutto il castello di sabbia%2C ma se il panda è triste che l'abbia distrutto%2C piangerà per tutto il giorno.,The duck didn't destroy the sand castle%2C but if the panda is sad that she did%2C he will cry all day.,5,true_factive,notpif,3,699,1461,47,2
361252,18,femmina,destrimana/o,italiano,Psicologia dello sviluppo,No,a,A,Non so se la rana abbia perduto qualcosa%2C ma se ha perduto anche le chiavi%2C la papera andrà nel panico.,I don't know whether the frog lost anything%2C but if she lost the keys too%2C the duck will panic.,26,too,dontknowwhether,2,693,1550,49,3
361252,18,femmina,destrimana/o,italiano,Psicologia dello sviluppo,No,a,A,Non so se la papera abbia tagliuzzato il poster%2C ma se il panda capisce che l'ha tagliuzzato%2C le verserà del succo nello zaino.,I don't know whether the duck cut the poster%2C but if the panda understands that she did%2C he will pour juice into her backpack.,12,semi_factive,dontknowwhether,3,815,1579,50,3
361252,18,femmina,destrimana/o,italiano,Psicologia dello sviluppo,No,a,A,Il panda non ha spaccato il trenino%2C ma se la papera crede che l'abbia spaccato%2C gli ruberà il quaderno da colorare. ,The panda didn't break the model train%2C but if the duck believes that he did%2C she will steal his coloring book.,21,non_factive,notpif,2,698,1444,51,3
361252,18,femmina,destrimana/o,italiano,Psicologia dello sviluppo,No,a,A,Il panda non ha fatto morire le rose%2C ma la papera è arrabbiata che le abbia fatte morire. ,I don't know if the panda made the roses die%2C but the duck is angry that he made them die.,33,true_factive,dontknowwhetherand,4,685,1403,58,3
361252,18,femmina,destrimana/o,italiano,Psicologia dello sviluppo,No,a,A,Non so se la papera abbia imbrattato il muro%2C ma se il panda crede che l'abbia imbrattato%2C le nasconderà tutti i pennarelli.,I don't know whether the duck painted the wall%2C but if the panda believes that she did%2C he will hide all of her crayons.,24,non_factive,dontknowwhether,2,684,1401,59,3
361252,18,femmina,destrimana/o,italiano,Psicologia dello sviluppo,No,a,A,Non so se il panda abbia letto il diario segreto%2C ma se la rana si rende conto che l'ha letto%2C considererà la loro amicizia rovinata.,I don't know whether the panda read the diary%2C but if the frog realizes that he did%2C he will consider their friendship ruined.,16,semi_factive,dontknowwhether,3,675,1377,61,3
361252,18,femmina,destrimana/o,italiano,Psicologia dello sviluppo,No,a,A,Non so se il panda abbia rotto qualcosa%2C ma se ha rotto anche il vaso di porcellana%2C la rana andrà su tutte le furie.,I don't know whether the panda broke anything%2C but if he broke the porcelaine vase too%2C the frog will flare up.,28,too,dontknowwhether,4,625,1376,62,3
361252,18,femmina,destrimana/o,italiano,Psicologia dello sviluppo,No,a,A,Il panda non ha mai offeso la rana%2C ma se l'ha offesa di nuovo ieri%2C la rana lo prenderà in giro davanti a tutti.,The panda has never offended the frog%2C but if he offended her again yesterday%2C the frog will make fun of him in font of everybody.,31,again,notpif,3,2220,3065,63,3
361252,18,femmina,destrimana/o,italiano,Psicologia dello sviluppo,No,a,A,Non so se il panda abbia rubato il quaderno da colorare%2C ma se la papera è triste che l'abbia rubato%2C lo manderà via.,I don't know whether the panda stole the coloring book%2C but if the duck is sad that he did%2C she will throw him out.,8,true_factive,dontknowwhether,4,659,1428,64,3
361252,18,femmina,destrimana/o,italiano,Psicologia dello sviluppo,No,a,A,Non so se la papera abbia buttato via la cartolina%2C ma se il panda capisce che l'ha buttata via%2C non le parlerà mai più.,I don't know whether the duck threw away the postcard%2C but if the panda understands that she did%2C he will not speak to her anymore.,10,semi_factive,dontknowwhether,3,809,1671,66,3
361252,18,femmina,destrimana/o,italiano,Psicologia dello sviluppo,No,a,A,La rana non ha truccato la macchinina telecomandata%2C ma il panda%2C dopo averla usata%2C ha capito che la rana l'ha truccata.,I don't know whether the frog rigged the remote control car%2C but the panda%2C after using it%2C realized that the frog rigged it.,44,semi_factive,dontknowwhetherand,4,633,1485,67,3
361252,18,femmina,destrimana/o,italiano,Psicologia dello sviluppo,No,a,A,Il panda non ha danneggiato il microfono%2C ma se la rana è arrabbiata che l'abbia danneggiato%2C lo escluderà dalla serata di karaoke. ,The panda didn't damage the mic%2C but if the frog is angry that he did%2C he will uninvite him from karaoke night.,3,true_factive,notpif,3,655,1445,71,3
361252,18,femmina,destrimana/o,italiano,Psicologia dello sviluppo,No,a,A,Non so se la papera abbia rotto il vasetto di miele%2C ma se il panda si rende conto che l'ha rotto%2C le terrà il broncio.,I don't know whether the duck broke the honey jar%2C but if the panda realizes that she did%2C he will pout.,14,semi_factive,dontknowwhether,4,604,1427,72,3
361252,18,femmina,destrimana/o,italiano,Psicologia dello sviluppo,No,a,A,La papera non ha potato la siepe%2C ma la rana%2C dopo averla innaffiata%2C si è resa conto che la papera l'ha potata.,I don't know whether the duck pruned the hedge%2C but the frog%2C after watering it%2C realized that the duck pruned it.,48,semi_factive,dontknowwhetherand,3,607,3805,73,4
361252,18,femmina,destrimana/o,italiano,Psicologia dello sviluppo,No,a,B,La papera non ha smarrito la chiave della cantina%2C ma la rana%2C dopo averla cercata%2C ha erroneamente capito che la papera l'ha smarrita.,The duck did not misplace the house keys%2C but the frog%2C after looking for them%2C mistakenly realized that the duck misplaced them.,42,semi_factive,mistaken,3,676,1562,78,4
361252,18,femmina,destrimana/o,italiano,Psicologia dello sviluppo,No,a,B,La rana crede erroneamente che il panda abbia perduto l'album dei ricordi%2C ed è triste che l'abbia perduto. ,The frog mistakenly believes that the panda has lost the scrapbook%2C and he is sad that he has lost it.,38,true_factive,mistaken,5,1139,1991,80,4
361252,18,femmina,destrimana/o,italiano,Psicologia dello sviluppo,No,a,B,La papera crede erroneamente che la rana abbia dato via il vestito da festa%2C ed è triste che l'abbia dato via. ,The duck mistakenly believes that the frog stole the party dress%2C and he is sad that he stole it.,39,true_factive,mistaken,6,685,1465,83,4
361252,18,femmina,destrimana/o,italiano,Psicologia dello sviluppo,No,a,B,La rana non ha copiato le risposte della verifica%2C ma il panda%2C dopo averle viste%2C si è erroneamente reso conto che la rana le ha copiate.,The frog did not copy the answers in the check%2C but the panda%2C after seeing them%2C mistakenly realized that the frog copied them.,47,semi_factive,mistaken,2,702,1406,84,4
361252,18,femmina,destrimana/o,italiano,Psicologia dello sviluppo,No,a,B,Il panda non ha forzato la serratura%2C ma la papera%2C dopo averla controllata%2C ha erroneamente capito che il panda l'ha forzata.,The panda did not pick the lock%2C but the duck%2C after checking it%2C mistakenly realized that the panda had picked it.,43,semi_factive,mistaken,3,674,1419,85,4
361252,18,femmina,destrimana/o,italiano,Psicologia dello sviluppo,No,a,B,Il panda crede erroneamente che la rana abbia forzato la porta della cantina%2C ed è arrabbiato che l'abbia forzata. ,The panda mistakenly believes that the frog smashed the cellar door%2C and is angry that he smashed it.,35,true_factive,mistaken,4,749,1476,86,4
361252,18,femmina,destrimana/o,italiano,Psicologia dello sviluppo,No,a,B,Il panda non ha cambiato le regole del gioco di ruolo%2C ma la papera%2C dopo averle ripassate%2C si è erroneamente resa conto che il panda le ha cambiate.,The panda did not change the rules of the role-playing game%2C but the duck%2C after reviewing them%2C mistakenly realized that the panda changed them.,46,semi_factive,mistaken,5,1678,2423,87,4
361252,18,femmina,destrimana/o,italiano,Psicologia dello sviluppo,No,a,B,La rana crede erroneamente che la papera abbia dimenticato la torta%2C ed è arrabbiata che l'abbia dimenticata. ,The frog mistakenly believes the duck forgot the cake%2C and is angry that he forgot it.,34,true_factive,mistaken,3,801,1586,89,4
645922,35,femmina,destrimana/o,italiano,Psicologia,No,a,A,Non so se la rana abbia rovinato il puzzle%2C ma se il panda è arrabbiato che l'abbia rovinato%2C le butterà le scarpe fuori dalla finestra.,I don't know whether the frog ruined the puzzle%2C but if the panda is angry that he did%2C he will throw his shoes out of the window.,4,true_factive,dontknowwhether,7,16437,17606,1,1
645922,35,femmina,destrimana/o,italiano,Psicologia,No,a,A,Il panda non ha fatto morire le rose%2C ma la papera è arrabbiata che le abbia fatte morire. ,I don't know if the panda made the roses die%2C but the duck is angry that he made them die.,33,true_factive,dontknowwhetherand,7,6296,7346,3,1
645922,35,femmina,destrimana/o,italiano,Psicologia,No,a,A,La rana non ha spaccato le automobiline%2C ma il panda%2C dopo averle esaminate%2C ha capito che la rana le ha spaccate.,I don't know if the frog broke the toy train%2C but the panda%2C after examining it%2C realized that the frog broke it.,41,semi_factive,dontknowwhetherand,1,6137,7379,4,1
645922,35,femmina,destrimana/o,italiano,Psicologia,No,a,A,Non so se il panda abbia rubato il quaderno da colorare%2C ma se la papera è triste che l'abbia rubato%2C lo manderà via.,I don't know whether the panda stole the coloring book%2C but if the duck is sad that he did%2C she will throw him out.,8,true_factive,dontknowwhether,7,9855,10968,6,1
645922,35,femmina,destrimana/o,italiano,Psicologia,No,a,A,Non so se il panda abbia bucato il pallone da calcio%2C ma se la rana è arrabbiata che l'abbia bucato%2C gli verserà del latte sul computer.,I don't know whether the panda punctured the football%2C but if the frog is angry that he did%2C he will pour milk over his laptop.,2,true_factive,dontknowwhether,7,8069,9313,8,1
645922,35,femmina,destrimana/o,italiano,Psicologia,No,a,A,Il panda non ha bruciato l'album di foto%2C ma se la rana è triste che l'abbia bruciato%2C piangerà a dirotto.,The panda didn't burn the photo album%2C but if the frog is sad that he did%2C he will cry his eyes out.,7,true_factive,notpif,6,10437,11598,9,1
645922,35,femmina,destrimana/o,italiano,Psicologia,No,a,A,Il panda non ha sottratto nulla alla rana%2C ma se le ha sottratto anche il cappello%2C la rana gli strapperà il costume da bagno.,The panda didn't steal anything from the frog%2C but if he stole her hat too%2C the frog will rip his bathing suit.,25,too,notpif,1,6342,7334,10,1
645922,35,femmina,destrimana/o,italiano,Psicologia,No,a,A,La rana non ha mai usato il giocattolo della papera%2C ma se l'ha usato di nuovo ieri%2C la papera le getterà tutti i disegni nel fango.,The frog has never used the duck's toy%2C but if she used it again yesterday%2C the duck will throw all her drawing in the mud.,29,again,notpif,1,6288,7210,12,1
645922,35,femmina,destrimana/o,italiano,Psicologia,No,a,A,Non so se il panda abbia letto il diario segreto%2C ma se la rana si rende conto che l'ha letto%2C considererà la loro amicizia rovinata.,I don't know whether the panda read the diary%2C but if the frog realizes that he did%2C he will consider their friendship ruined.,16,semi_factive,dontknowwhether,7,10682,11533,13,1
645922,35,femmina,destrimana/o,italiano,Psicologia,No,a,A,Il panda non ha spaccato il trenino%2C ma se la papera crede che l'abbia spaccato%2C gli ruberà il quaderno da colorare. ,The panda didn't break the model train%2C but if the duck believes that he did%2C she will steal his coloring book.,21,non_factive,notpif,6,3859,4713,14,1
645922,35,femmina,destrimana/o,italiano,Psicologia,No,a,A,La papera non ha sporcato nulla%2C ma se ha sporcato anche il tappeto%2C il panda non la inviterà più a casa sua.,The duck didn't dirty anything%2C but if she dirtied the carpet too%2C the panda won't invite her anymore.,27,too,notpif,1,3354,4258,15,1
645922,35,femmina,destrimana/o,italiano,Psicologia,No,a,A,Non so se la rana abbia mai rovesciato la bottiglia d'olio%2C ma se l'ha rovesciata di nuovo ieri%2C la paperà le farà pulire tutta la cucina.,I don't know whether the frog has ever knocked over the oil bottle%2C but if she knocked it over again yesterday%2C the duck will make her clean the entire kitchen.,32,again,dontknowwhether,2,20066,20988,16,1
645922,35,femmina,destrimana/o,italiano,Psicologia,No,a,A,Non so se la papera abbia tagliuzzato il poster%2C ma se il panda capisce che l'ha tagliuzzato%2C le verserà del succo nello zaino.,I don't know whether the duck cut the poster%2C but if the panda understands that she did%2C he will pour juice into her backpack.,12,semi_factive,dontknowwhether,7,5692,6439,19,1
645922,35,femmina,destrimana/o,italiano,Psicologia,No,a,A,La papera non ha distrutto il castello di sabbia%2C ma se il panda è triste che l'abbia distrutto%2C piangerà per tutto il giorno.,The duck didn't destroy the sand castle%2C but if the panda is sad that she did%2C he will cry all day.,5,true_factive,notpif,1,14967,16050,25,2
645922,35,femmina,destrimana/o,italiano,Psicologia,No,a,A,Il panda non ha forato il gonfiabile%2C ma se la rana si rende conto che l'ha forato%2C lo dirà alla maestra.,The panda didn't make a hole in the bouncy castle%2C but if the frog realizes that he did%2C he will tell the teacher.,15,semi_factive,notpif,1,3998,5144,26,2
645922,35,femmina,destrimana/o,italiano,Psicologia,No,a,A,Non so se la papera abbia buttato via la cartolina%2C ma se il panda capisce che l'ha buttata via%2C non le parlerà mai più.,I don't know whether the duck threw away the postcard%2C but if the panda understands that she did%2C he will not speak to her anymore.,10,semi_factive,dontknowwhether,7,4732,5665,27,2
645922,35,femmina,destrimana/o,italiano,Psicologia,No,a,A,Non so se la rana abbia perduto qualcosa%2C ma se ha perduto anche le chiavi%2C la papera andrà nel panico.,I don't know whether the frog lost anything%2C but if she lost the keys too%2C the duck will panic.,26,too,dontknowwhether,1,4754,5803,28,2
645922,35,femmina,destrimana/o,italiano,Psicologia,No,a,A,La rana non ha truccato la macchinina telecomandata%2C ma il panda%2C dopo averla usata%2C ha capito che la rana l'ha truccata.,I don't know whether the frog rigged the remote control car%2C but the panda%2C after using it%2C realized that the frog rigged it.,44,semi_factive,dontknowwhetherand,1,6455,7370,29,2
645922,35,femmina,destrimana/o,italiano,Psicologia,No,a,A,Non so se la papera abbia mai bruciato il pane%2C ma se l'ha bruciato di nuovo ieri%2C il panda non farà più colazione con lei.,I don't know whether the duck has ever burnt the bread%2C but if she burnt it again yesterday%2C the panda won't have breakfast with her anymore.,30,again,dontknowwhether,1,4392,5289,30,2
645922,35,femmina,destrimana/o,italiano,Psicologia,No,a,A,Il panda non ha piegato le lancette dell'orologio%2C ma se la rana si rende conto che le ha piegate%2C gli urlerà contro.,The panda didn't bend the hands of the clock%2C but if the frog realizes that he did%2C he will shout at him.,13,semi_factive,notpif,1,5282,6173,31,2
645922,35,femmina,destrimana/o,italiano,Psicologia,No,a,A,Il panda non ha mai offeso la rana%2C ma se l'ha offesa di nuovo ieri%2C la rana lo prenderà in giro davanti a tutti.,The panda has never offended the frog%2C but if he offended her again yesterday%2C the frog will make fun of him in font of everybody.,31,again,notpif,1,3291,4112,32,2
645922,35,femmina,destrimana/o,italiano,Psicologia,No,a,A,La papera non ha preso il voto massimo%2C ma se la rana pensa che l'abbia preso%2C sarà gelosa.,The duck didn't get the top grade%2C but if the frog thinks that she did%2C he will be jealous.,17,non_factive,notpif,7,11461,12743,35,2
645922,35,femmina,destrimana/o,italiano,Psicologia,No,a,A,La rana non ha finito la limonata%2C ma se la papera crede che l'abbia finita%2C andrà a comprare dei limoni.,The frog didn't finish the lemonade%2C but if the duck believes that he did%2C she will go buy lemons.,23,non_factive,notpif,7,5224,6034,36,2
645922,35,femmina,destrimana/o,italiano,Psicologia,No,a,A,Non so se il panda abbia rotto qualcosa%2C ma se ha rotto anche il vaso di porcellana%2C la rana andrà su tutte le furie.,I don't know whether the panda broke anything%2C but if he broke the porcelaine vase too%2C the frog will flare up.,28,too,dontknowwhether,6,6567,7385,37,2
645922,35,femmina,destrimana/o,italiano,Psicologia,No,a,A,La rana non ha nascosto i pennarelli%2C ma se la papera capisce che li ha nascosti%2C le sotterrerà le figurine in giardino.,The frog didn't hide the crayons%2C but if the duck understands that he did%2C she bury his favorite figurines in the yard.,11,semi_factive,notpif,1,3195,4126,40,2
645922,35,femmina,destrimana/o,italiano,Psicologia,No,a,A,Non so se la rana abbia dimenticato il compleanno della papera%2C ma se la papera pensa che l'abbia dimenticato%2C nasconderà il diario dell'amicizia nel bosco.,I don't know whether the frog forgot the duck's birthday%2C but if the duck thinks that he did%2C she will hide the friendship book in the wood.,18,non_factive,dontknowwhether,7,5613,6297,41,2
645922,35,femmina,destrimana/o,italiano,Psicologia,No,a,A,Non so se la rana abbia squarciato l'orsacchiotto%2C ma se la papera è triste che l'abbia squarciato%2C le disegnerà sulla faccia con l'indelebile.,I don't know whether the frog cut open the teddy bear%2C but if the duck is sad that he did%2C she will draw on his face with sharpie.,6,true_factive,dontknowwhether,7,6193,7042,42,2
645922,35,femmina,destrimana/o,italiano,Psicologia,No,a,A,La papera non ha gettato via le bambole di pezza%2C ma il panda è triste che le abbia gettate via. ,I don't know if the duck threw away the rag dolls%2C but the panda is sad that he threw them away.,37,true_factive,dontknowwhetherand,7,8498,9302,43,2
645922,35,femmina,destrimana/o,italiano,Psicologia,No,a,A,La rana non ha truccato il mazzo di carte%2C ma se il panda capisce che l'ha truccato%2C la escluderà dal prossimo pigiama party. ,The frog didn't manipulate the deck%2C but if the panda understands that she did%2C he will uninvite him from the next sleepover.,9,semi_factive,notpif,1,5719,6634,44,2
645922,35,femmina,destrimana/o,italiano,Psicologia,No,a,A,Non so se il panda abbia calpestato le margherite%2C ma se la rana crede che le abbia calpestate%2C preparerà dei gavettoni per punirlo.,I don't know whether the panda trampled the daisies%2C but if the frog believes that he did%2C he will prepare water balloons to punish him.,22,non_factive,dontknowwhether,7,3413,4153,46,2
645922,35,femmina,destrimana/o,italiano,Psicologia,No,a,A,La papera non ha mollato il corso di nuoto%2C ma il panda è triste che l'abbia mollato. ,I don't know if the duck quit swimming class%2C but the panda is sad that he quit it.,40,true_factive,dontknowwhetherand,6,4524,5647,52,3
645922,35,femmina,destrimana/o,italiano,Psicologia,No,a,A,La papera non ha potato la siepe%2C ma la rana%2C dopo averla innaffiata%2C si è resa conto che la papera l'ha potata.,I don't know whether the duck pruned the hedge%2C but the frog%2C after watering it%2C realized that the duck pruned it.,48,semi_factive,dontknowwhetherand,1,6961,7791,56,3
645922,35,femmina,destrimana/o,italiano,Psicologia,No,a,A,La papera non ha smarrito il bracciale dell'amicizia%2C ma se la rana pensa che l'abbia smarrito%2C sarà molto delusa.,The duck didn't lose the friendship bracelet%2C but if the frog thinks that she did%2C he will be very disappointed.,19,non_factive,notpif,7,3827,4605,59,3
645922,35,femmina,destrimana/o,italiano,Psicologia,No,a,A,La rana non ha strisciato la finestra in soffitta%2C ma la papera è arrabbiata che l'abbia strisciata. ,I don't know if the frog crawled the attic window%2C but the duck is angry that he crawled it.,36,true_factive,dontknowwhetherand,6,5902,6880,60,3
645922,35,femmina,destrimana/o,italiano,Psicologia,No,a,A,La papera non ha perso l'aquilone%2C ma se il panda è arrabbiato che l'abbia perso%2C le getterà gli occhiali da sole in mare.,The duck didn't lose the kite%2C but if the panda is angry that she did%2C he will hurl her sunglasses in the sea.,1,true_factive,notpif,7,5650,6571,62,3
645922,35,femmina,destrimana/o,italiano,Psicologia,No,a,A,Il panda non ha danneggiato il microfono%2C ma se la rana è arrabbiata che l'abbia danneggiato%2C lo escluderà dalla serata di karaoke. ,The panda didn't damage the mic%2C but if the frog is angry that he did%2C he will uninvite him from karaoke night.,3,true_factive,notpif,6,5314,6596,67,3
645922,35,femmina,destrimana/o,italiano,Psicologia,No,a,A,La papera non ha modificato la ricetta della torta%2C ma la rana%2C dopo averla riletta%2C si è resa conto che la papera l'ha modificata.,I don't know whether the duck changed the cake recipe%2C but the frog%2C after re-reading it%2C realized that the duck changed it.,45,semi_factive,dontknowwhetherand,1,4425,5261,68,3
645922,35,femmina,destrimana/o,italiano,Psicologia,No,a,A,Non so se la papera abbia imbrattato il muro%2C ma se il panda crede che l'abbia imbrattato%2C le nasconderà tutti i pennarelli.,I don't know whether the duck painted the wall%2C but if the panda believes that she did%2C he will hide all of her crayons.,24,non_factive,dontknowwhether,7,3274,3965,69,3
645922,35,femmina,destrimana/o,italiano,Psicologia,No,a,A,Non so se la rana abbia strappato il biglietto di auguri%2C ma se il panda pensa che l'abbia strappato%2C si metterà a piangere.,I don't know whether the frog tore up the birthday card%2C but if the panda thinks that he did%2C he will start to cry.,20,non_factive,dontknowwhether,7,3984,4856,70,3
645922,35,femmina,destrimana/o,italiano,Psicologia,No,a,A,Non so se la papera abbia rotto il vasetto di miele%2C ma se il panda si rende conto che l'ha rotto%2C le terrà il broncio.,I don't know whether the duck broke the honey jar%2C but if the panda realizes that she did%2C he will pout.,14,semi_factive,dontknowwhether,7,8768,9555,75,4
645922,35,femmina,destrimana/o,italiano,Psicologia,No,a,B,La rana crede erroneamente che il panda abbia perduto l'album dei ricordi%2C ed è triste che l'abbia perduto. ,The frog mistakenly believes that the panda has lost the scrapbook%2C and he is sad that he has lost it.,38,true_factive,mistaken,7,4782,5652,78,4
645922,35,femmina,destrimana/o,italiano,Psicologia,No,a,B,Il panda non ha forzato la serratura%2C ma la papera%2C dopo averla controllata%2C ha erroneamente capito che il panda l'ha forzata.,The panda did not pick the lock%2C but the duck%2C after checking it%2C mistakenly realized that the panda had picked it.,43,semi_factive,mistaken,7,3863,4895,81,4
645922,35,femmina,destrimana/o,italiano,Psicologia,No,a,B,La papera crede erroneamente che la rana abbia dato via il vestito da festa%2C ed è triste che l'abbia dato via. ,The duck mistakenly believes that the frog stole the party dress%2C and he is sad that he stole it.,39,true_factive,mistaken,7,7214,7997,82,4
645922,35,femmina,destrimana/o,italiano,Psicologia,No,a,B,La rana crede erroneamente che la papera abbia dimenticato la torta%2C ed è arrabbiata che l'abbia dimenticata. ,The frog mistakenly believes the duck forgot the cake%2C and is angry that he forgot it.,34,true_factive,mistaken,7,3992,4849,83,4
645922,35,femmina,destrimana/o,italiano,Psicologia,No,a,B,La rana non ha copiato le risposte della verifica%2C ma il panda%2C dopo averle viste%2C si è erroneamente reso conto che la rana le ha copiate.,The frog did not copy the answers in the check%2C but the panda%2C after seeing them%2C mistakenly realized that the frog copied them.,47,semi_factive,mistaken,2,18741,19621,84,4
645922,35,femmina,destrimana/o,italiano,Psicologia,No,a,B,La papera non ha smarrito la chiave della cantina%2C ma la rana%2C dopo averla cercata%2C ha erroneamente capito che la papera l'ha smarrita.,The duck did not misplace the house keys%2C but the frog%2C after looking for them%2C mistakenly realized that the duck misplaced them.,42,semi_factive,mistaken,7,4975,5732,89,4
645922,35,femmina,destrimana/o,italiano,Psicologia,No,a,B,Il panda crede erroneamente che la rana abbia forzato la porta della cantina%2C ed è arrabbiato che l'abbia forzata. ,The panda mistakenly believes that the frog smashed the cellar door%2C and is angry that he smashed it.,35,true_factive,mistaken,7,3957,4816,93,4
645922,35,femmina,destrimana/o,italiano,Psicologia,No,a,B,Il panda non ha cambiato le regole del gioco di ruolo%2C ma la papera%2C dopo averle ripassate%2C si è erroneamente resa conto che il panda le ha cambiate.,The panda did not change the rules of the role-playing game%2C but the duck%2C after reviewing them%2C mistakenly realized that the panda changed them.,46,semi_factive,mistaken,2,6542,7856,95,4
742987,18,femmina,destrimana/o,italiano,psicologia,Sì,a,A,Non so se il panda abbia letto il diario segreto%2C ma se la rana si rende conto che l'ha letto%2C considererà la loro amicizia rovinata.,I don't know whether the panda read the diary%2C but if the frog realizes that he did%2C he will consider their friendship ruined.,16,semi_factive,dontknowwhether,6,6295,6986,3,1
742987,18,femmina,destrimana/o,italiano,psicologia,Sì,a,A,Non so se la papera abbia mai bruciato il pane%2C ma se l'ha bruciato di nuovo ieri%2C il panda non farà più colazione con lei.,I don't know whether the duck has ever burnt the bread%2C but if she burnt it again yesterday%2C the panda won't have breakfast with her anymore.,30,again,dontknowwhether,5,5793,6455,4,1
742987,18,femmina,destrimana/o,italiano,psicologia,Sì,a,A,Non so se la papera abbia rotto il vasetto di miele%2C ma se il panda si rende conto che l'ha rotto%2C le terrà il broncio.,I don't know whether the duck broke the honey jar%2C but if the panda realizes that she did%2C he will pout.,14,semi_factive,dontknowwhether,6,7718,8437,6,1
742987,18,femmina,destrimana/o,italiano,psicologia,Sì,a,A,Non so se la rana abbia strappato il biglietto di auguri%2C ma se il panda pensa che l'abbia strappato%2C si metterà a piangere.,I don't know whether the frog tore up the birthday card%2C but if the panda thinks that he did%2C he will start to cry.,20,non_factive,dontknowwhether,7,4755,5659,7,1
742987,18,femmina,destrimana/o,italiano,psicologia,Sì,a,A,La rana non ha mai usato il giocattolo della papera%2C ma se l'ha usato di nuovo ieri%2C la papera le getterà tutti i disegni nel fango.,The frog has never used the duck's toy%2C but if she used it again yesterday%2C the duck will throw all her drawing in the mud.,29,again,notpif,5,5135,5485,10,1
742987,18,femmina,destrimana/o,italiano,psicologia,Sì,a,A,La papera non ha mollato il corso di nuoto%2C ma il panda è triste che l'abbia mollato. ,I don't know if the duck quit swimming class%2C but the panda is sad that he quit it.,40,true_factive,dontknowwhetherand,2,4066,5602,12,1
742987,18,femmina,destrimana/o,italiano,psicologia,Sì,a,A,Il panda non ha bruciato l'album di foto%2C ma se la rana è triste che l'abbia bruciato%2C piangerà a dirotto.,The panda didn't burn the photo album%2C but if the frog is sad that he did%2C he will cry his eyes out.,7,true_factive,notpif,2,50343,51016,13,1
742987,18,femmina,destrimana/o,italiano,psicologia,Sì,a,A,Il panda non ha piegato le lancette dell'orologio%2C ma se la rana si rende conto che le ha piegate%2C gli urlerà contro.,The panda didn't bend the hands of the clock%2C but if the frog realizes that he did%2C he will shout at him.,13,semi_factive,notpif,3,6160,6890,14,1
742987,18,femmina,destrimana/o,italiano,psicologia,Sì,a,A,La rana non ha strisciato la finestra in soffitta%2C ma la papera è arrabbiata che l'abbia strisciata. ,I don't know if the frog crawled the attic window%2C but the duck is angry that he crawled it.,36,true_factive,dontknowwhetherand,1,4233,4836,15,1
742987,18,femmina,destrimana/o,italiano,psicologia,Sì,a,A,Non so se la rana abbia perduto qualcosa%2C ma se ha perduto anche le chiavi%2C la papera andrà nel panico.,I don't know whether the frog lost anything%2C but if she lost the keys too%2C the duck will panic.,26,too,dontknowwhether,4,4902,5330,16,1
742987,18,femmina,destrimana/o,italiano,psicologia,Sì,a,A,Non so se la papera abbia imbrattato il muro%2C ma se il panda crede che l'abbia imbrattato%2C le nasconderà tutti i pennarelli.,I don't know whether the duck painted the wall%2C but if the panda believes that she did%2C he will hide all of her crayons.,24,non_factive,dontknowwhether,6,3872,4378,17,1
742987,18,femmina,destrimana/o,italiano,psicologia,Sì,a,A,Non so se la papera abbia tagliuzzato il poster%2C ma se il panda capisce che l'ha tagliuzzato%2C le verserà del succo nello zaino.,I don't know whether the duck cut the poster%2C but if the panda understands that she did%2C he will pour juice into her backpack.,12,semi_factive,dontknowwhether,6,4818,5264,18,1
742987,18,femmina,destrimana/o,italiano,psicologia,Sì,a,A,Non so se il panda abbia bucato il pallone da calcio%2C ma se la rana è arrabbiata che l'abbia bucato%2C gli verserà del latte sul computer.,I don't know whether the panda punctured the football%2C but if the frog is angry that he did%2C he will pour milk over his laptop.,2,true_factive,dontknowwhether,5,6548,7036,19,1
742987,18,femmina,destrimana/o,italiano,psicologia,Sì,a,A,La papera non ha preso il voto massimo%2C ma se la rana pensa che l'abbia preso%2C sarà gelosa.,The duck didn't get the top grade%2C but if the frog thinks that she did%2C he will be jealous.,17,non_factive,notpif,6,3872,4213,22,1
742987,18,femmina,destrimana/o,italiano,psicologia,Sì,a,A,La rana non ha truccato il mazzo di carte%2C ma se il panda capisce che l'ha truccato%2C la escluderà dal prossimo pigiama party. ,The frog didn't manipulate the deck%2C but if the panda understands that she did%2C he will uninvite him from the next sleepover.,9,semi_factive,notpif,5,3460,4317,25,2
742987,18,femmina,destrimana/o,italiano,psicologia,Sì,a,A,Non so se la rana abbia rovinato il puzzle%2C ma se il panda è arrabbiato che l'abbia rovinato%2C le butterà le scarpe fuori dalla finestra.,I don't know whether the frog ruined the puzzle%2C but if the panda is angry that he did%2C he will throw his shoes out of the window.,4,true_factive,dontknowwhether,3,4950,5388,26,2
742987,18,femmina,destrimana/o,italiano,psicologia,Sì,a,A,Non so se il panda abbia rotto qualcosa%2C ma se ha rotto anche il vaso di porcellana%2C la rana andrà su tutte le furie.,I don't know whether the panda broke anything%2C but if he broke the porcelaine vase too%2C the frog will flare up.,28,too,dontknowwhether,6,4991,6189,28,2
742987,18,femmina,destrimana/o,italiano,psicologia,Sì,a,A,Non so se la papera abbia buttato via la cartolina%2C ma se il panda capisce che l'ha buttata via%2C non le parlerà mai più.,I don't know whether the duck threw away the postcard%2C but if the panda understands that she did%2C he will not speak to her anymore.,10,semi_factive,dontknowwhether,6,3763,4463,29,2
742987,18,femmina,destrimana/o,italiano,psicologia,Sì,a,A,La papera non ha perso l'aquilone%2C ma se il panda è arrabbiato che l'abbia perso%2C le getterà gli occhiali da sole in mare.,The duck didn't lose the kite%2C but if the panda is angry that she did%2C he will hurl her sunglasses in the sea.,1,true_factive,notpif,5,4867,5186,30,2
742987,18,femmina,destrimana/o,italiano,psicologia,Sì,a,A,La papera non ha potato la siepe%2C ma la rana%2C dopo averla innaffiata%2C si è resa conto che la papera l'ha potata.,I don't know whether the duck pruned the hedge%2C but the frog%2C after watering it%2C realized that the duck pruned it.,48,semi_factive,dontknowwhetherand,2,6629,7145,31,2
742987,18,femmina,destrimana/o,italiano,psicologia,Sì,a,A,La papera non ha distrutto il castello di sabbia%2C ma se il panda è triste che l'abbia distrutto%2C piangerà per tutto il giorno.,The duck didn't destroy the sand castle%2C but if the panda is sad that she did%2C he will cry all day.,5,true_factive,notpif,3,4970,5339,32,2
742987,18,femmina,destrimana/o,italiano,psicologia,Sì,a,A,La rana non ha spaccato le automobiline%2C ma il panda%2C dopo averle esaminate%2C ha capito che la rana le ha spaccate.,I don't know if the frog broke the toy train%2C but the panda%2C after examining it%2C realized that the frog broke it.,41,semi_factive,dontknowwhetherand,2,6106,6904,34,2
742987,18,femmina,destrimana/o,italiano,psicologia,Sì,a,A,Il panda non ha danneggiato il microfono%2C ma se la rana è arrabbiata che l'abbia danneggiato%2C lo escluderà dalla serata di karaoke. ,The panda didn't damage the mic%2C but if the frog is angry that he did%2C he will uninvite him from karaoke night.,3,true_factive,notpif,5,4086,4748,36,2
742987,18,femmina,destrimana/o,italiano,psicologia,Sì,a,A,Non so se il panda abbia calpestato le margherite%2C ma se la rana crede che le abbia calpestate%2C preparerà dei gavettoni per punirlo.,I don't know whether the panda trampled the daisies%2C but if the frog believes that he did%2C he will prepare water balloons to punish him.,22,non_factive,dontknowwhether,5,6387,7855,37,2
742987,18,femmina,destrimana/o,italiano,psicologia,Sì,a,A,La rana non ha nascosto i pennarelli%2C ma se la papera capisce che li ha nascosti%2C le sotterrerà le figurine in giardino.,The frog didn't hide the crayons%2C but if the duck understands that he did%2C she bury his favorite figurines in the yard.,11,semi_factive,notpif,6,4085,5691,39,2
742987,18,femmina,destrimana/o,italiano,psicologia,Sì,a,A,La rana non ha truccato la macchinina telecomandata%2C ma il panda%2C dopo averla usata%2C ha capito che la rana l'ha truccata.,I don't know whether the frog rigged the remote control car%2C but the panda%2C after using it%2C realized that the frog rigged it.,44,semi_factive,dontknowwhetherand,2,3979,4778,40,2
742987,18,femmina,destrimana/o,italiano,psicologia,Sì,a,A,La papera non ha sporcato nulla%2C ma se ha sporcato anche il tappeto%2C il panda non la inviterà più a casa sua.,The duck didn't dirty anything%2C but if she dirtied the carpet too%2C the panda won't invite her anymore.,27,too,notpif,2,6341,7139,41,2
742987,18,femmina,destrimana/o,italiano,psicologia,Sì,a,A,La papera non ha smarrito il bracciale dell'amicizia%2C ma se la rana pensa che l'abbia smarrito%2C sarà molto delusa.,The duck didn't lose the friendship bracelet%2C but if the frog thinks that she did%2C he will be very disappointed.,19,non_factive,notpif,7,4627,5348,45,2
742987,18,femmina,destrimana/o,italiano,psicologia,Sì,a,A,La papera non ha gettato via le bambole di pezza%2C ma il panda è triste che le abbia gettate via. ,I don't know if the duck threw away the rag dolls%2C but the panda is sad that he threw them away.,37,true_factive,dontknowwhetherand,2,7181,8192,46,2
742987,18,femmina,destrimana/o,italiano,psicologia,Sì,a,A,Il panda non ha mai offeso la rana%2C ma se l'ha offesa di nuovo ieri%2C la rana lo prenderà in giro davanti a tutti.,The panda has never offended the frog%2C but if he offended her again yesterday%2C the frog will make fun of him in font of everybody.,31,again,notpif,5,4605,5392,49,3
742987,18,femmina,destrimana/o,italiano,psicologia,Sì,a,A,Il panda non ha spaccato il trenino%2C ma se la papera crede che l'abbia spaccato%2C gli ruberà il quaderno da colorare. ,The panda didn't break the model train%2C but if the duck believes that he did%2C she will steal his coloring book.,21,non_factive,notpif,6,4377,5116,51,3
742987,18,femmina,destrimana/o,italiano,psicologia,Sì,a,A,Non so se la rana abbia dimenticato il compleanno della papera%2C ma se la papera pensa che l'abbia dimenticato%2C nasconderà il diario dell'amicizia nel bosco.,I don't know whether the frog forgot the duck's birthday%2C but if the duck thinks that he did%2C she will hide the friendship book in the wood.,18,non_factive,dontknowwhether,6,4061,4996,55,3
742987,18,femmina,destrimana/o,italiano,psicologia,Sì,a,A,Non so se la rana abbia mai rovesciato la bottiglia d'olio%2C ma se l'ha rovesciata di nuovo ieri%2C la paperà le farà pulire tutta la cucina.,I don't know whether the frog has ever knocked over the oil bottle%2C but if she knocked it over again yesterday%2C the duck will make her clean the entire kitchen.,32,again,dontknowwhether,6,4085,5031,57,3
742987,18,femmina,destrimana/o,italiano,psicologia,Sì,a,A,La papera non ha modificato la ricetta della torta%2C ma la rana%2C dopo averla riletta%2C si è resa conto che la papera l'ha modificata.,I don't know whether the duck changed the cake recipe%2C but the frog%2C after re-reading it%2C realized that the duck changed it.,45,semi_factive,dontknowwhetherand,2,7025,7871,58,3
742987,18,femmina,destrimana/o,italiano,psicologia,Sì,a,A,La rana non ha finito la limonata%2C ma se la papera crede che l'abbia finita%2C andrà a comprare dei limoni.,The frog didn't finish the lemonade%2C but if the duck believes that he did%2C she will go buy lemons.,23,non_factive,notpif,6,4181,5124,62,3
742987,18,femmina,destrimana/o,italiano,psicologia,Sì,a,A,Non so se il panda abbia rubato il quaderno da colorare%2C ma se la papera è triste che l'abbia rubato%2C lo manderà via.,I don't know whether the panda stole the coloring book%2C but if the duck is sad that he did%2C she will throw him out.,8,true_factive,dontknowwhether,2,5139,6091,67,3
742987,18,femmina,destrimana/o,italiano,psicologia,Sì,a,A,Il panda non ha sottratto nulla alla rana%2C ma se le ha sottratto anche il cappello%2C la rana gli strapperà il costume da bagno.,The panda didn't steal anything from the frog%2C but if he stole her hat too%2C the frog will rip his bathing suit.,25,too,notpif,4,5342,6403,68,3
742987,18,femmina,destrimana/o,italiano,psicologia,Sì,a,A,Non so se la rana abbia squarciato l'orsacchiotto%2C ma se la papera è triste che l'abbia squarciato%2C le disegnerà sulla faccia con l'indelebile.,I don't know whether the frog cut open the teddy bear%2C but if the duck is sad that he did%2C she will draw on his face with sharpie.,6,true_factive,dontknowwhether,4,59050,59859,70,3
742987,18,femmina,destrimana/o,italiano,psicologia,Sì,a,A,Il panda non ha forato il gonfiabile%2C ma se la rana si rende conto che l'ha forato%2C lo dirà alla maestra.,The panda didn't make a hole in the bouncy castle%2C but if the frog realizes that he did%2C he will tell the teacher.,15,semi_factive,notpif,6,4779,5391,72,3
742987,18,femmina,destrimana/o,italiano,psicologia,Sì,a,A,Il panda non ha fatto morire le rose%2C ma la papera è arrabbiata che le abbia fatte morire. ,I don't know if the panda made the roses die%2C but the duck is angry that he made them die.,33,true_factive,dontknowwhetherand,3,5635,6705,73,4
742987,18,femmina,destrimana/o,italiano,psicologia,Sì,a,B,La rana crede erroneamente che il panda abbia perduto l'album dei ricordi%2C ed è triste che l'abbia perduto. ,The frog mistakenly believes that the panda has lost the scrapbook%2C and he is sad that he has lost it.,38,true_factive,mistaken,6,4377,4766,77,4
742987,18,femmina,destrimana/o,italiano,psicologia,Sì,a,B,La rana crede erroneamente che la papera abbia dimenticato la torta%2C ed è arrabbiata che l'abbia dimenticata. ,The frog mistakenly believes the duck forgot the cake%2C and is angry that he forgot it.,34,true_factive,mistaken,6,3731,4509,78,4
742987,18,femmina,destrimana/o,italiano,psicologia,Sì,a,B,La papera crede erroneamente che la rana abbia dato via il vestito da festa%2C ed è triste che l'abbia dato via. ,The duck mistakenly believes that the frog stole the party dress%2C and he is sad that he stole it.,39,true_factive,mistaken,6,4951,5320,80,4
742987,18,femmina,destrimana/o,italiano,psicologia,Sì,a,B,La papera non ha smarrito la chiave della cantina%2C ma la rana%2C dopo averla cercata%2C ha erroneamente capito che la papera l'ha smarrita.,The duck did not misplace the house keys%2C but the frog%2C after looking for them%2C mistakenly realized that the duck misplaced them.,42,semi_factive,mistaken,6,4457,5195,84,4
742987,18,femmina,destrimana/o,italiano,psicologia,Sì,a,B,Il panda non ha cambiato le regole del gioco di ruolo%2C ma la papera%2C dopo averle ripassate%2C si è erroneamente resa conto che il panda le ha cambiate.,The panda did not change the rules of the role-playing game%2C but the duck%2C after reviewing them%2C mistakenly realized that the panda changed them.,46,semi_factive,mistaken,3,6141,6733,86,4
742987,18,femmina,destrimana/o,italiano,psicologia,Sì,a,B,Il panda non ha forzato la serratura%2C ma la papera%2C dopo averla controllata%2C ha erroneamente capito che il panda l'ha forzata.,The panda did not pick the lock%2C but the duck%2C after checking it%2C mistakenly realized that the panda had picked it.,43,semi_factive,mistaken,4,13340,13738,88,4
742987,18,femmina,destrimana/o,italiano,psicologia,Sì,a,B,La rana non ha copiato le risposte della verifica%2C ma il panda%2C dopo averle viste%2C si è erroneamente reso conto che la rana le ha copiate.,The frog did not copy the answers in the check%2C but the panda%2C after seeing them%2C mistakenly realized that the frog copied them.,47,semi_factive,mistaken,3,3589,4289,91,4
742987,18,femmina,destrimana/o,italiano,psicologia,Sì,a,B,Il panda crede erroneamente che la rana abbia forzato la porta della cantina%2C ed è arrabbiato che l'abbia forzata. ,The panda mistakenly believes that the frog smashed the cellar door%2C and is angry that he smashed it.,35,true_factive,mistaken,6,3736,4514,93,4
731941,19,femmina,destrimana/o,italiano,Psicologia,No,b,A,Non so se la papera abbia smarrito il bracciale dell'amicizia%2C ma se la rana pensa che l'abbia smarrito%2C sarà molto delusa.,I don't know whether the duck lost the friendship bracelet%2C but if the frog thinks that she did%2C he will be very disappointed.,19,non_factive,dontknowwhether,6,18712,19719,5,1
731941,19,femmina,destrimana/o,italiano,Psicologia,No,b,A,Non so se il panda abbia mai offeso la rana%2C ma se l'ha offesa di nuovo ieri%2C la rana lo prenderà in giro davanti a tutti.,I don't know whether the panda has ever offended the frog%2C but if he offended her again yesterday%2C the frog will make fun of him in font of everybody.,31,again,dontknowwhether,6,6437,7589,7,1
731941,19,femmina,destrimana/o,italiano,Psicologia,No,b,A,Non so se il panda abbia spaccato il trenino%2C ma se la papera crede che l'abbia spaccato%2C gli ruberà il quaderno da colorare. ,I don't know whether the panda broke the model train%2C but if the duck believes that he did%2C she will steal his coloring book.,21,non_factive,dontknowwhether,5,8059,10616,8,1
731941,19,femmina,destrimana/o,italiano,Psicologia,No,b,A,Non so se la papera abbia perso l'aquilone%2C ma se il panda è arrabbiato che l'abbia perso%2C le getterà gli occhiali da sole in mare.,I don't know whether the duck lost the kite%2C but if the panda is angry that she did%2C he will hurl her sunglasses in the sea.,1,true_factive,dontknowwhether,5,12296,13253,13,1
731941,19,femmina,destrimana/o,italiano,Psicologia,No,b,A,Il panda non ha rubato il quaderno da colorare%2C ma se la papera è triste che l'abbia rubato%2C lo manderà via.,The panda didn't steal the coloring book%2C but if the duck is sad that he did%2C she will throw him out.,8,true_factive,notpif,5,8062,9022,14,1
731941,19,femmina,destrimana/o,italiano,Psicologia,No,b,A,La rana non ha copiato le risposte della verifica%2C ma il panda%2C dopo averle viste%2C si è reso conto che la rana le ha copiate.,I don't know whether the frog copied the answers in the check%2C but the panda%2C after seeing them%2C realized that the frog copied them.,47,semi_factive,dontknowwhetherand,3,7267,8165,15,1
731941,19,femmina,destrimana/o,italiano,Psicologia,No,b,A,La rana non ha forzato la porta della cantina%2C ma il panda è arrabbiato che l'abbia forzata. ,I don't know if the frog smashed the cellar door%2C but the panda is angry that he smashed it.,35,true_factive,dontknowwhetherand,3,1714,3409,18,1
731941,19,femmina,destrimana/o,italiano,Psicologia,No,b,A,Non so se il panda abbia forato il gonfiabile%2C ma se la rana si rende conto che l'ha forato%2C lo dirà alla maestra.,I don't know whether the panda made a hole in the bouncy castle%2C but if the frog realizes that he did%2C he will tell the teacher.,15,semi_factive,dontknowwhether,7,8812,10027,20,1
731941,19,femmina,destrimana/o,italiano,Psicologia,No,b,A,Non so se la rana abbia truccato il mazzo di carte%2C ma se il panda capisce che l'ha truccato%2C la escluderà dal prossimo pigiama party. ,I don't know whether the frog manipulated the deck%2C but if the panda understands that she did%2C he will uninvite him from the next sleepover.,9,semi_factive,dontknowwhether,7,8808,9763,23,1
731941,19,femmina,destrimana/o,italiano,Psicologia,No,b,A,La papera non ha imbrattato il muro%2C ma se il panda crede che l'abbia imbrattato%2C le nasconderà tutti i pennarelli.,The duck didn't paint the wall%2C but if the panda believes that she did%2C he will hide all of her crayons.,24,non_factive,notpif,7,4070,5335,25,2
731941,19,femmina,destrimana/o,italiano,Psicologia,No,b,A,La rana non ha dato via il vestito da festa%2C ma la papera è triste che l'abbia dato via. ,I don't know if the frog stole the party dress%2C but the duck is sad that he stole it.,39,true_factive,dontknowwhetherand,3,5183,5984,27,2
731941,19,femmina,destrimana/o,italiano,Psicologia,No,b,A,La rana non ha perduto nulla%2C ma se ha perduto anche le chiavi%2C la papera andrà nel panico.,The frog didn't lose anything%2C but if she lost the keys too%2C the duck will panic.,26,too,notpif,3,7452,8360,32,2
731941,19,femmina,destrimana/o,italiano,Psicologia,No,b,A,Il panda non ha bucato il pallone da calcio%2C ma se la rana è arrabbiata che l'abbia bucato%2C gli verserà del latte sul computer.,The panda didn't puncture the football%2C but if the frog is angry that he did%2C he will pour milk over his laptop.,2,true_factive,notpif,6,4903,9175,33,2
731941,19,femmina,destrimana/o,italiano,Psicologia,No,b,A,Non so se la papera abbia preso il voto massimo%2C ma se la rana pensa che l'abbia preso%2C sarà gelosa.,I don't know whether the duck got the top grade%2C but if the frog thinks that she did%2C he will be jealous.,17,non_factive,dontknowwhether,3,2387,4664,36,2
731941,19,femmina,destrimana/o,italiano,Psicologia,No,b,A,La rana non ha squarciato l'orsacchiotto%2C ma se la papera è triste che l'abbia squarciato%2C le disegnerà sulla faccia con l'indelebile.,The frog didn't cut open the teddy bear%2C but if the duck is sad that he did%2C she will draw on his face with sharpie.,6,true_factive,notpif,5,2136,4047,37,2
731941,19,femmina,destrimana/o,italiano,Psicologia,No,b,A,Il panda non ha perduto l'album dei ricordi%2C ma la rana è triste che l'abbia perduto. ,I don't know if the panda lost the scrapbook%2C but the frog is sad that he lost it.,38,true_factive,dontknowwhetherand,3,985,1761,38,2
731941,19,femmina,destrimana/o,italiano,Psicologia,No,b,A,Il panda non ha letto il diario segreto%2C ma se la rana si rende conto che l'ha letto%2C considererà la loro amicizia rovinata.,The panda didn't read the diary%2C but if the frog realizes that he did%2C he will consider their friendship ruined.,16,semi_factive,notpif,5,766,7844,39,2
731941,19,femmina,destrimana/o,italiano,Psicologia,No,b,A,La papera non ha mai bruciato il pane%2C ma se l'ha bruciato di nuovo ieri%2C il panda non farà più colazione con lei.,The duck has never burnt the bread%2C but if she burnt it again yesterday%2C the panda won't have breakfast with her anymore.,30,again,notpif,3,3730,4547,40,2
731941,19,femmina,destrimana/o,italiano,Psicologia,No,b,A,La papera non ha smarrito la chiave della cantina%2C ma la rana%2C dopo averla cercata%2C ha capito che la papera l'ha smarrita.,I don't know if the duck misplaced the house keys%2C but the frog%2C after looking for them%2C realized that the duck misplaced them.,42,semi_factive,dontknowwhetherand,3,7384,8096,41,2
731941,19,femmina,destrimana/o,italiano,Psicologia,No,b,A,La papera non ha buttato via la cartolina%2C ma se il panda capisce che l'ha buttata via%2C non le parlerà mai più.,The duck didn't throw away the postcard%2C but if the panda understands that she did%2C he will not speak to her anymore.,10,semi_factive,notpif,3,3380,5245,43,2
731941,19,femmina,destrimana/o,italiano,Psicologia,No,b,A,Non so se la rana abbia nascosto i pennarelli%2C ma se la papera capisce che li ha nascosti%2C le sotterrerà le figurine in giardino.,I don't know whether the frog hid the crayons%2C but if the duck understands that he did%2C she bury his favorite figurines in the yard.,11,semi_factive,dontknowwhether,2,4311,5227,44,2
731941,19,femmina,destrimana/o,italiano,Psicologia,No,b,A,Non so se la rana abbia mai usato il giocattolo della papera%2C ma se l'ha usato di nuovo ieri%2C la papera le getterà tutti i disegni nel fango.,I don't know whether the frog has nver used the duck's toy%2C but if she used it again yesterday%2C the duck will throw all her drawing in the mud.,29,again,dontknowwhether,4,13397,14264,45,2
731941,19,femmina,destrimana/o,italiano,Psicologia,No,b,A,La papera non ha dimenticato la torta%2C ma la rana è arrabbiata che l'abbia dimenticata. ,I don't know if the duck forgot the cake%2C but the frog is angry that he forgot it.,34,true_factive,dontknowwhetherand,4,4269,5038,48,2
731941,19,femmina,destrimana/o,italiano,Psicologia,No,b,A,Il panda non ha forzato la serratura%2C ma la papera%2C dopo averla controllata%2C ha capito che il panda l'ha forzata.,I don't know if the panda picked the lock%2C but the duck%2C after checking it%2C realized that the panda picked it.,43,semi_factive,dontknowwhetherand,4,1331,2847,49,3
731941,19,femmina,destrimana/o,italiano,Psicologia,No,b,A,Non so se il panda abbia danneggiato il microfono%2C ma se la rana è arrabbiata che l'abbia danneggiato%2C lo escluderà dalla serata di karaoke. ,I don't know whether the panda damaged the mic%2C but if the frog is angry that he did%2C he will uninvite him from karaoke night.,3,true_factive,dontknowwhether,3,1266,2569,51,3
731941,19,femmina,destrimana/o,italiano,Psicologia,No,b,A,La rana non ha rovinato il puzzle%2C ma se il panda è arrabbiato che l'abbia rovinato%2C le butterà le scarpe fuori dalla finestra.,The frog didn't ruin the puzzle%2C but if the panda is angry that he did%2C he will throw his shoes out of the window.,4,true_factive,notpif,3,1066,2741,52,3
731941,19,femmina,destrimana/o,italiano,Psicologia,No,b,A,Il panda non ha calpestato le margherite%2C ma se la rana crede che le abbia calpestate%2C preparerà dei gavettoni per punirlo.,The panda didn't trample the daisies%2C but if the frog believes that he did%2C he will prepare water balloons to punish him.,22,non_factive,notpif,6,2710,3535,54,3
731941,19,femmina,destrimana/o,italiano,Psicologia,No,b,A,La rana non ha dimenticato il compleanno della papera%2C ma se la papera pensa che l'abbia dimenticato%2C nasconderà il diario dell'amicizia nel bosco.,The frog didn't forget the duck's birthday%2C but if the duck thinks that he did%2C she will hide the friendship book in the wood.,18,non_factive,notpif,6,3433,4381,55,3
731941,19,femmina,destrimana/o,italiano,Psicologia,No,b,A,Non so se la rana abbia finito la limonata%2C ma se la papera crede che l'abbia finita%2C andrà a comprare dei limoni.,I don't know whether the frog finished the lemonade%2C but if the duck believes that he did%2C she will go buy lemons.,23,non_factive,dontknowwhether,6,2409,3219,56,3
731941,19,femmina,destrimana/o,italiano,Psicologia,No,b,A,Non so se il panda abbia bruciato l'album di foto%2C ma se la rana è triste che l'abbia bruciato%2C piangerà a dirotto.,I don't know whether the panda burned the photo album%2C but if the frog is sad that he did%2C he will cry his eyes out.,7,true_factive,dontknowwhether,4,6097,7256,58,3
731941,19,femmina,destrimana/o,italiano,Psicologia,No,b,A,Non so se il panda abbia piegato le lancette dell'orologio%2C ma se la rana si rende conto che le ha piegate%2C gli urlerà contro.,I don't know whether the panda bent the hands of the clock%2C but if the frog realizes that he did%2C he will shout at him.,13,semi_factive,dontknowwhether,4,2213,3570,59,3
731941,19,femmina,destrimana/o,italiano,Psicologia,No,b,A,Non so se il panda abbia sottratto qualcosa alla rana%2C ma se le ha sottratto anche il cappello%2C la rana gli strapperà il costume da bagno.,I don't know whether the panda stole anything from the frog%2C but if he stole her hat too%2C the frog will rip his bathing suit.,25,too,dontknowwhether,6,3232,4178,61,3
731941,19,femmina,destrimana/o,italiano,Psicologia,No,b,A,La papera non ha rotto il vasetto di miele%2C ma se il panda si rende conto che l'ha rotto%2C le terrà il broncio., The duck didn't break the honey jar%2C but if the panda realizes that she did%2C he will pout.,14,semi_factive,notpif,6,2926,4649,64,3
731941,19,femmina,destrimana/o,italiano,Psicologia,No,b,A,La rana non ha strappato il biglietto di auguri%2C ma se il panda pensa che l'abbia strappato%2C si metterà a piangere.,The frog didn't tear up the birthday card%2C but if the panda thinks that he did%2C he will start to cry.,20,non_factive,notpif,3,2145,2851,65,3
731941,19,femmina,destrimana/o,italiano,Psicologia,No,b,A,La papera non ha tagliuzzato il poster%2C ma se il panda capisce che l'ha tagliuzzato%2C le verserà del succo nello zaino.,The duck didn't cut the poster%2C but if the panda understands that she did%2C he will pour juice into her backpack.,12,semi_factive,notpif,5,2926,6266,68,3
731941,19,femmina,destrimana/o,italiano,Psicologia,No,b,A,La rana non ha mai rovesciato la bottiglia d'olio%2C ma se l'ha rovesciata di nuovo ieri%2C la paperà le farà pulire tutta la cucina.,The frog has never knocked over the oil bottle%2C but if she knocked it over again yesterday%2C the duck will make her clean the entire kitchen.,32,again,notpif,3,2831,4442,69,3
731941,19,femmina,destrimana/o,italiano,Psicologia,No,b,A,Non so se la papera abbia distrutto il castello di sabbia%2C ma se il panda è triste che l'abbia distrutto%2C piangerà per tutto il giorno.,I don't know whether the duck destroyed the sand castle%2C but if the panda is sad that she did%2C he will cry all day.,5,true_factive,dontknowwhether,5,1074,2153,70,3
731941,19,femmina,destrimana/o,italiano,Psicologia,No,b,A,Il panda non ha cambiato le regole del gioco di ruolo%2C ma la papera%2C dopo averle ripassate%2C si è resa conto che il panda le ha cambiate.,I don't know whether the panda changed the rules of the role-playing game%2C but the duck%2C after reviewing them%2C realized that the panda changed them.,46,semi_factive,dontknowwhetherand,3,1152,2061,71,3
731941,19,femmina,destrimana/o,italiano,Psicologia,No,b,A,Il panda non ha rotto nulla%2C ma se ha rotto anche il vaso di porcellana%2C la rana andrà su tutte le furie.,The panda didn't break anything%2C but if he broke the porcelaine vase too%2C the frog will flare up.,28,too,notpif,5,1014,2632,74,4
731941,19,femmina,destrimana/o,italiano,Psicologia,No,b,A,Non so se la papera abbia sporcato qualcosa%2C ma se ha sporcato anche il tappeto%2C il panda non la inviterà più a casa sua.,I don't know whether the duck dirtied anything%2C but if she dirtied the carpet too%2C the panda won't invite her anymore.,27,too,dontknowwhether,6,4102,5117,75,4
731941,19,femmina,destrimana/o,italiano,Psicologia,No,b,B,Il panda crede erroneamente che la papera abbia gettato via le bambole di pezza%2C ed è triste che le abbia gettate via. ,The panda mistakenly believes that the duck threw away the rag dolls%2C and is sad that he threw them away.,37,true_factive,mistaken,7,19630,20645,76,4
731941,19,femmina,destrimana/o,italiano,Psicologia,No,b,B,La rana non ha truccato la macchinina telecomandata%2C ma il panda%2C dopo averla usata%2C ha erroneamente capito che la rana l'ha truccata.,The frog did not rig the remote control car%2C but the panda%2C after using it%2C mistakenly realized that the frog rigged it.,44,semi_factive,mistaken,5,6508,7430,80,4
731941,19,femmina,destrimana/o,italiano,Psicologia,No,b,B,La papera crede erroneamente che la rana abbia strisciato la finestra in soffitta%2C ed è arrabbiata che l'abbia strisciata. ,The duck mistakenly believes the frog crawled through the attic window%2C and is angry that he crawled through it.,36,true_factive,mistaken,6,9197,10131,81,4
731941,19,femmina,destrimana/o,italiano,Psicologia,No,b,B,La papera crede erroneamente che il panda abbia fatto morire le rose%2C ed è arrabbiata che le abbia fatte morire. ,The duck mistakenly believes that the panda made the roses die%2C and is angry that he made them die.,33,true_factive,mistaken,6,4916,6924,89,4
731941,19,femmina,destrimana/o,italiano,Psicologia,No,b,B,La papera non ha potato la siepe%2C ma la rana%2C dopo averla innaffiata%2C si è erroneamente resa conto che la papera l'ha potata.,The duck did not prune the hedge%2C but the frog%2C after watering it%2C mistakenly realized that the duck pruned it.,48,semi_factive,mistaken,4,2390,6004,91,4
731941,19,femmina,destrimana/o,italiano,Psicologia,No,b,B,Il panda crede erroneamente che la papera abbia mollato il corso di nuoto%2C ed è triste che l'abbia mollato. ,The panda mistakenly believes that the duck dropped out of swimming class%2C and he is sad that he dropped out.,40,true_factive,mistaken,6,5586,6383,92,4
731941,19,femmina,destrimana/o,italiano,Psicologia,No,b,B,La papera non ha modificato la ricetta della torta%2C ma la rana%2C dopo averla riletta%2C si è erroneamente resa conto che la papera l'ha modificata.,The duck did not change the cake recipe%2C but the frog%2C after re-reading it%2C mistakenly realized that the duck changed it.,45,semi_factive,mistaken,3,6811,7784,93,4
731941,19,femmina,destrimana/o,italiano,Psicologia,No,b,B,La rana non ha spaccato le automobiline%2C ma il panda%2C dopo averle esaminate%2C ha erroneamente capito che la rana le ha spaccate.,The frog did not break the toy train%2C but the panda%2C after examining it%2C mistakenly realizes that the frog broke it.,41,semi_factive,mistaken,4,9103,10121,94,4
993212,19,femmina,destrimana/o,italiano,psicologia,No,a,A,Non so se la papera abbia mai bruciato il pane%2C ma se l'ha bruciato di nuovo ieri%2C il panda non farà più colazione con lei.,I don't know whether the duck has ever burnt the bread%2C but if she burnt it again yesterday%2C the panda won't have breakfast with her anymore.,30,again,dontknowwhether,1,11904,13508,3,1
993212,19,femmina,destrimana/o,italiano,psicologia,No,a,A,La papera non ha preso il voto massimo%2C ma se la rana pensa che l'abbia preso%2C sarà gelosa.,The duck didn't get the top grade%2C but if the frog thinks that she did%2C he will be jealous.,17,non_factive,notpif,6,11464,12162,5,1
993212,19,femmina,destrimana/o,italiano,psicologia,No,a,A,Non so se la papera abbia tagliuzzato il poster%2C ma se il panda capisce che l'ha tagliuzzato%2C le verserà del succo nello zaino.,I don't know whether the duck cut the poster%2C but if the panda understands that she did%2C he will pour juice into her backpack.,12,semi_factive,dontknowwhether,2,7270,19837,6,1
993212,19,femmina,destrimana/o,italiano,psicologia,No,a,A,Il panda non ha forato il gonfiabile%2C ma se la rana si rende conto che l'ha forato%2C lo dirà alla maestra.,The panda didn't make a hole in the bouncy castle%2C but if the frog realizes that he did%2C he will tell the teacher.,15,semi_factive,notpif,1,11064,11904,9,1
993212,19,femmina,destrimana/o,italiano,psicologia,No,a,A,Non so se il panda abbia letto il diario segreto%2C ma se la rana si rende conto che l'ha letto%2C considererà la loro amicizia rovinata.,I don't know whether the panda read the diary%2C but if the frog realizes that he did%2C he will consider their friendship ruined.,16,semi_factive,dontknowwhether,2,12282,13170,10,1
993212,19,femmina,destrimana/o,italiano,psicologia,No,a,A,Il panda non ha fatto morire le rose%2C ma la papera è arrabbiata che le abbia fatte morire. ,I don't know if the panda made the roses die%2C but the duck is angry that he made them die.,33,true_factive,dontknowwhetherand,4,7350,8091,11,1
993212,19,femmina,destrimana/o,italiano,psicologia,No,a,A,La papera non ha smarrito il bracciale dell'amicizia%2C ma se la rana pensa che l'abbia smarrito%2C sarà molto delusa.,The duck didn't lose the friendship bracelet%2C but if the frog thinks that she did%2C he will be very disappointed.,19,non_factive,notpif,6,7303,8149,14,1
993212,19,femmina,destrimana/o,italiano,psicologia,No,a,A,Non so se la papera abbia rotto il vasetto di miele%2C ma se il panda si rende conto che l'ha rotto%2C le terrà il broncio.,I don't know whether the duck broke the honey jar%2C but if the panda realizes that she did%2C he will pout.,14,semi_factive,dontknowwhether,4,16455,17142,16,1
993212,19,femmina,destrimana/o,italiano,psicologia,No,a,A,La papera non ha sporcato nulla%2C ma se ha sporcato anche il tappeto%2C il panda non la inviterà più a casa sua.,The duck didn't dirty anything%2C but if she dirtied the carpet too%2C the panda won't invite her anymore.,27,too,notpif,1,7578,8243,17,1
993212,19,femmina,destrimana/o,italiano,psicologia,No,a,A,Il panda non ha mai offeso la rana%2C ma se l'ha offesa di nuovo ieri%2C la rana lo prenderà in giro davanti a tutti.,The panda has never offended the frog%2C but if he offended her again yesterday%2C the frog will make fun of him in font of everybody.,31,again,notpif,1,3728,4666,18,1
993212,19,femmina,destrimana/o,italiano,psicologia,No,a,A,La rana non ha mai usato il giocattolo della papera%2C ma se l'ha usato di nuovo ieri%2C la papera le getterà tutti i disegni nel fango.,The frog has never used the duck's toy%2C but if she used it again yesterday%2C the duck will throw all her drawing in the mud.,29,again,notpif,1,3528,5656,20,1
993212,19,femmina,destrimana/o,italiano,psicologia,No,a,A,La rana non ha strisciato la finestra in soffitta%2C ma la papera è arrabbiata che l'abbia strisciata. ,I don't know if the frog crawled the attic window%2C but the duck is angry that he crawled it.,36,true_factive,dontknowwhetherand,5,10921,11528,21,1
993212,19,femmina,destrimana/o,italiano,psicologia,No,a,A,Il panda non ha sottratto nulla alla rana%2C ma se le ha sottratto anche il cappello%2C la rana gli strapperà il costume da bagno.,The panda didn't steal anything from the frog%2C but if he stole her hat too%2C the frog will rip his bathing suit.,25,too,notpif,1,4509,5923,23,1
993212,19,femmina,destrimana/o,italiano,psicologia,No,a,A,La papera non ha distrutto il castello di sabbia%2C ma se il panda è triste che l'abbia distrutto%2C piangerà per tutto il giorno.,The duck didn't destroy the sand castle%2C but if the panda is sad that she did%2C he will cry all day.,5,true_factive,notpif,5,5658,6669,26,2
993212,19,femmina,destrimana/o,italiano,psicologia,No,a,A,La rana non ha truccato il mazzo di carte%2C ma se il panda capisce che l'ha truccato%2C la escluderà dal prossimo pigiama party. ,The frog didn't manipulate the deck%2C but if the panda understands that she did%2C he will uninvite him from the next sleepover.,9,semi_factive,notpif,2,6340,7018,28,2
993212,19,femmina,destrimana/o,italiano,psicologia,No,a,A,Il panda non ha spaccato il trenino%2C ma se la papera crede che l'abbia spaccato%2C gli ruberà il quaderno da colorare. ,The panda didn't break the model train%2C but if the duck believes that he did%2C she will steal his coloring book.,21,non_factive,notpif,7,6381,7207,29,2
993212,19,femmina,destrimana/o,italiano,psicologia,No,a,A,La rana non ha finito la limonata%2C ma se la papera crede che l'abbia finita%2C andrà a comprare dei limoni.,The frog didn't finish the lemonade%2C but if the duck believes that he did%2C she will go buy lemons.,23,non_factive,notpif,7,6484,7949,30,2
993212,19,femmina,destrimana/o,italiano,psicologia,No,a,A,La papera non ha modificato la ricetta della torta%2C ma la rana%2C dopo averla riletta%2C si è resa conto che la papera l'ha modificata.,I don't know whether the duck changed the cake recipe%2C but the frog%2C after re-reading it%2C realized that the duck changed it.,45,semi_factive,dontknowwhetherand,1,6127,7183,31,2
993212,19,femmina,destrimana/o,italiano,psicologia,No,a,A,Non so se la rana abbia mai rovesciato la bottiglia d'olio%2C ma se l'ha rovesciata di nuovo ieri%2C la paperà le farà pulire tutta la cucina.,I don't know whether the frog has ever knocked over the oil bottle%2C but if she knocked it over again yesterday%2C the duck will make her clean the entire kitchen.,32,again,dontknowwhether,2,10169,10770,33,2
993212,19,femmina,destrimana/o,italiano,psicologia,No,a,A,Il panda non ha bruciato l'album di foto%2C ma se la rana è triste che l'abbia bruciato%2C piangerà a dirotto.,The panda didn't burn the photo album%2C but if the frog is sad that he did%2C he will cry his eyes out.,7,true_factive,notpif,3,7514,8025,34,2
993212,19,femmina,destrimana/o,italiano,psicologia,No,a,A,Non so se il panda abbia calpestato le margherite%2C ma se la rana crede che le abbia calpestate%2C preparerà dei gavettoni per punirlo.,I don't know whether the panda trampled the daisies%2C but if the frog believes that he did%2C he will prepare water balloons to punish him.,22,non_factive,dontknowwhether,7,6914,7525,35,2
993212,19,femmina,destrimana/o,italiano,psicologia,No,a,A,La rana non ha truccato la macchinina telecomandata%2C ma il panda%2C dopo averla usata%2C ha capito che la rana l'ha truccata.,I don't know whether the frog rigged the remote control car%2C but the panda%2C after using it%2C realized that the frog rigged it.,44,semi_factive,dontknowwhetherand,1,8810,9811,40,2
993212,19,femmina,destrimana/o,italiano,psicologia,No,a,A,La rana non ha nascosto i pennarelli%2C ma se la papera capisce che li ha nascosti%2C le sotterrerà le figurine in giardino.,The frog didn't hide the crayons%2C but if the duck understands that he did%2C she bury his favorite figurines in the yard.,11,semi_factive,notpif,2,5112,5883,45,2
993212,19,femmina,destrimana/o,italiano,psicologia,No,a,A,Non so se la papera abbia buttato via la cartolina%2C ma se il panda capisce che l'ha buttata via%2C non le parlerà mai più.,I don't know whether the duck threw away the postcard%2C but if the panda understands that she did%2C he will not speak to her anymore.,10,semi_factive,dontknowwhether,2,4507,5089,47,2
993212,19,femmina,destrimana/o,italiano,psicologia,No,a,A,Non so se la papera abbia imbrattato il muro%2C ma se il panda crede che l'abbia imbrattato%2C le nasconderà tutti i pennarelli.,I don't know whether the duck painted the wall%2C but if the panda believes that she did%2C he will hide all of her crayons.,24,non_factive,dontknowwhether,7,7642,8210,48,2
993212,19,femmina,destrimana/o,italiano,psicologia,No,a,A,Non so se la rana abbia rovinato il puzzle%2C ma se il panda è arrabbiato che l'abbia rovinato%2C le butterà le scarpe fuori dalla finestra.,I don't know whether the frog ruined the puzzle%2C but if the panda is angry that he did%2C he will throw his shoes out of the window.,4,true_factive,dontknowwhether,4,6835,8327,49,3
993212,19,femmina,destrimana/o,italiano,psicologia,No,a,A,Il panda non ha piegato le lancette dell'orologio%2C ma se la rana si rende conto che le ha piegate%2C gli urlerà contro.,The panda didn't bend the hands of the clock%2C but if the frog realizes that he did%2C he will shout at him.,13,semi_factive,notpif,2,34266,34853,50,3
993212,19,femmina,destrimana/o,italiano,psicologia,No,a,A,La papera non ha perso l'aquilone%2C ma se il panda è arrabbiato che l'abbia perso%2C le getterà gli occhiali da sole in mare.,The duck didn't lose the kite%2C but if the panda is angry that she did%2C he will hurl her sunglasses in the sea.,1,true_factive,notpif,5,7548,8912,52,3
993212,19,femmina,destrimana/o,italiano,psicologia,No,a,A,Non so se il panda abbia rotto qualcosa%2C ma se ha rotto anche il vaso di porcellana%2C la rana andrà su tutte le furie.,I don't know whether the panda broke anything%2C but if he broke the porcelaine vase too%2C the frog will flare up.,28,too,dontknowwhether,2,5888,6964,53,3
993212,19,femmina,destrimana/o,italiano,psicologia,No,a,A,La papera non ha mollato il corso di nuoto%2C ma il panda è triste che l'abbia mollato. ,I don't know if the duck quit swimming class%2C but the panda is sad that he quit it.,40,true_factive,dontknowwhetherand,3,6786,7298,56,3
993212,19,femmina,destrimana/o,italiano,psicologia,No,a,A,La papera non ha gettato via le bambole di pezza%2C ma il panda è triste che le abbia gettate via. ,I don't know if the duck threw away the rag dolls%2C but the panda is sad that he threw them away.,37,true_factive,dontknowwhetherand,3,14120,14814,60,3
993212,19,femmina,destrimana/o,italiano,psicologia,No,a,A,La papera non ha potato la siepe%2C ma la rana%2C dopo averla innaffiata%2C si è resa conto che la papera l'ha potata.,I don't know whether the duck pruned the hedge%2C but the frog%2C after watering it%2C realized that the duck pruned it.,48,semi_factive,dontknowwhetherand,2,8037,8787,62,3
993212,19,femmina,destrimana/o,italiano,psicologia,No,a,A,Non so se il panda abbia rubato il quaderno da colorare%2C ma se la papera è triste che l'abbia rubato%2C lo manderà via.,I don't know whether the panda stole the coloring book%2C but if the duck is sad that he did%2C she will throw him out.,8,true_factive,dontknowwhether,4,5537,6314,63,3
993212,19,femmina,destrimana/o,italiano,psicologia,No,a,A,Non so se la rana abbia perduto qualcosa%2C ma se ha perduto anche le chiavi%2C la papera andrà nel panico.,I don't know whether the frog lost anything%2C but if she lost the keys too%2C the duck will panic.,26,too,dontknowwhether,5,11310,12597,65,3
993212,19,femmina,destrimana/o,italiano,psicologia,No,a,A,Il panda non ha danneggiato il microfono%2C ma se la rana è arrabbiata che l'abbia danneggiato%2C lo escluderà dalla serata di karaoke. ,The panda didn't damage the mic%2C but if the frog is angry that he did%2C he will uninvite him from karaoke night.,3,true_factive,notpif,6,9926,10787,66,3
993212,19,femmina,destrimana/o,italiano,psicologia,No,a,A,Non so se la rana abbia squarciato l'orsacchiotto%2C ma se la papera è triste che l'abbia squarciato%2C le disegnerà sulla faccia con l'indelebile.,I don't know whether the frog cut open the teddy bear%2C but if the duck is sad that he did%2C she will draw on his face with sharpie.,6,true_factive,dontknowwhether,2,8363,9301,68,3
993212,19,femmina,destrimana/o,italiano,psicologia,No,a,A,Non so se il panda abbia bucato il pallone da calcio%2C ma se la rana è arrabbiata che l'abbia bucato%2C gli verserà del latte sul computer.,I don't know whether the panda punctured the football%2C but if the frog is angry that he did%2C he will pour milk over his laptop.,2,true_factive,dontknowwhether,6,29049,29961,70,3
993212,19,femmina,destrimana/o,italiano,psicologia,No,a,A,Non so se la rana abbia strappato il biglietto di auguri%2C ma se il panda pensa che l'abbia strappato%2C si metterà a piangere.,I don't know whether the frog tore up the birthday card%2C but if the panda thinks that he did%2C he will start to cry.,20,non_factive,dontknowwhether,7,4504,5380,71,3
993212,19,femmina,destrimana/o,italiano,psicologia,No,a,A,La rana non ha spaccato le automobiline%2C ma il panda%2C dopo averle esaminate%2C ha capito che la rana le ha spaccate.,I don't know if the frog broke the toy train%2C but the panda%2C after examining it%2C realized that the frog broke it.,41,semi_factive,dontknowwhetherand,1,15013,15701,73,4
993212,19,femmina,destrimana/o,italiano,psicologia,No,a,A,Non so se la rana abbia dimenticato il compleanno della papera%2C ma se la papera pensa che l'abbia dimenticato%2C nasconderà il diario dell'amicizia nel bosco.,I don't know whether the frog forgot the duck's birthday%2C but if the duck thinks that he did%2C she will hide the friendship book in the wood.,18,non_factive,dontknowwhether,7,11004,12110,74,4
993212,19,femmina,destrimana/o,italiano,psicologia,No,a,B,Il panda crede erroneamente che la rana abbia forzato la porta della cantina%2C ed è arrabbiato che l'abbia forzata. ,The panda mistakenly believes that the frog smashed the cellar door%2C and is angry that he smashed it.,35,true_factive,mistaken,7,5198,6093,76,4
993212,19,femmina,destrimana/o,italiano,psicologia,No,a,B,La papera non ha smarrito la chiave della cantina%2C ma la rana%2C dopo averla cercata%2C ha erroneamente capito che la papera l'ha smarrita.,The duck did not misplace the house keys%2C but the frog%2C after looking for them%2C mistakenly realized that the duck misplaced them.,42,semi_factive,mistaken,7,7956,8956,77,4
993212,19,femmina,destrimana/o,italiano,psicologia,No,a,B,La rana crede erroneamente che la papera abbia dimenticato la torta%2C ed è arrabbiata che l'abbia dimenticata. ,The frog mistakenly believes the duck forgot the cake%2C and is angry that he forgot it.,34,true_factive,mistaken,7,4250,5653,80,4
993212,19,femmina,destrimana/o,italiano,psicologia,No,a,B,La papera crede erroneamente che la rana abbia dato via il vestito da festa%2C ed è triste che l'abbia dato via. ,The duck mistakenly believes that the frog stole the party dress%2C and he is sad that he stole it.,39,true_factive,mistaken,7,8442,9331,81,4
993212,19,femmina,destrimana/o,italiano,psicologia,No,a,B,La rana non ha copiato le risposte della verifica%2C ma il panda%2C dopo averle viste%2C si è erroneamente reso conto che la rana le ha copiate.,The frog did not copy the answers in the check%2C but the panda%2C after seeing them%2C mistakenly realized that the frog copied them.,47,semi_factive,mistaken,6,13694,14395,84,4
993212,19,femmina,destrimana/o,italiano,psicologia,No,a,B,Il panda non ha forzato la serratura%2C ma la papera%2C dopo averla controllata%2C ha erroneamente capito che il panda l'ha forzata.,The panda did not pick the lock%2C but the duck%2C after checking it%2C mistakenly realized that the panda had picked it.,43,semi_factive,mistaken,5,8985,10308,86,4
993212,19,femmina,destrimana/o,italiano,psicologia,No,a,B,Il panda non ha cambiato le regole del gioco di ruolo%2C ma la papera%2C dopo averle ripassate%2C si è erroneamente resa conto che il panda le ha cambiate.,The panda did not change the rules of the role-playing game%2C but the duck%2C after reviewing them%2C mistakenly realized that the panda changed them.,46,semi_factive,mistaken,6,3839,14774,89,4
993212,19,femmina,destrimana/o,italiano,psicologia,No,a,B,La rana crede erroneamente che il panda abbia perduto l'album dei ricordi%2C ed è triste che l'abbia perduto. ,The frog mistakenly believes that the panda has lost the scrapbook%2C and he is sad that he has lost it.,38,true_factive,mistaken,7,3997,4763,94,4
214192,19,femmina,destrimana/o,italiano,Psicologia,Sì,a,A,La papera non ha sporcato nulla%2C ma se ha sporcato anche il tappeto%2C il panda non la inviterà più a casa sua.,The duck didn't dirty anything%2C but if she dirtied the carpet too%2C the panda won't invite her anymore.,27,too,notpif,1,10557,12681,1,1
214192,19,femmina,destrimana/o,italiano,Psicologia,Sì,a,A,La rana non ha truccato la macchinina telecomandata%2C ma il panda%2C dopo averla usata%2C ha capito che la rana l'ha truccata.,I don't know whether the frog rigged the remote control car%2C but the panda%2C after using it%2C realized that the frog rigged it.,44,semi_factive,dontknowwhetherand,1,10012,13254,2,1
214192,19,femmina,destrimana/o,italiano,Psicologia,Sì,a,A,Non so se la papera abbia mai bruciato il pane%2C ma se l'ha bruciato di nuovo ieri%2C il panda non farà più colazione con lei.,I don't know whether the duck has ever burnt the bread%2C but if she burnt it again yesterday%2C the panda won't have breakfast with her anymore.,30,again,dontknowwhether,1,6772,9088,4,1
214192,19,femmina,destrimana/o,italiano,Psicologia,Sì,a,A,La rana non ha strisciato la finestra in soffitta%2C ma la papera è arrabbiata che l'abbia strisciata. ,I don't know if the frog crawled the attic window%2C but the duck is angry that he crawled it.,36,true_factive,dontknowwhetherand,1,7223,7870,6,1
214192,19,femmina,destrimana/o,italiano,Psicologia,Sì,a,A,Non so se il panda abbia letto il diario segreto%2C ma se la rana si rende conto che l'ha letto%2C considererà la loro amicizia rovinata.,I don't know whether the panda read the diary%2C but if the frog realizes that he did%2C he will consider their friendship ruined.,16,semi_factive,dontknowwhether,3,9623,10386,7,1
214192,19,femmina,destrimana/o,italiano,Psicologia,Sì,a,A,La rana non ha spaccato le automobiline%2C ma il panda%2C dopo averle esaminate%2C ha capito che la rana le ha spaccate.,I don't know if the frog broke the toy train%2C but the panda%2C after examining it%2C realized that the frog broke it.,41,semi_factive,dontknowwhetherand,1,4736,5507,9,1
214192,19,femmina,destrimana/o,italiano,Psicologia,Sì,a,A,Non so se la rana abbia perduto qualcosa%2C ma se ha perduto anche le chiavi%2C la papera andrà nel panico.,I don't know whether the frog lost anything%2C but if she lost the keys too%2C the duck will panic.,26,too,dontknowwhether,1,12413,13225,12,1
214192,19,femmina,destrimana/o,italiano,Psicologia,Sì,a,A,Non so se la rana abbia dimenticato il compleanno della papera%2C ma se la papera pensa che l'abbia dimenticato%2C nasconderà il diario dell'amicizia nel bosco.,I don't know whether the frog forgot the duck's birthday%2C but if the duck thinks that he did%2C she will hide the friendship book in the wood.,18,non_factive,dontknowwhether,3,6627,7431,13,1
214192,19,femmina,destrimana/o,italiano,Psicologia,Sì,a,A,Non so se la papera abbia rotto il vasetto di miele%2C ma se il panda si rende conto che l'ha rotto%2C le terrà il broncio.,I don't know whether the duck broke the honey jar%2C but if the panda realizes that she did%2C he will pout.,14,semi_factive,dontknowwhether,3,8547,9412,16,1
214192,19,femmina,destrimana/o,italiano,Psicologia,Sì,a,A,Non so se il panda abbia calpestato le margherite%2C ma se la rana crede che le abbia calpestate%2C preparerà dei gavettoni per punirlo.,I don't know whether the panda trampled the daisies%2C but if the frog believes that he did%2C he will prepare water balloons to punish him.,22,non_factive,dontknowwhether,5,14340,14866,18,1
214192,19,femmina,destrimana/o,italiano,Psicologia,Sì,a,A,Non so se la papera abbia buttato via la cartolina%2C ma se il panda capisce che l'ha buttata via%2C non le parlerà mai più.,I don't know whether the duck threw away the postcard%2C but if the panda understands that she did%2C he will not speak to her anymore.,10,semi_factive,dontknowwhether,2,8459,9449,21,1
214192,19,femmina,destrimana/o,italiano,Psicologia,Sì,a,A,La rana non ha mai usato il giocattolo della papera%2C ma se l'ha usato di nuovo ieri%2C la papera le getterà tutti i disegni nel fango.,The frog has never used the duck's toy%2C but if she used it again yesterday%2C the duck will throw all her drawing in the mud.,29,again,notpif,1,3483,4116,23,1
214192,19,femmina,destrimana/o,italiano,Psicologia,Sì,a,A,La papera non ha smarrito il bracciale dell'amicizia%2C ma se la rana pensa che l'abbia smarrito%2C sarà molto delusa.,The duck didn't lose the friendship bracelet%2C but if the frog thinks that she did%2C he will be very disappointed.,19,non_factive,notpif,2,100486,101262,26,2
214192,19,femmina,destrimana/o,italiano,Psicologia,Sì,a,A,Non so se il panda abbia bucato il pallone da calcio%2C ma se la rana è arrabbiata che l'abbia bucato%2C gli verserà del latte sul computer.,I don't know whether the panda punctured the football%2C but if the frog is angry that he did%2C he will pour milk over his laptop.,2,true_factive,dontknowwhether,1,6496,7234,27,2
214192,19,femmina,destrimana/o,italiano,Psicologia,Sì,a,A,La papera non ha preso il voto massimo%2C ma se la rana pensa che l'abbia preso%2C sarà gelosa.,The duck didn't get the top grade%2C but if the frog thinks that she did%2C he will be jealous.,17,non_factive,notpif,2,3232,4074,32,2
214192,19,femmina,destrimana/o,italiano,Psicologia,Sì,a,A,La rana non ha truccato il mazzo di carte%2C ma se il panda capisce che l'ha truccato%2C la escluderà dal prossimo pigiama party. ,The frog didn't manipulate the deck%2C but if the panda understands that she did%2C he will uninvite him from the next sleepover.,9,semi_factive,notpif,2,7938,8554,33,2
214192,19,femmina,destrimana/o,italiano,Psicologia,Sì,a,A,La papera non ha distrutto il castello di sabbia%2C ma se il panda è triste che l'abbia distrutto%2C piangerà per tutto il giorno.,The duck didn't destroy the sand castle%2C but if the panda is sad that she did%2C he will cry all day.,5,true_factive,notpif,1,4718,5456,35,2
214192,19,femmina,destrimana/o,italiano,Psicologia,Sì,a,A,Il panda non ha spaccato il trenino%2C ma se la papera crede che l'abbia spaccato%2C gli ruberà il quaderno da colorare. ,The panda didn't break the model train%2C but if the duck believes that he did%2C she will steal his coloring book.,21,non_factive,notpif,7,22685,23484,36,2
214192,19,femmina,destrimana/o,italiano,Psicologia,Sì,a,A,La rana non ha finito la limonata%2C ma se la papera crede che l'abbia finita%2C andrà a comprare dei limoni.,The frog didn't finish the lemonade%2C but if the duck believes that he did%2C she will go buy lemons.,23,non_factive,notpif,6,4113,5412,38,2
214192,19,femmina,destrimana/o,italiano,Psicologia,Sì,a,A,Il panda non ha forato il gonfiabile%2C ma se la rana si rende conto che l'ha forato%2C lo dirà alla maestra.,The panda didn't make a hole in the bouncy castle%2C but if the frog realizes that he did%2C he will tell the teacher.,15,semi_factive,notpif,1,6664,7766,39,2
214192,19,femmina,destrimana/o,italiano,Psicologia,Sì,a,A,Non so se la papera abbia tagliuzzato il poster%2C ma se il panda capisce che l'ha tagliuzzato%2C le verserà del succo nello zaino.,I don't know whether the duck cut the poster%2C but if the panda understands that she did%2C he will pour juice into her backpack.,12,semi_factive,dontknowwhether,3,6606,7212,41,2
214192,19,femmina,destrimana/o,italiano,Psicologia,Sì,a,A,La papera non ha gettato via le bambole di pezza%2C ma il panda è triste che le abbia gettate via. ,I don't know if the duck threw away the rag dolls%2C but the panda is sad that he threw them away.,37,true_factive,dontknowwhetherand,1,3378,4588,43,2
214192,19,femmina,destrimana/o,italiano,Psicologia,Sì,a,A,La papera non ha potato la siepe%2C ma la rana%2C dopo averla innaffiata%2C si è resa conto che la papera l'ha potata.,I don't know whether the duck pruned the hedge%2C but the frog%2C after watering it%2C realized that the duck pruned it.,48,semi_factive,dontknowwhetherand,1,4398,5533,44,2
214192,19,femmina,destrimana/o,italiano,Psicologia,Sì,a,A,Non so se la rana abbia squarciato l'orsacchiotto%2C ma se la papera è triste che l'abbia squarciato%2C le disegnerà sulla faccia con l'indelebile.,I don't know whether the frog cut open the teddy bear%2C but if the duck is sad that he did%2C she will draw on his face with sharpie.,6,true_factive,dontknowwhether,1,3764,4575,46,2
214192,19,femmina,destrimana/o,italiano,Psicologia,Sì,a,A,Non so se il panda abbia rubato il quaderno da colorare%2C ma se la papera è triste che l'abbia rubato%2C lo manderà via.,I don't know whether the panda stole the coloring book%2C but if the duck is sad that he did%2C she will throw him out.,8,true_factive,dontknowwhether,1,3101,3626,47,2
214192,19,femmina,destrimana/o,italiano,Psicologia,Sì,a,A,Non so se la rana abbia strappato il biglietto di auguri%2C ma se il panda pensa che l'abbia strappato%2C si metterà a piangere.,I don't know whether the frog tore up the birthday card%2C but if the panda thinks that he did%2C he will start to cry.,20,non_factive,dontknowwhether,6,7429,8087,49,3
214192,19,femmina,destrimana/o,italiano,Psicologia,Sì,a,A,La papera non ha mollato il corso di nuoto%2C ma il panda è triste che l'abbia mollato. ,I don't know if the duck quit swimming class%2C but the panda is sad that he quit it.,40,true_factive,dontknowwhetherand,1,4619,5290,50,3
214192,19,femmina,destrimana/o,italiano,Psicologia,Sì,a,A,La papera non ha perso l'aquilone%2C ma se il panda è arrabbiato che l'abbia perso%2C le getterà gli occhiali da sole in mare.,The duck didn't lose the kite%2C but if the panda is angry that she did%2C he will hurl her sunglasses in the sea.,1,true_factive,notpif,1,7087,8294,52,3
214192,19,femmina,destrimana/o,italiano,Psicologia,Sì,a,A,Non so se la papera abbia imbrattato il muro%2C ma se il panda crede che l'abbia imbrattato%2C le nasconderà tutti i pennarelli.,I don't know whether the duck painted the wall%2C but if the panda believes that she did%2C he will hide all of her crayons.,24,non_factive,dontknowwhether,5,10337,10975,54,3
214192,19,femmina,destrimana/o,italiano,Psicologia,Sì,a,A,Il panda non ha danneggiato il microfono%2C ma se la rana è arrabbiata che l'abbia danneggiato%2C lo escluderà dalla serata di karaoke. ,The panda didn't damage the mic%2C but if the frog is angry that he did%2C he will uninvite him from karaoke night.,3,true_factive,notpif,1,3455,4038,55,3
214192,19,femmina,destrimana/o,italiano,Psicologia,Sì,a,A,La rana non ha nascosto i pennarelli%2C ma se la papera capisce che li ha nascosti%2C le sotterrerà le figurine in giardino.,The frog didn't hide the crayons%2C but if the duck understands that he did%2C she bury his favorite figurines in the yard.,11,semi_factive,notpif,1,23617,24360,56,3
214192,19,femmina,destrimana/o,italiano,Psicologia,Sì,a,A,Il panda non ha bruciato l'album di foto%2C ma se la rana è triste che l'abbia bruciato%2C piangerà a dirotto.,The panda didn't burn the photo album%2C but if the frog is sad that he did%2C he will cry his eyes out.,7,true_factive,notpif,1,3369,4170,57,3
214192,19,femmina,destrimana/o,italiano,Psicologia,Sì,a,A,Non so se la rana abbia mai rovesciato la bottiglia d'olio%2C ma se l'ha rovesciata di nuovo ieri%2C la paperà le farà pulire tutta la cucina.,I don't know whether the frog has ever knocked over the oil bottle%2C but if she knocked it over again yesterday%2C the duck will make her clean the entire kitchen.,32,again,dontknowwhether,1,49796,50507,59,3
214192,19,femmina,destrimana/o,italiano,Psicologia,Sì,a,A,Il panda non ha piegato le lancette dell'orologio%2C ma se la rana si rende conto che le ha piegate%2C gli urlerà contro.,The panda didn't bend the hands of the clock%2C but if the frog realizes that he did%2C he will shout at him.,13,semi_factive,notpif,1,3239,3816,62,3
214192,19,femmina,destrimana/o,italiano,Psicologia,Sì,a,A,Non so se il panda abbia rotto qualcosa%2C ma se ha rotto anche il vaso di porcellana%2C la rana andrà su tutte le furie.,I don't know whether the panda broke anything%2C but if he broke the porcelaine vase too%2C the frog will flare up.,28,too,dontknowwhether,5,5602,6099,64,3
214192,19,femmina,destrimana/o,italiano,Psicologia,Sì,a,A,Il panda non ha fatto morire le rose%2C ma la papera è arrabbiata che le abbia fatte morire. ,I don't know if the panda made the roses die%2C but the duck is angry that he made them die.,33,true_factive,dontknowwhetherand,1,4192,5032,65,3
214192,19,femmina,destrimana/o,italiano,Psicologia,Sì,a,A,Il panda non ha sottratto nulla alla rana%2C ma se le ha sottratto anche il cappello%2C la rana gli strapperà il costume da bagno.,The panda didn't steal anything from the frog%2C but if he stole her hat too%2C the frog will rip his bathing suit.,25,too,notpif,1,5157,5862,66,3
214192,19,femmina,destrimana/o,italiano,Psicologia,Sì,a,A,La papera non ha modificato la ricetta della torta%2C ma la rana%2C dopo averla riletta%2C si è resa conto che la papera l'ha modificata.,I don't know whether the duck changed the cake recipe%2C but the frog%2C after re-reading it%2C realized that the duck changed it.,45,semi_factive,dontknowwhetherand,1,22424,23126,68,3
214192,19,femmina,destrimana/o,italiano,Psicologia,Sì,a,A,Non so se la rana abbia rovinato il puzzle%2C ma se il panda è arrabbiato che l'abbia rovinato%2C le butterà le scarpe fuori dalla finestra.,I don't know whether the frog ruined the puzzle%2C but if the panda is angry that he did%2C he will throw his shoes out of the window.,4,true_factive,dontknowwhether,1,4878,10415,69,3
214192,19,femmina,destrimana/o,italiano,Psicologia,Sì,a,A,Il panda non ha mai offeso la rana%2C ma se l'ha offesa di nuovo ieri%2C la rana lo prenderà in giro davanti a tutti.,The panda has never offended the frog%2C but if he offended her again yesterday%2C the frog will make fun of him in font of everybody.,31,again,notpif,1,3409,4824,74,4
214192,19,femmina,destrimana/o,italiano,Psicologia,Sì,a,B,Il panda crede erroneamente che la rana abbia forzato la porta della cantina%2C ed è arrabbiato che l'abbia forzata. ,The panda mistakenly believes that the frog smashed the cellar door%2C and is angry that he smashed it.,35,true_factive,mistaken,7,13920,14760,76,4
214192,19,femmina,destrimana/o,italiano,Psicologia,Sì,a,B,La rana crede erroneamente che la papera abbia dimenticato la torta%2C ed è arrabbiata che l'abbia dimenticata. ,The frog mistakenly believes the duck forgot the cake%2C and is angry that he forgot it.,34,true_factive,mistaken,7,4214,5048,77,4
214192,19,femmina,destrimana/o,italiano,Psicologia,Sì,a,B,Il panda non ha forzato la serratura%2C ma la papera%2C dopo averla controllata%2C ha erroneamente capito che il panda l'ha forzata.,The panda did not pick the lock%2C but the duck%2C after checking it%2C mistakenly realized that the panda had picked it.,43,semi_factive,mistaken,7,5606,6202,83,4
214192,19,femmina,destrimana/o,italiano,Psicologia,Sì,a,B,Il panda non ha cambiato le regole del gioco di ruolo%2C ma la papera%2C dopo averle ripassate%2C si è erroneamente resa conto che il panda le ha cambiate.,The panda did not change the rules of the role-playing game%2C but the duck%2C after reviewing them%2C mistakenly realized that the panda changed them.,46,semi_factive,mistaken,7,5110,6259,86,4
214192,19,femmina,destrimana/o,italiano,Psicologia,Sì,a,B,La papera non ha smarrito la chiave della cantina%2C ma la rana%2C dopo averla cercata%2C ha erroneamente capito che la papera l'ha smarrita.,The duck did not misplace the house keys%2C but the frog%2C after looking for them%2C mistakenly realized that the duck misplaced them.,42,semi_factive,mistaken,7,4880,5958,87,4
214192,19,femmina,destrimana/o,italiano,Psicologia,Sì,a,B,La rana non ha copiato le risposte della verifica%2C ma il panda%2C dopo averle viste%2C si è erroneamente reso conto che la rana le ha copiate.,The frog did not copy the answers in the check%2C but the panda%2C after seeing them%2C mistakenly realized that the frog copied them.,47,semi_factive,mistaken,6,4350,5015,90,4
214192,19,femmina,destrimana/o,italiano,Psicologia,Sì,a,B,La papera crede erroneamente che la rana abbia dato via il vestito da festa%2C ed è triste che l'abbia dato via. ,The duck mistakenly believes that the frog stole the party dress%2C and he is sad that he stole it.,39,true_factive,mistaken,7,3087,3766,93,4
214192,19,femmina,destrimana/o,italiano,Psicologia,Sì,a,B,La rana crede erroneamente che il panda abbia perduto l'album dei ricordi%2C ed è triste che l'abbia perduto. ,The frog mistakenly believes that the panda has lost the scrapbook%2C and he is sad that he has lost it.,38,true_factive,mistaken,7,3144,5280,95,4
679816,20,femmina,destrimana/o,italiano,Psicologia,Sì,b,A,Non so se la papera abbia sporcato qualcosa%2C ma se ha sporcato anche il tappeto%2C il panda non la inviterà più a casa sua.,I don't know whether the duck dirtied anything%2C but if she dirtied the carpet too%2C the panda won't invite her anymore.,27,too,dontknowwhether,6,9079,13260,5,1
679816,20,femmina,destrimana/o,italiano,Psicologia,Sì,b,A,Non so se la papera abbia smarrito il bracciale dell'amicizia%2C ma se la rana pensa che l'abbia smarrito%2C sarà molto delusa.,I don't know whether the duck lost the friendship bracelet%2C but if the frog thinks that she did%2C he will be very disappointed.,19,non_factive,dontknowwhether,7,11800,13038,6,1
679816,20,femmina,destrimana/o,italiano,Psicologia,Sì,b,A,Non so se il panda abbia piegato le lancette dell'orologio%2C ma se la rana si rende conto che le ha piegate%2C gli urlerà contro.,I don't know whether the panda bent the hands of the clock%2C but if the frog realizes that he did%2C he will shout at him.,13,semi_factive,dontknowwhether,7,7374,9448,7,1
679816,20,femmina,destrimana/o,italiano,Psicologia,Sì,b,A,Non so se il panda abbia mai offeso la rana%2C ma se l'ha offesa di nuovo ieri%2C la rana lo prenderà in giro davanti a tutti.,I don't know whether the panda has ever offended the frog%2C but if he offended her again yesterday%2C the frog will make fun of him in font of everybody.,31,again,dontknowwhether,5,14595,15960,8,1
679816,20,femmina,destrimana/o,italiano,Psicologia,Sì,b,A,La rana non ha copiato le risposte della verifica%2C ma il panda%2C dopo averle viste%2C si è reso conto che la rana le ha copiate.,I don't know whether the frog copied the answers in the check%2C but the panda%2C after seeing them%2C realized that the frog copied them.,47,semi_factive,dontknowwhetherand,1,20285,21484,9,1
679816,20,femmina,destrimana/o,italiano,Psicologia,Sì,b,A,Non so se la rana abbia finito la limonata%2C ma se la papera crede che l'abbia finita%2C andrà a comprare dei limoni.,I don't know whether the frog finished the lemonade%2C but if the duck believes that he did%2C she will go buy lemons.,23,non_factive,dontknowwhether,6,6567,8573,10,1
679816,20,femmina,destrimana/o,italiano,Psicologia,Sì,b,A,Il panda non ha rubato il quaderno da colorare%2C ma se la papera è triste che l'abbia rubato%2C lo manderà via.,The panda didn't steal the coloring book%2C but if the duck is sad that he did%2C she will throw him out.,8,true_factive,notpif,4,12538,13651,12,1
679816,20,femmina,destrimana/o,italiano,Psicologia,Sì,b,A,La papera non ha dimenticato la torta%2C ma la rana è arrabbiata che l'abbia dimenticata. ,I don't know if the duck forgot the cake%2C but the frog is angry that he forgot it.,34,true_factive,dontknowwhetherand,1,7806,9254,13,1
679816,20,femmina,destrimana/o,italiano,Psicologia,Sì,b,A,La papera non ha imbrattato il muro%2C ma se il panda crede che l'abbia imbrattato%2C le nasconderà tutti i pennarelli.,The duck didn't paint the wall%2C but if the panda believes that she did%2C he will hide all of her crayons.,24,non_factive,notpif,7,6306,7631,16,1
679816,20,femmina,destrimana/o,italiano,Psicologia,Sì,b,A,La rana non ha dato via il vestito da festa%2C ma la papera è triste che l'abbia dato via. ,I don't know if the frog stole the party dress%2C but the duck is sad that he stole it.,39,true_factive,dontknowwhetherand,3,6980,8146,17,1
679816,20,femmina,destrimana/o,italiano,Psicologia,Sì,b,A,La rana non ha mai rovesciato la bottiglia d'olio%2C ma se l'ha rovesciata di nuovo ieri%2C la paperà le farà pulire tutta la cucina.,The frog has never knocked over the oil bottle%2C but if she knocked it over again yesterday%2C the duck will make her clean the entire kitchen.,32,again,notpif,3,9357,11397,18,1
679816,20,femmina,destrimana/o,italiano,Psicologia,Sì,b,A,Non so se la rana abbia nascosto i pennarelli%2C ma se la papera capisce che li ha nascosti%2C le sotterrerà le figurine in giardino.,I don't know whether the frog hid the crayons%2C but if the duck understands that he did%2C she bury his favorite figurines in the yard.,11,semi_factive,dontknowwhether,3,10657,11832,19,1
679816,20,femmina,destrimana/o,italiano,Psicologia,Sì,b,A,La rana non ha strappato il biglietto di auguri%2C ma se il panda pensa che l'abbia strappato%2C si metterà a piangere.,The frog didn't tear up the birthday card%2C but if the panda thinks that he did%2C he will start to cry.,20,non_factive,notpif,6,9756,10772,20,1
679816,20,femmina,destrimana/o,italiano,Psicologia,Sì,b,A,Non so se il panda abbia sottratto qualcosa alla rana%2C ma se le ha sottratto anche il cappello%2C la rana gli strapperà il costume da bagno.,I don't know whether the panda stole anything from the frog%2C but if he stole her hat too%2C the frog will rip his bathing suit.,25,too,dontknowwhether,4,9842,12850,22,1
679816,20,femmina,destrimana/o,italiano,Psicologia,Sì,b,A,Non so se la papera abbia preso il voto massimo%2C ma se la rana pensa che l'abbia preso%2C sarà gelosa.,I don't know whether the duck got the top grade%2C but if the frog thinks that she did%2C he will be jealous.,17,non_factive,dontknowwhether,7,6367,7599,24,1
679816,20,femmina,destrimana/o,italiano,Psicologia,Sì,b,A,La rana non ha squarciato l'orsacchiotto%2C ma se la papera è triste che l'abbia squarciato%2C le disegnerà sulla faccia con l'indelebile.,The frog didn't cut open the teddy bear%2C but if the duck is sad that he did%2C she will draw on his face with sharpie.,6,true_factive,notpif,6,11258,12182,26,2
679816,20,femmina,destrimana/o,italiano,Psicologia,Sì,b,A,La rana non ha perduto nulla%2C ma se ha perduto anche le chiavi%2C la papera andrà nel panico.,The frog didn't lose anything%2C but if she lost the keys too%2C the duck will panic.,26,too,notpif,3,6118,7371,28,2
679816,20,femmina,destrimana/o,italiano,Psicologia,Sì,b,A,La rana non ha rovinato il puzzle%2C ma se il panda è arrabbiato che l'abbia rovinato%2C le butterà le scarpe fuori dalla finestra.,The frog didn't ruin the puzzle%2C but if the panda is angry that he did%2C he will throw his shoes out of the window.,4,true_factive,notpif,7,6586,9026,29,2
679816,20,femmina,destrimana/o,italiano,Psicologia,Sì,b,A,La papera non ha tagliuzzato il poster%2C ma se il panda capisce che l'ha tagliuzzato%2C le verserà del succo nello zaino.,The duck didn't cut the poster%2C but if the panda understands that she did%2C he will pour juice into her backpack.,12,semi_factive,notpif,2,8396,9948,30,2
679816,20,femmina,destrimana/o,italiano,Psicologia,Sì,b,A,Non so se il panda abbia spaccato il trenino%2C ma se la papera crede che l'abbia spaccato%2C gli ruberà il quaderno da colorare. ,I don't know whether the panda broke the model train%2C but if the duck believes that he did%2C she will steal his coloring book.,21,non_factive,dontknowwhether,7,5974,7314,33,2
679816,20,femmina,destrimana/o,italiano,Psicologia,Sì,b,A,La rana non ha forzato la porta della cantina%2C ma il panda è arrabbiato che l'abbia forzata. ,I don't know if the frog smashed the cellar door%2C but the panda is angry that he smashed it.,35,true_factive,dontknowwhetherand,5,7041,8506,34,2
679816,20,femmina,destrimana/o,italiano,Psicologia,Sì,b,A,Il panda non ha perduto l'album dei ricordi%2C ma la rana è triste che l'abbia perduto. ,I don't know if the panda lost the scrapbook%2C but the frog is sad that he lost it.,38,true_factive,dontknowwhetherand,3,7683,8800,35,2
679816,20,femmina,destrimana/o,italiano,Psicologia,Sì,b,A,Non so se il panda abbia bruciato l'album di foto%2C ma se la rana è triste che l'abbia bruciato%2C piangerà a dirotto.,I don't know whether the panda burned the photo album%2C but if the frog is sad that he did%2C he will cry his eyes out.,7,true_factive,dontknowwhether,7,7966,8975,39,2
679816,20,femmina,destrimana/o,italiano,Psicologia,Sì,b,A,Il panda non ha calpestato le margherite%2C ma se la rana crede che le abbia calpestate%2C preparerà dei gavettoni per punirlo.,The panda didn't trample the daisies%2C but if the frog believes that he did%2C he will prepare water balloons to punish him.,22,non_factive,notpif,7,11266,12265,41,2
679816,20,femmina,destrimana/o,italiano,Psicologia,Sì,b,A,Il panda non ha letto il diario segreto%2C ma se la rana si rende conto che l'ha letto%2C considererà la loro amicizia rovinata.,The panda didn't read the diary%2C but if the frog realizes that he did%2C he will consider their friendship ruined.,16,semi_factive,notpif,2,6991,8148,44,2
679816,20,femmina,destrimana/o,italiano,Psicologia,Sì,b,A,Non so se la papera abbia distrutto il castello di sabbia%2C ma se il panda è triste che l'abbia distrutto%2C piangerà per tutto il giorno.,I don't know whether the duck destroyed the sand castle%2C but if the panda is sad that she did%2C he will cry all day.,5,true_factive,dontknowwhether,7,9340,10557,45,2
679816,20,femmina,destrimana/o,italiano,Psicologia,Sì,b,A,Non so se la papera abbia perso l'aquilone%2C ma se il panda è arrabbiato che l'abbia perso%2C le getterà gli occhiali da sole in mare.,I don't know whether the duck lost the kite%2C but if the panda is angry that she did%2C he will hurl her sunglasses in the sea.,1,true_factive,dontknowwhether,7,7491,8601,48,2
679816,20,femmina,destrimana/o,italiano,Psicologia,Sì,b,A,Il panda non ha rotto nulla%2C ma se ha rotto anche il vaso di porcellana%2C la rana andrà su tutte le furie.,The panda didn't break anything%2C but if he broke the porcelaine vase too%2C the frog will flare up.,28,too,notpif,2,7815,8730,52,3
679816,20,femmina,destrimana/o,italiano,Psicologia,Sì,b,A,La papera non ha smarrito la chiave della cantina%2C ma la rana%2C dopo averla cercata%2C ha capito che la papera l'ha smarrita.,I don't know if the duck misplaced the house keys%2C but the frog%2C after looking for them%2C realized that the duck misplaced them.,42,semi_factive,dontknowwhetherand,2,13682,14635,53,3
679816,20,femmina,destrimana/o,italiano,Psicologia,Sì,b,A,Non so se la rana abbia truccato il mazzo di carte%2C ma se il panda capisce che l'ha truccato%2C la escluderà dal prossimo pigiama party. ,I don't know whether the frog manipulated the deck%2C but if the panda understands that she did%2C he will uninvite him from the next sleepover.,9,semi_factive,dontknowwhether,7,6195,7560,54,3
679816,20,femmina,destrimana/o,italiano,Psicologia,Sì,b,A,Non so se la rana abbia mai usato il giocattolo della papera%2C ma se l'ha usato di nuovo ieri%2C la papera le getterà tutti i disegni nel fango.,I don't know whether the frog has nver used the duck's toy%2C but if she used it again yesterday%2C the duck will throw all her drawing in the mud.,29,again,dontknowwhether,3,13381,14349,57,3
679816,20,femmina,destrimana/o,italiano,Psicologia,Sì,b,A,Non so se il panda abbia danneggiato il microfono%2C ma se la rana è arrabbiata che l'abbia danneggiato%2C lo escluderà dalla serata di karaoke. ,I don't know whether the panda damaged the mic%2C but if the frog is angry that he did%2C he will uninvite him from karaoke night.,3,true_factive,dontknowwhether,7,6440,7563,60,3
679816,20,femmina,destrimana/o,italiano,Psicologia,Sì,b,A,La papera non ha mai bruciato il pane%2C ma se l'ha bruciato di nuovo ieri%2C il panda non farà più colazione con lei.,The duck has never burnt the bread%2C but if she burnt it again yesterday%2C the panda won't have breakfast with her anymore.,30,again,notpif,2,12039,15116,62,3
679816,20,femmina,destrimana/o,italiano,Psicologia,Sì,b,A,La rana non ha dimenticato il compleanno della papera%2C ma se la papera pensa che l'abbia dimenticato%2C nasconderà il diario dell'amicizia nel bosco.,The frog didn't forget the duck's birthday%2C but if the duck thinks that he did%2C she will hide the friendship book in the wood.,18,non_factive,notpif,7,7856,9391,63,3
679816,20,femmina,destrimana/o,italiano,Psicologia,Sì,b,A,La papera non ha buttato via la cartolina%2C ma se il panda capisce che l'ha buttata via%2C non le parlerà mai più.,The duck didn't throw away the postcard%2C but if the panda understands that she did%2C he will not speak to her anymore.,10,semi_factive,notpif,5,8779,9988,67,3
679816,20,femmina,destrimana/o,italiano,Psicologia,Sì,b,A,Il panda non ha bucato il pallone da calcio%2C ma se la rana è arrabbiata che l'abbia bucato%2C gli verserà del latte sul computer.,The panda didn't puncture the football%2C but if the frog is angry that he did%2C he will pour milk over his laptop.,2,true_factive,notpif,7,4706,5846,68,3
679816,20,femmina,destrimana/o,italiano,Psicologia,Sì,b,A,La papera non ha rotto il vasetto di miele%2C ma se il panda si rende conto che l'ha rotto%2C le terrà il broncio., The duck didn't break the honey jar%2C but if the panda realizes that she did%2C he will pout.,14,semi_factive,notpif,5,8039,8930,70,3
679816,20,femmina,destrimana/o,italiano,Psicologia,Sì,b,A,Il panda non ha forzato la serratura%2C ma la papera%2C dopo averla controllata%2C ha capito che il panda l'ha forzata.,I don't know if the panda picked the lock%2C but the duck%2C after checking it%2C realized that the panda picked it.,43,semi_factive,dontknowwhetherand,3,6391,8373,71,3
679816,20,femmina,destrimana/o,italiano,Psicologia,Sì,b,A,Il panda non ha cambiato le regole del gioco di ruolo%2C ma la papera%2C dopo averle ripassate%2C si è resa conto che il panda le ha cambiate.,I don't know whether the panda changed the rules of the role-playing game%2C but the duck%2C after reviewing them%2C realized that the panda changed them.,46,semi_factive,dontknowwhetherand,3,11639,12455,74,4
679816,20,femmina,destrimana/o,italiano,Psicologia,Sì,b,A,Non so se il panda abbia forato il gonfiabile%2C ma se la rana si rende conto che l'ha forato%2C lo dirà alla maestra.,I don't know whether the panda made a hole in the bouncy castle%2C but if the frog realizes that he did%2C he will tell the teacher.,15,semi_factive,dontknowwhether,7,4951,5916,75,4
679816,20,femmina,destrimana/o,italiano,Psicologia,Sì,b,B,La rana non ha spaccato le automobiline%2C ma il panda%2C dopo averle esaminate%2C ha erroneamente capito che la rana le ha spaccate.,The frog did not break the toy train%2C but the panda%2C after examining it%2C mistakenly realizes that the frog broke it.,41,semi_factive,mistaken,1,7693,8758,79,4
679816,20,femmina,destrimana/o,italiano,Psicologia,Sì,b,B,Il panda crede erroneamente che la papera abbia mollato il corso di nuoto%2C ed è triste che l'abbia mollato. ,The panda mistakenly believes that the duck dropped out of swimming class%2C and he is sad that he dropped out.,40,true_factive,mistaken,7,5791,7686,81,4
679816,20,femmina,destrimana/o,italiano,Psicologia,Sì,b,B,La papera non ha modificato la ricetta della torta%2C ma la rana%2C dopo averla riletta%2C si è erroneamente resa conto che la papera l'ha modificata.,The duck did not change the cake recipe%2C but the frog%2C after re-reading it%2C mistakenly realized that the duck changed it.,45,semi_factive,mistaken,1,7145,8228,82,4
679816,20,femmina,destrimana/o,italiano,Psicologia,Sì,b,B,La papera crede erroneamente che la rana abbia strisciato la finestra in soffitta%2C ed è arrabbiata che l'abbia strisciata. ,The duck mistakenly believes the frog crawled through the attic window%2C and is angry that he crawled through it.,36,true_factive,mistaken,7,13362,14595,86,4
679816,20,femmina,destrimana/o,italiano,Psicologia,Sì,b,B,La rana non ha truccato la macchinina telecomandata%2C ma il panda%2C dopo averla usata%2C ha erroneamente capito che la rana l'ha truccata.,The frog did not rig the remote control car%2C but the panda%2C after using it%2C mistakenly realized that the frog rigged it.,44,semi_factive,mistaken,1,7524,8540,87,4
679816,20,femmina,destrimana/o,italiano,Psicologia,Sì,b,B,La papera non ha potato la siepe%2C ma la rana%2C dopo averla innaffiata%2C si è erroneamente resa conto che la papera l'ha potata.,The duck did not prune the hedge%2C but the frog%2C after watering it%2C mistakenly realized that the duck pruned it.,48,semi_factive,mistaken,1,7790,9199,89,4
679816,20,femmina,destrimana/o,italiano,Psicologia,Sì,b,B,La papera crede erroneamente che il panda abbia fatto morire le rose%2C ed è arrabbiata che le abbia fatte morire. ,The duck mistakenly believes that the panda made the roses die%2C and is angry that he made them die.,33,true_factive,mistaken,7,7291,8407,95,4
679816,20,femmina,destrimana/o,italiano,Psicologia,Sì,b,B,Il panda crede erroneamente che la papera abbia gettato via le bambole di pezza%2C ed è triste che le abbia gettate via. ,The panda mistakenly believes that the duck threw away the rag dolls%2C and is sad that he threw them away.,37,true_factive,mistaken,7,4832,5856,96,4
617638,22,femmina,destrimana/o,italiano,Psicologia,Sì,a,A,Il panda non ha bruciato l'album di foto%2C ma se la rana è triste che l'abbia bruciato%2C piangerà a dirotto.,The panda didn't burn the photo album%2C but if the frog is sad that he did%2C he will cry his eyes out.,7,true_factive,notpif,3,16445,17828,5,1
617638,22,femmina,destrimana/o,italiano,Psicologia,Sì,a,A,Non so se la papera abbia imbrattato il muro%2C ma se il panda crede che l'abbia imbrattato%2C le nasconderà tutti i pennarelli.,I don't know whether the duck painted the wall%2C but if the panda believes that she did%2C he will hide all of her crayons.,24,non_factive,dontknowwhether,7,6362,7191,6,1
617638,22,femmina,destrimana/o,italiano,Psicologia,Sì,a,A,La papera non ha smarrito il bracciale dell'amicizia%2C ma se la rana pensa che l'abbia smarrito%2C sarà molto delusa.,The duck didn't lose the friendship bracelet%2C but if the frog thinks that she did%2C he will be very disappointed.,19,non_factive,notpif,7,6573,7467,7,1
617638,22,femmina,destrimana/o,italiano,Psicologia,Sì,a,A,La papera non ha sporcato nulla%2C ma se ha sporcato anche il tappeto%2C il panda non la inviterà più a casa sua.,The duck didn't dirty anything%2C but if she dirtied the carpet too%2C the panda won't invite her anymore.,27,too,notpif,1,11054,11952,8,1
617638,22,femmina,destrimana/o,italiano,Psicologia,Sì,a,A,Non so se la papera abbia rotto il vasetto di miele%2C ma se il panda si rende conto che l'ha rotto%2C le terrà il broncio.,I don't know whether the duck broke the honey jar%2C but if the panda realizes that she did%2C he will pout.,14,semi_factive,dontknowwhether,7,9077,11639,10,1
617638,22,femmina,destrimana/o,italiano,Psicologia,Sì,a,A,Il panda non ha danneggiato il microfono%2C ma se la rana è arrabbiata che l'abbia danneggiato%2C lo escluderà dalla serata di karaoke. ,The panda didn't damage the mic%2C but if the frog is angry that he did%2C he will uninvite him from karaoke night.,3,true_factive,notpif,2,13073,14090,14,1
617638,22,femmina,destrimana/o,italiano,Psicologia,Sì,a,A,Non so se la papera abbia tagliuzzato il poster%2C ma se il panda capisce che l'ha tagliuzzato%2C le verserà del succo nello zaino.,I don't know whether the duck cut the poster%2C but if the panda understands that she did%2C he will pour juice into her backpack.,12,semi_factive,dontknowwhether,7,9711,10642,17,1
617638,22,femmina,destrimana/o,italiano,Psicologia,Sì,a,A,Non so se la papera abbia buttato via la cartolina%2C ma se il panda capisce che l'ha buttata via%2C non le parlerà mai più.,I don't know whether the duck threw away the postcard%2C but if the panda understands that she did%2C he will not speak to her anymore.,10,semi_factive,dontknowwhether,7,8172,9555,22,1
617638,22,femmina,destrimana/o,italiano,Psicologia,Sì,a,A,Non so se il panda abbia rotto qualcosa%2C ma se ha rotto anche il vaso di porcellana%2C la rana andrà su tutte le furie.,I don't know whether the panda broke anything%2C but if he broke the porcelaine vase too%2C the frog will flare up.,28,too,dontknowwhether,3,6652,7538,23,1
617638,22,femmina,destrimana/o,italiano,Psicologia,Sì,a,A,Non so se la rana abbia perduto qualcosa%2C ma se ha perduto anche le chiavi%2C la papera andrà nel panico.,I don't know whether the frog lost anything%2C but if she lost the keys too%2C the duck will panic.,26,too,dontknowwhether,7,10433,11249,25,2
617638,22,femmina,destrimana/o,italiano,Psicologia,Sì,a,A,La papera non ha gettato via le bambole di pezza%2C ma il panda è triste che le abbia gettate via. ,I don't know if the duck threw away the rag dolls%2C but the panda is sad that he threw them away.,37,true_factive,dontknowwhetherand,1,6860,7609,26,2
617638,22,femmina,destrimana/o,italiano,Psicologia,Sì,a,A,Non so se la papera abbia mai bruciato il pane%2C ma se l'ha bruciato di nuovo ieri%2C il panda non farà più colazione con lei.,I don't know whether the duck has ever burnt the bread%2C but if she burnt it again yesterday%2C the panda won't have breakfast with her anymore.,30,again,dontknowwhether,2,16104,17012,28,2
617638,22,femmina,destrimana/o,italiano,Psicologia,Sì,a,A,Il panda non ha mai offeso la rana%2C ma se l'ha offesa di nuovo ieri%2C la rana lo prenderà in giro davanti a tutti.,The panda has never offended the frog%2C but if he offended her again yesterday%2C the frog will make fun of him in font of everybody.,31,again,notpif,1,6641,7646,29,2
617638,22,femmina,destrimana/o,italiano,Psicologia,Sì,a,A,Il panda non ha forato il gonfiabile%2C ma se la rana si rende conto che l'ha forato%2C lo dirà alla maestra.,The panda didn't make a hole in the bouncy castle%2C but if the frog realizes that he did%2C he will tell the teacher.,15,semi_factive,notpif,3,14782,15885,32,2
617638,22,femmina,destrimana/o,italiano,Psicologia,Sì,a,A,Il panda non ha piegato le lancette dell'orologio%2C ma se la rana si rende conto che le ha piegate%2C gli urlerà contro.,The panda didn't bend the hands of the clock%2C but if the frog realizes that he did%2C he will shout at him.,13,semi_factive,notpif,3,9336,10323,33,2
617638,22,femmina,destrimana/o,italiano,Psicologia,Sì,a,A,La rana non ha mai usato il giocattolo della papera%2C ma se l'ha usato di nuovo ieri%2C la papera le getterà tutti i disegni nel fango.,The frog has never used the duck's toy%2C but if she used it again yesterday%2C the duck will throw all her drawing in the mud.,29,again,notpif,1,19243,20564,34,2
617638,22,femmina,destrimana/o,italiano,Psicologia,Sì,a,A,Non so se la rana abbia rovinato il puzzle%2C ma se il panda è arrabbiato che l'abbia rovinato%2C le butterà le scarpe fuori dalla finestra.,I don't know whether the frog ruined the puzzle%2C but if the panda is angry that he did%2C he will throw his shoes out of the window.,4,true_factive,dontknowwhether,4,14332,15195,35,2
617638,22,femmina,destrimana/o,italiano,Psicologia,Sì,a,A,Non so se il panda abbia rubato il quaderno da colorare%2C ma se la papera è triste che l'abbia rubato%2C lo manderà via.,I don't know whether the panda stole the coloring book%2C but if the duck is sad that he did%2C she will throw him out.,8,true_factive,dontknowwhether,5,12857,18048,37,2
617638,22,femmina,destrimana/o,italiano,Psicologia,Sì,a,A,Non so se la rana abbia squarciato l'orsacchiotto%2C ma se la papera è triste che l'abbia squarciato%2C le disegnerà sulla faccia con l'indelebile.,I don't know whether the frog cut open the teddy bear%2C but if the duck is sad that he did%2C she will draw on his face with sharpie.,6,true_factive,dontknowwhether,5,5188,6269,38,2
617638,22,femmina,destrimana/o,italiano,Psicologia,Sì,a,A,La rana non ha spaccato le automobiline%2C ma il panda%2C dopo averle esaminate%2C ha capito che la rana le ha spaccate.,I don't know if the frog broke the toy train%2C but the panda%2C after examining it%2C realized that the frog broke it.,41,semi_factive,dontknowwhetherand,3,17365,18320,39,2
617638,22,femmina,destrimana/o,italiano,Psicologia,Sì,a,A,La papera non ha preso il voto massimo%2C ma se la rana pensa che l'abbia preso%2C sarà gelosa.,The duck didn't get the top grade%2C but if the frog thinks that she did%2C he will be jealous.,17,non_factive,notpif,7,6847,7830,40,2
617638,22,femmina,destrimana/o,italiano,Psicologia,Sì,a,A,La rana non ha finito la limonata%2C ma se la papera crede che l'abbia finita%2C andrà a comprare dei limoni.,The frog didn't finish the lemonade%2C but if the duck believes that he did%2C she will go buy lemons.,23,non_factive,notpif,7,5395,6228,43,2
617638,22,femmina,destrimana/o,italiano,Psicologia,Sì,a,A,La rana non ha nascosto i pennarelli%2C ma se la papera capisce che li ha nascosti%2C le sotterrerà le figurine in giardino.,The frog didn't hide the crayons%2C but if the duck understands that he did%2C she bury his favorite figurines in the yard.,11,semi_factive,notpif,3,5437,6188,44,2
617638,22,femmina,destrimana/o,italiano,Psicologia,Sì,a,A,La papera non ha distrutto il castello di sabbia%2C ma se il panda è triste che l'abbia distrutto%2C piangerà per tutto il giorno.,The duck didn't destroy the sand castle%2C but if the panda is sad that she did%2C he will cry all day.,5,true_factive,notpif,4,6146,8784,47,2
617638,22,femmina,destrimana/o,italiano,Psicologia,Sì,a,A,Il panda non ha spaccato il trenino%2C ma se la papera crede che l'abbia spaccato%2C gli ruberà il quaderno da colorare. ,The panda didn't break the model train%2C but if the duck believes that he did%2C she will steal his coloring book.,21,non_factive,notpif,7,14414,15662,48,2
617638,22,femmina,destrimana/o,italiano,Psicologia,Sì,a,A,Il panda non ha sottratto nulla alla rana%2C ma se le ha sottratto anche il cappello%2C la rana gli strapperà il costume da bagno.,The panda didn't steal anything from the frog%2C but if he stole her hat too%2C the frog will rip his bathing suit.,25,too,notpif,2,6732,7665,49,3
617638,22,femmina,destrimana/o,italiano,Psicologia,Sì,a,A,La papera non ha mollato il corso di nuoto%2C ma il panda è triste che l'abbia mollato. ,I don't know if the duck quit swimming class%2C but the panda is sad that he quit it.,40,true_factive,dontknowwhetherand,3,6164,6910,50,3
617638,22,femmina,destrimana/o,italiano,Psicologia,Sì,a,A,Non so se il panda abbia letto il diario segreto%2C ma se la rana si rende conto che l'ha letto%2C considererà la loro amicizia rovinata.,I don't know whether the panda read the diary%2C but if the frog realizes that he did%2C he will consider their friendship ruined.,16,semi_factive,dontknowwhether,7,5889,6729,55,3
617638,22,femmina,destrimana/o,italiano,Psicologia,Sì,a,A,La papera non ha potato la siepe%2C ma la rana%2C dopo averla innaffiata%2C si è resa conto che la papera l'ha potata.,I don't know whether the duck pruned the hedge%2C but the frog%2C after watering it%2C realized that the duck pruned it.,48,semi_factive,dontknowwhetherand,1,10569,11555,59,3
617638,22,femmina,destrimana/o,italiano,Psicologia,Sì,a,A,La papera non ha perso l'aquilone%2C ma se il panda è arrabbiato che l'abbia perso%2C le getterà gli occhiali da sole in mare.,The duck didn't lose the kite%2C but if the panda is angry that she did%2C he will hurl her sunglasses in the sea.,1,true_factive,notpif,2,4826,6037,61,3
617638,22,femmina,destrimana/o,italiano,Psicologia,Sì,a,A,Il panda non ha fatto morire le rose%2C ma la papera è arrabbiata che le abbia fatte morire. ,I don't know if the panda made the roses die%2C but the duck is angry that he made them die.,33,true_factive,dontknowwhetherand,3,23105,23929,62,3
617638,22,femmina,destrimana/o,italiano,Psicologia,Sì,a,A,Non so se la rana abbia strappato il biglietto di auguri%2C ma se il panda pensa che l'abbia strappato%2C si metterà a piangere.,I don't know whether the frog tore up the birthday card%2C but if the panda thinks that he did%2C he will start to cry.,20,non_factive,dontknowwhether,7,5981,7547,63,3
617638,22,femmina,destrimana/o,italiano,Psicologia,Sì,a,A,Non so se il panda abbia bucato il pallone da calcio%2C ma se la rana è arrabbiata che l'abbia bucato%2C gli verserà del latte sul computer.,I don't know whether the panda punctured the football%2C but if the frog is angry that he did%2C he will pour milk over his laptop.,2,true_factive,dontknowwhether,6,11768,12673,65,3
617638,22,femmina,destrimana/o,italiano,Psicologia,Sì,a,A,La rana non ha strisciato la finestra in soffitta%2C ma la papera è arrabbiata che l'abbia strisciata. ,I don't know if the frog crawled the attic window%2C but the duck is angry that he crawled it.,36,true_factive,dontknowwhetherand,4,22258,23067,67,3
617638,22,femmina,destrimana/o,italiano,Psicologia,Sì,a,A,Non so se la rana abbia dimenticato il compleanno della papera%2C ma se la papera pensa che l'abbia dimenticato%2C nasconderà il diario dell'amicizia nel bosco.,I don't know whether the frog forgot the duck's birthday%2C but if the duck thinks that he did%2C she will hide the friendship book in the wood.,18,non_factive,dontknowwhether,7,10025,14846,68,3
617638,22,femmina,destrimana/o,italiano,Psicologia,Sì,a,A,La rana non ha truccato il mazzo di carte%2C ma se il panda capisce che l'ha truccato%2C la escluderà dal prossimo pigiama party. ,The frog didn't manipulate the deck%2C but if the panda understands that she did%2C he will uninvite him from the next sleepover.,9,semi_factive,notpif,2,5216,6622,69,3
617638,22,femmina,destrimana/o,italiano,Psicologia,Sì,a,A,La rana non ha truccato la macchinina telecomandata%2C ma il panda%2C dopo averla usata%2C ha capito che la rana l'ha truccata.,I don't know whether the frog rigged the remote control car%2C but the panda%2C after using it%2C realized that the frog rigged it.,44,semi_factive,dontknowwhetherand,2,24090,24835,71,3
617638,22,femmina,destrimana/o,italiano,Psicologia,Sì,a,A,Non so se il panda abbia calpestato le margherite%2C ma se la rana crede che le abbia calpestate%2C preparerà dei gavettoni per punirlo.,I don't know whether the panda trampled the daisies%2C but if the frog believes that he did%2C he will prepare water balloons to punish him.,22,non_factive,dontknowwhether,7,5950,6751,72,3
617638,22,femmina,destrimana/o,italiano,Psicologia,Sì,a,A,La papera non ha modificato la ricetta della torta%2C ma la rana%2C dopo averla riletta%2C si è resa conto che la papera l'ha modificata.,I don't know whether the duck changed the cake recipe%2C but the frog%2C after re-reading it%2C realized that the duck changed it.,45,semi_factive,dontknowwhetherand,2,44672,46555,73,4
617638,22,femmina,destrimana/o,italiano,Psicologia,Sì,a,A,Non so se la rana abbia mai rovesciato la bottiglia d'olio%2C ma se l'ha rovesciata di nuovo ieri%2C la paperà le farà pulire tutta la cucina.,I don't know whether the frog has ever knocked over the oil bottle%2C but if she knocked it over again yesterday%2C the duck will make her clean the entire kitchen.,32,again,dontknowwhether,2,9518,10722,75,4
617638,22,femmina,destrimana/o,italiano,Psicologia,Sì,a,B,La rana crede erroneamente che il panda abbia perduto l'album dei ricordi%2C ed è triste che l'abbia perduto. ,The frog mistakenly believes that the panda has lost the scrapbook%2C and he is sad that he has lost it.,38,true_factive,mistaken,7,5385,6248,77,4
617638,22,femmina,destrimana/o,italiano,Psicologia,Sì,a,B,La rana non ha copiato le risposte della verifica%2C ma il panda%2C dopo averle viste%2C si è erroneamente reso conto che la rana le ha copiate.,The frog did not copy the answers in the check%2C but the panda%2C after seeing them%2C mistakenly realized that the frog copied them.,47,semi_factive,mistaken,7,6625,8978,78,4
617638,22,femmina,destrimana/o,italiano,Psicologia,Sì,a,B,Il panda crede erroneamente che la rana abbia forzato la porta della cantina%2C ed è arrabbiato che l'abbia forzata. ,The panda mistakenly believes that the frog smashed the cellar door%2C and is angry that he smashed it.,35,true_factive,mistaken,7,4755,5506,79,4
617638,22,femmina,destrimana/o,italiano,Psicologia,Sì,a,B,La rana crede erroneamente che la papera abbia dimenticato la torta%2C ed è arrabbiata che l'abbia dimenticata. ,The frog mistakenly believes the duck forgot the cake%2C and is angry that he forgot it.,34,true_factive,mistaken,7,5517,6329,84,4
617638,22,femmina,destrimana/o,italiano,Psicologia,Sì,a,B,La papera crede erroneamente che la rana abbia dato via il vestito da festa%2C ed è triste che l'abbia dato via. ,The duck mistakenly believes that the frog stole the party dress%2C and he is sad that he stole it.,39,true_factive,mistaken,7,10483,11347,86,4
617638,22,femmina,destrimana/o,italiano,Psicologia,Sì,a,B,Il panda non ha cambiato le regole del gioco di ruolo%2C ma la papera%2C dopo averle ripassate%2C si è erroneamente resa conto che il panda le ha cambiate.,The panda did not change the rules of the role-playing game%2C but the duck%2C after reviewing them%2C mistakenly realized that the panda changed them.,46,semi_factive,mistaken,6,8452,9304,88,4
617638,22,femmina,destrimana/o,italiano,Psicologia,Sì,a,B,Il panda non ha forzato la serratura%2C ma la papera%2C dopo averla controllata%2C ha erroneamente capito che il panda l'ha forzata.,The panda did not pick the lock%2C but the duck%2C after checking it%2C mistakenly realized that the panda had picked it.,43,semi_factive,mistaken,4,8922,13437,93,4
617638,22,femmina,destrimana/o,italiano,Psicologia,Sì,a,B,La papera non ha smarrito la chiave della cantina%2C ma la rana%2C dopo averla cercata%2C ha erroneamente capito che la papera l'ha smarrita.,The duck did not misplace the house keys%2C but the frog%2C after looking for them%2C mistakenly realized that the duck misplaced them.,42,semi_factive,mistaken,4,4310,7232,94,4
526961,19,femmina,destrimana/o,italiano,psicologia,Sì,a,A,La papera non ha perso l'aquilone%2C ma se il panda è arrabbiato che l'abbia perso%2C le getterà gli occhiali da sole in mare.,The duck didn't lose the kite%2C but if the panda is angry that she did%2C he will hurl her sunglasses in the sea.,1,true_factive,notpif,1,14971,15738,2,1
526961,19,femmina,destrimana/o,italiano,psicologia,Sì,a,A,La papera non ha sporcato nulla%2C ma se ha sporcato anche il tappeto%2C il panda non la inviterà più a casa sua.,The duck didn't dirty anything%2C but if she dirtied the carpet too%2C the panda won't invite her anymore.,27,too,notpif,6,6063,7364,4,1
526961,19,femmina,destrimana/o,italiano,psicologia,Sì,a,A,Non so se la papera abbia imbrattato il muro%2C ma se il panda crede che l'abbia imbrattato%2C le nasconderà tutti i pennarelli.,I don't know whether the duck painted the wall%2C but if the panda believes that she did%2C he will hide all of her crayons.,24,non_factive,dontknowwhether,6,8044,8927,6,1
526961,19,femmina,destrimana/o,italiano,psicologia,Sì,a,A,Non so se il panda abbia letto il diario segreto%2C ma se la rana si rende conto che l'ha letto%2C considererà la loro amicizia rovinata.,I don't know whether the panda read the diary%2C but if the frog realizes that he did%2C he will consider their friendship ruined.,16,semi_factive,dontknowwhether,6,7328,8679,7,1
526961,19,femmina,destrimana/o,italiano,psicologia,Sì,a,A,La rana non ha strisciato la finestra in soffitta%2C ma la papera è arrabbiata che l'abbia strisciata. ,I don't know if the frog crawled the attic window%2C but the duck is angry that he crawled it.,36,true_factive,dontknowwhetherand,1,4993,6477,9,1
526961,19,femmina,destrimana/o,italiano,psicologia,Sì,a,A,La papera non ha smarrito il bracciale dell'amicizia%2C ma se la rana pensa che l'abbia smarrito%2C sarà molto delusa.,The duck didn't lose the friendship bracelet%2C but if the frog thinks that she did%2C he will be very disappointed.,19,non_factive,notpif,2,6559,7927,12,1
526961,19,femmina,destrimana/o,italiano,psicologia,Sì,a,A,Non so se la papera abbia rotto il vasetto di miele%2C ma se il panda si rende conto che l'ha rotto%2C le terrà il broncio.,I don't know whether the duck broke the honey jar%2C but if the panda realizes that she did%2C he will pout.,14,semi_factive,dontknowwhether,5,14627,15560,13,1
526961,19,femmina,destrimana/o,italiano,psicologia,Sì,a,A,Non so se il panda abbia rotto qualcosa%2C ma se ha rotto anche il vaso di porcellana%2C la rana andrà su tutte le furie.,I don't know whether the panda broke anything%2C but if he broke the porcelaine vase too%2C the frog will flare up.,28,too,dontknowwhether,3,96945,97945,14,1
526961,19,femmina,destrimana/o,italiano,psicologia,Sì,a,A,Il panda non ha danneggiato il microfono%2C ma se la rana è arrabbiata che l'abbia danneggiato%2C lo escluderà dalla serata di karaoke. ,The panda didn't damage the mic%2C but if the frog is angry that he did%2C he will uninvite him from karaoke night.,3,true_factive,notpif,2,5878,7011,16,1
526961,19,femmina,destrimana/o,italiano,psicologia,Sì,a,A,Non so se la rana abbia squarciato l'orsacchiotto%2C ma se la papera è triste che l'abbia squarciato%2C le disegnerà sulla faccia con l'indelebile.,I don't know whether the frog cut open the teddy bear%2C but if the duck is sad that he did%2C she will draw on his face with sharpie.,6,true_factive,dontknowwhether,2,6164,7296,20,1
526961,19,femmina,destrimana/o,italiano,psicologia,Sì,a,A,La rana non ha truccato il mazzo di carte%2C ma se il panda capisce che l'ha truccato%2C la escluderà dal prossimo pigiama party. ,The frog didn't manipulate the deck%2C but if the panda understands that she did%2C he will uninvite him from the next sleepover.,9,semi_factive,notpif,2,4177,5110,23,1
526961,19,femmina,destrimana/o,italiano,psicologia,Sì,a,A,Non so se la rana abbia perduto qualcosa%2C ma se ha perduto anche le chiavi%2C la papera andrà nel panico.,I don't know whether the frog lost anything%2C but if she lost the keys too%2C the duck will panic.,26,too,dontknowwhether,2,5661,6495,24,1
526961,19,femmina,destrimana/o,italiano,psicologia,Sì,a,A,Il panda non ha piegato le lancette dell'orologio%2C ma se la rana si rende conto che le ha piegate%2C gli urlerà contro.,The panda didn't bend the hands of the clock%2C but if the frog realizes that he did%2C he will shout at him.,13,semi_factive,notpif,2,5811,6795,25,2
526961,19,femmina,destrimana/o,italiano,psicologia,Sì,a,A,Non so se la rana abbia strappato il biglietto di auguri%2C ma se il panda pensa che l'abbia strappato%2C si metterà a piangere.,I don't know whether the frog tore up the birthday card%2C but if the panda thinks that he did%2C he will start to cry.,20,non_factive,dontknowwhether,3,31612,33179,26,2
526961,19,femmina,destrimana/o,italiano,psicologia,Sì,a,A,Il panda non ha forato il gonfiabile%2C ma se la rana si rende conto che l'ha forato%2C lo dirà alla maestra.,The panda didn't make a hole in the bouncy castle%2C but if the frog realizes that he did%2C he will tell the teacher.,15,semi_factive,notpif,1,4181,5181,34,2
526961,19,femmina,destrimana/o,italiano,psicologia,Sì,a,A,La rana non ha finito la limonata%2C ma se la papera crede che l'abbia finita%2C andrà a comprare dei limoni.,The frog didn't finish the lemonade%2C but if the duck believes that he did%2C she will go buy lemons.,23,non_factive,notpif,1,3746,4712,37,2
526961,19,femmina,destrimana/o,italiano,psicologia,Sì,a,A,Non so se la papera abbia tagliuzzato il poster%2C ma se il panda capisce che l'ha tagliuzzato%2C le verserà del succo nello zaino.,I don't know whether the duck cut the poster%2C but if the panda understands that she did%2C he will pour juice into her backpack.,12,semi_factive,dontknowwhether,1,19895,20879,39,2
526961,19,femmina,destrimana/o,italiano,psicologia,Sì,a,A,La papera non ha preso il voto massimo%2C ma se la rana pensa che l'abbia preso%2C sarà gelosa.,The duck didn't get the top grade%2C but if the frog thinks that she did%2C he will be jealous.,17,non_factive,notpif,1,40961,41878,40,2
526961,19,femmina,destrimana/o,italiano,psicologia,Sì,a,A,La rana non ha truccato la macchinina telecomandata%2C ma il panda%2C dopo averla usata%2C ha capito che la rana l'ha truccata.,I don't know whether the frog rigged the remote control car%2C but the panda%2C after using it%2C realized that the frog rigged it.,44,semi_factive,dontknowwhetherand,6,7811,8929,41,2
526961,19,femmina,destrimana/o,italiano,psicologia,Sì,a,A,Il panda non ha spaccato il trenino%2C ma se la papera crede che l'abbia spaccato%2C gli ruberà il quaderno da colorare. ,The panda didn't break the model train%2C but if the duck believes that he did%2C she will steal his coloring book.,21,non_factive,notpif,2,6193,7344,45,2
526961,19,femmina,destrimana/o,italiano,psicologia,Sì,a,A,Non so se la rana abbia dimenticato il compleanno della papera%2C ma se la papera pensa che l'abbia dimenticato%2C nasconderà il diario dell'amicizia nel bosco.,I don't know whether the frog forgot the duck's birthday%2C but if the duck thinks that he did%2C she will hide the friendship book in the wood.,18,non_factive,dontknowwhether,2,94239,95290,46,2
526961,19,femmina,destrimana/o,italiano,psicologia,Sì,a,A,Non so se la rana abbia rovinato il puzzle%2C ma se il panda è arrabbiato che l'abbia rovinato%2C le butterà le scarpe fuori dalla finestra.,I don't know whether the frog ruined the puzzle%2C but if the panda is angry that he did%2C he will throw his shoes out of the window.,4,true_factive,dontknowwhether,1,3928,4827,47,2
526961,19,femmina,destrimana/o,italiano,psicologia,Sì,a,A,Il panda non ha mai offeso la rana%2C ma se l'ha offesa di nuovo ieri%2C la rana lo prenderà in giro davanti a tutti.,The panda has never offended the frog%2C but if he offended her again yesterday%2C the frog will make fun of him in font of everybody.,31,again,notpif,1,4713,5929,48,2
526961,19,femmina,destrimana/o,italiano,psicologia,Sì,a,A,Il panda non ha fatto morire le rose%2C ma la papera è arrabbiata che le abbia fatte morire. ,I don't know if the panda made the roses die%2C but the duck is angry that he made them die.,33,true_factive,dontknowwhetherand,3,8761,9645,50,3
526961,19,femmina,destrimana/o,italiano,psicologia,Sì,a,A,La rana non ha mai usato il giocattolo della papera%2C ma se l'ha usato di nuovo ieri%2C la papera le getterà tutti i disegni nel fango.,The frog has never used the duck's toy%2C but if she used it again yesterday%2C the duck will throw all her drawing in the mud.,29,again,notpif,1,4594,5529,53,3
526961,19,femmina,destrimana/o,italiano,psicologia,Sì,a,A,La papera non ha distrutto il castello di sabbia%2C ma se il panda è triste che l'abbia distrutto%2C piangerà per tutto il giorno.,The duck didn't destroy the sand castle%2C but if the panda is sad that she did%2C he will cry all day.,5,true_factive,notpif,1,4411,5310,54,3
526961,19,femmina,destrimana/o,italiano,psicologia,Sì,a,A,Non so se il panda abbia calpestato le margherite%2C ma se la rana crede che le abbia calpestate%2C preparerà dei gavettoni per punirlo.,I don't know whether the panda trampled the daisies%2C but if the frog believes that he did%2C he will prepare water balloons to punish him.,22,non_factive,dontknowwhether,6,5264,6299,55,3
526961,19,femmina,destrimana/o,italiano,psicologia,Sì,a,A,Il panda non ha sottratto nulla alla rana%2C ma se le ha sottratto anche il cappello%2C la rana gli strapperà il costume da bagno.,The panda didn't steal anything from the frog%2C but if he stole her hat too%2C the frog will rip his bathing suit.,25,too,notpif,1,3943,5242,56,3
526961,19,femmina,destrimana/o,italiano,psicologia,Sì,a,A,Non so se il panda abbia rubato il quaderno da colorare%2C ma se la papera è triste che l'abbia rubato%2C lo manderà via.,I don't know whether the panda stole the coloring book%2C but if the duck is sad that he did%2C she will throw him out.,8,true_factive,dontknowwhether,5,5514,6513,57,3
526961,19,femmina,destrimana/o,italiano,psicologia,Sì,a,A,La rana non ha spaccato le automobiline%2C ma il panda%2C dopo averle esaminate%2C ha capito che la rana le ha spaccate.,I don't know if the frog broke the toy train%2C but the panda%2C after examining it%2C realized that the frog broke it.,41,semi_factive,dontknowwhetherand,2,9178,10228,59,3
526961,19,femmina,destrimana/o,italiano,psicologia,Sì,a,A,Non so se il panda abbia bucato il pallone da calcio%2C ma se la rana è arrabbiata che l'abbia bucato%2C gli verserà del latte sul computer.,I don't know whether the panda punctured the football%2C but if the frog is angry that he did%2C he will pour milk over his laptop.,2,true_factive,dontknowwhether,6,6064,6930,60,3
526961,19,femmina,destrimana/o,italiano,psicologia,Sì,a,A,Non so se la papera abbia mai bruciato il pane%2C ma se l'ha bruciato di nuovo ieri%2C il panda non farà più colazione con lei.,I don't know whether the duck has ever burnt the bread%2C but if she burnt it again yesterday%2C the panda won't have breakfast with her anymore.,30,again,dontknowwhether,6,7081,8097,61,3
526961,19,femmina,destrimana/o,italiano,psicologia,Sì,a,A,La papera non ha mollato il corso di nuoto%2C ma il panda è triste che l'abbia mollato. ,I don't know if the duck quit swimming class%2C but the panda is sad that he quit it.,40,true_factive,dontknowwhetherand,1,117679,118930,63,3
526961,19,femmina,destrimana/o,italiano,psicologia,Sì,a,A,Il panda non ha bruciato l'album di foto%2C ma se la rana è triste che l'abbia bruciato%2C piangerà a dirotto.,The panda didn't burn the photo album%2C but if the frog is sad that he did%2C he will cry his eyes out.,7,true_factive,notpif,1,3344,4246,66,3
526961,19,femmina,destrimana/o,italiano,psicologia,Sì,a,A,Non so se la papera abbia buttato via la cartolina%2C ma se il panda capisce che l'ha buttata via%2C non le parlerà mai più.,I don't know whether the duck threw away the postcard%2C but if the panda understands that she did%2C he will not speak to her anymore.,10,semi_factive,dontknowwhether,5,5045,6195,67,3
526961,19,femmina,destrimana/o,italiano,psicologia,Sì,a,A,Non so se la rana abbia mai rovesciato la bottiglia d'olio%2C ma se l'ha rovesciata di nuovo ieri%2C la paperà le farà pulire tutta la cucina.,I don't know whether the frog has ever knocked over the oil bottle%2C but if she knocked it over again yesterday%2C the duck will make her clean the entire kitchen.,32,again,dontknowwhether,5,2813,4063,68,3
526961,19,femmina,destrimana/o,italiano,psicologia,Sì,a,A,La papera non ha potato la siepe%2C ma la rana%2C dopo averla innaffiata%2C si è resa conto che la papera l'ha potata.,I don't know whether the duck pruned the hedge%2C but the frog%2C after watering it%2C realized that the duck pruned it.,48,semi_factive,dontknowwhetherand,1,3396,6129,71,3
526961,19,femmina,destrimana/o,italiano,psicologia,Sì,a,A,La papera non ha gettato via le bambole di pezza%2C ma il panda è triste che le abbia gettate via. ,I don't know if the duck threw away the rag dolls%2C but the panda is sad that he threw them away.,37,true_factive,dontknowwhetherand,1,3013,4095,72,3
526961,19,femmina,destrimana/o,italiano,psicologia,Sì,a,A,La papera non ha modificato la ricetta della torta%2C ma la rana%2C dopo averla riletta%2C si è resa conto che la papera l'ha modificata.,I don't know whether the duck changed the cake recipe%2C but the frog%2C after re-reading it%2C realized that the duck changed it.,45,semi_factive,dontknowwhetherand,1,2694,3944,74,4
526961,19,femmina,destrimana/o,italiano,psicologia,Sì,a,A,La rana non ha nascosto i pennarelli%2C ma se la papera capisce che li ha nascosti%2C le sotterrerà le figurine in giardino.,The frog didn't hide the crayons%2C but if the duck understands that he did%2C she bury his favorite figurines in the yard.,11,semi_factive,notpif,1,5645,6717,75,4
526961,19,femmina,destrimana/o,italiano,psicologia,Sì,a,B,La papera non ha smarrito la chiave della cantina%2C ma la rana%2C dopo averla cercata%2C ha erroneamente capito che la papera l'ha smarrita.,The duck did not misplace the house keys%2C but the frog%2C after looking for them%2C mistakenly realized that the duck misplaced them.,42,semi_factive,mistaken,1,3181,4645,80,4
526961,19,femmina,destrimana/o,italiano,psicologia,Sì,a,B,Il panda non ha cambiato le regole del gioco di ruolo%2C ma la papera%2C dopo averle ripassate%2C si è erroneamente resa conto che il panda le ha cambiate.,The panda did not change the rules of the role-playing game%2C but the duck%2C after reviewing them%2C mistakenly realized that the panda changed them.,46,semi_factive,mistaken,1,5278,6894,82,4
526961,19,femmina,destrimana/o,italiano,psicologia,Sì,a,B,La rana non ha copiato le risposte della verifica%2C ma il panda%2C dopo averle viste%2C si è erroneamente reso conto che la rana le ha copiate.,The frog did not copy the answers in the check%2C but the panda%2C after seeing them%2C mistakenly realized that the frog copied them.,47,semi_factive,mistaken,1,3662,4762,85,4
526961,19,femmina,destrimana/o,italiano,psicologia,Sì,a,B,La papera crede erroneamente che la rana abbia dato via il vestito da festa%2C ed è triste che l'abbia dato via. ,The duck mistakenly believes that the frog stole the party dress%2C and he is sad that he stole it.,39,true_factive,mistaken,2,8177,9077,86,4
526961,19,femmina,destrimana/o,italiano,psicologia,Sì,a,B,La rana crede erroneamente che la papera abbia dimenticato la torta%2C ed è arrabbiata che l'abbia dimenticata. ,The frog mistakenly believes the duck forgot the cake%2C and is angry that he forgot it.,34,true_factive,mistaken,6,4929,5664,88,4
526961,19,femmina,destrimana/o,italiano,psicologia,Sì,a,B,La rana crede erroneamente che il panda abbia perduto l'album dei ricordi%2C ed è triste che l'abbia perduto. ,The frog mistakenly believes that the panda has lost the scrapbook%2C and he is sad that he has lost it.,38,true_factive,mistaken,6,3511,4228,89,4
526961,19,femmina,destrimana/o,italiano,psicologia,Sì,a,B,Il panda non ha forzato la serratura%2C ma la papera%2C dopo averla controllata%2C ha erroneamente capito che il panda l'ha forzata.,The panda did not pick the lock%2C but the duck%2C after checking it%2C mistakenly realized that the panda had picked it.,43,semi_factive,mistaken,1,5214,6148,90,4
526961,19,femmina,destrimana/o,italiano,psicologia,Sì,a,B,Il panda crede erroneamente che la rana abbia forzato la porta della cantina%2C ed è arrabbiato che l'abbia forzata. ,The panda mistakenly believes that the frog smashed the cellar door%2C and is angry that he smashed it.,35,true_factive,mistaken,6,4696,5363,94,4
433102,19,femmina,destrimana/o,italiano,Psicologia dello sviluppo%2C della persona e delle relazioni interpersonali ,Sì,a,A,Non so se la rana abbia mai rovesciato la bottiglia d'olio%2C ma se l'ha rovesciata di nuovo ieri%2C la paperà le farà pulire tutta la cucina.,I don't know whether the frog has ever knocked over the oil bottle%2C but if she knocked it over again yesterday%2C the duck will make her clean the entire kitchen.,32,again,dontknowwhether,5,10579,12019,2,1
433102,19,femmina,destrimana/o,italiano,Psicologia dello sviluppo%2C della persona e delle relazioni interpersonali ,Sì,a,A,La rana non ha finito la limonata%2C ma se la papera crede che l'abbia finita%2C andrà a comprare dei limoni.,The frog didn't finish the lemonade%2C but if the duck believes that he did%2C she will go buy lemons.,23,non_factive,notpif,6,8209,9700,3,1
433102,19,femmina,destrimana/o,italiano,Psicologia dello sviluppo%2C della persona e delle relazioni interpersonali ,Sì,a,A,Il panda non ha danneggiato il microfono%2C ma se la rana è arrabbiata che l'abbia danneggiato%2C lo escluderà dalla serata di karaoke. ,The panda didn't damage the mic%2C but if the frog is angry that he did%2C he will uninvite him from karaoke night.,3,true_factive,notpif,4,6326,7208,4,1
433102,19,femmina,destrimana/o,italiano,Psicologia dello sviluppo%2C della persona e delle relazioni interpersonali ,Sì,a,A,Non so se la papera abbia tagliuzzato il poster%2C ma se il panda capisce che l'ha tagliuzzato%2C le verserà del succo nello zaino.,I don't know whether the duck cut the poster%2C but if the panda understands that she did%2C he will pour juice into her backpack.,12,semi_factive,dontknowwhether,5,7252,8294,5,1
433102,19,femmina,destrimana/o,italiano,Psicologia dello sviluppo%2C della persona e delle relazioni interpersonali ,Sì,a,A,Il panda non ha sottratto nulla alla rana%2C ma se le ha sottratto anche il cappello%2C la rana gli strapperà il costume da bagno.,The panda didn't steal anything from the frog%2C but if he stole her hat too%2C the frog will rip his bathing suit.,25,too,notpif,2,11196,12314,6,1
433102,19,femmina,destrimana/o,italiano,Psicologia dello sviluppo%2C della persona e delle relazioni interpersonali ,Sì,a,A,Il panda non ha bruciato l'album di foto%2C ma se la rana è triste che l'abbia bruciato%2C piangerà a dirotto.,The panda didn't burn the photo album%2C but if the frog is sad that he did%2C he will cry his eyes out.,7,true_factive,notpif,1,4813,5861,12,1
433102,19,femmina,destrimana/o,italiano,Psicologia dello sviluppo%2C della persona e delle relazioni interpersonali ,Sì,a,A,Non so se la rana abbia perduto qualcosa%2C ma se ha perduto anche le chiavi%2C la papera andrà nel panico.,I don't know whether the frog lost anything%2C but if she lost the keys too%2C the duck will panic.,26,too,dontknowwhether,5,7866,10333,14,1
433102,19,femmina,destrimana/o,italiano,Psicologia dello sviluppo%2C della persona e delle relazioni interpersonali ,Sì,a,A,La rana non ha spaccato le automobiline%2C ma il panda%2C dopo averle esaminate%2C ha capito che la rana le ha spaccate.,I don't know if the frog broke the toy train%2C but the panda%2C after examining it%2C realized that the frog broke it.,41,semi_factive,dontknowwhetherand,2,6377,7320,17,1
433102,19,femmina,destrimana/o,italiano,Psicologia dello sviluppo%2C della persona e delle relazioni interpersonali ,Sì,a,A,La rana non ha truccato la macchinina telecomandata%2C ma il panda%2C dopo averla usata%2C ha capito che la rana l'ha truccata.,I don't know whether the frog rigged the remote control car%2C but the panda%2C after using it%2C realized that the frog rigged it.,44,semi_factive,dontknowwhetherand,2,4578,5504,18,1
433102,19,femmina,destrimana/o,italiano,Psicologia dello sviluppo%2C della persona e delle relazioni interpersonali ,Sì,a,A,La papera non ha mollato il corso di nuoto%2C ma il panda è triste che l'abbia mollato. ,I don't know if the duck quit swimming class%2C but the panda is sad that he quit it.,40,true_factive,dontknowwhetherand,1,5659,6577,20,1
433102,19,femmina,destrimana/o,italiano,Psicologia dello sviluppo%2C della persona e delle relazioni interpersonali ,Sì,a,A,Il panda non ha mai offeso la rana%2C ma se l'ha offesa di nuovo ieri%2C la rana lo prenderà in giro davanti a tutti.,The panda has never offended the frog%2C but if he offended her again yesterday%2C the frog will make fun of him in font of everybody.,31,again,notpif,2,5087,5986,21,1
433102,19,femmina,destrimana/o,italiano,Psicologia dello sviluppo%2C della persona e delle relazioni interpersonali ,Sì,a,A,Non so se la papera abbia rotto il vasetto di miele%2C ma se il panda si rende conto che l'ha rotto%2C le terrà il broncio.,I don't know whether the duck broke the honey jar%2C but if the panda realizes that she did%2C he will pout.,14,semi_factive,dontknowwhether,5,7258,8047,22,1
433102,19,femmina,destrimana/o,italiano,Psicologia dello sviluppo%2C della persona e delle relazioni interpersonali ,Sì,a,A,Il panda non ha forato il gonfiabile%2C ma se la rana si rende conto che l'ha forato%2C lo dirà alla maestra.,The panda didn't make a hole in the bouncy castle%2C but if the frog realizes that he did%2C he will tell the teacher.,15,semi_factive,notpif,2,4964,5880,24,1
433102,19,femmina,destrimana/o,italiano,Psicologia dello sviluppo%2C della persona e delle relazioni interpersonali ,Sì,a,A,La papera non ha sporcato nulla%2C ma se ha sporcato anche il tappeto%2C il panda non la inviterà più a casa sua.,The duck didn't dirty anything%2C but if she dirtied the carpet too%2C the panda won't invite her anymore.,27,too,notpif,2,5162,6037,26,2
433102,19,femmina,destrimana/o,italiano,Psicologia dello sviluppo%2C della persona e delle relazioni interpersonali ,Sì,a,A,La papera non ha modificato la ricetta della torta%2C ma la rana%2C dopo averla riletta%2C si è resa conto che la papera l'ha modificata.,I don't know whether the duck changed the cake recipe%2C but the frog%2C after re-reading it%2C realized that the duck changed it.,45,semi_factive,dontknowwhetherand,1,5457,6297,27,2
433102,19,femmina,destrimana/o,italiano,Psicologia dello sviluppo%2C della persona e delle relazioni interpersonali ,Sì,a,A,Non so se il panda abbia calpestato le margherite%2C ma se la rana crede che le abbia calpestate%2C preparerà dei gavettoni per punirlo.,I don't know whether the panda trampled the daisies%2C but if the frog believes that he did%2C he will prepare water balloons to punish him.,22,non_factive,dontknowwhether,5,7509,8251,29,2
433102,19,femmina,destrimana/o,italiano,Psicologia dello sviluppo%2C della persona e delle relazioni interpersonali ,Sì,a,A,Non so se la papera abbia imbrattato il muro%2C ma se il panda crede che l'abbia imbrattato%2C le nasconderà tutti i pennarelli.,I don't know whether the duck painted the wall%2C but if the panda believes that she did%2C he will hide all of her crayons.,24,non_factive,dontknowwhether,6,5725,6597,31,2
433102,19,femmina,destrimana/o,italiano,Psicologia dello sviluppo%2C della persona e delle relazioni interpersonali ,Sì,a,A,Il panda non ha fatto morire le rose%2C ma la papera è arrabbiata che le abbia fatte morire. ,I don't know if the panda made the roses die%2C but the duck is angry that he made them die.,33,true_factive,dontknowwhetherand,1,3371,4223,33,2
433102,19,femmina,destrimana/o,italiano,Psicologia dello sviluppo%2C della persona e delle relazioni interpersonali ,Sì,a,A,Non so se la rana abbia strappato il biglietto di auguri%2C ma se il panda pensa che l'abbia strappato%2C si metterà a piangere.,I don't know whether the frog tore up the birthday card%2C but if the panda thinks that he did%2C he will start to cry.,20,non_factive,dontknowwhether,2,5486,7726,35,2
433102,19,femmina,destrimana/o,italiano,Psicologia dello sviluppo%2C della persona e delle relazioni interpersonali ,Sì,a,A,La papera non ha smarrito il bracciale dell'amicizia%2C ma se la rana pensa che l'abbia smarrito%2C sarà molto delusa.,The duck didn't lose the friendship bracelet%2C but if the frog thinks that she did%2C he will be very disappointed.,19,non_factive,notpif,2,5263,6114,36,2
433102,19,femmina,destrimana/o,italiano,Psicologia dello sviluppo%2C della persona e delle relazioni interpersonali ,Sì,a,A,Non so se il panda abbia letto il diario segreto%2C ma se la rana si rende conto che l'ha letto%2C considererà la loro amicizia rovinata.,I don't know whether the panda read the diary%2C but if the frog realizes that he did%2C he will consider their friendship ruined.,16,semi_factive,dontknowwhether,6,6593,7336,37,2
433102,19,femmina,destrimana/o,italiano,Psicologia dello sviluppo%2C della persona e delle relazioni interpersonali ,Sì,a,A,La papera non ha preso il voto massimo%2C ma se la rana pensa che l'abbia preso%2C sarà gelosa.,The duck didn't get the top grade%2C but if the frog thinks that she did%2C he will be jealous.,17,non_factive,notpif,4,7643,9700,39,2
433102,19,femmina,destrimana/o,italiano,Psicologia dello sviluppo%2C della persona e delle relazioni interpersonali ,Sì,a,A,Non so se la rana abbia squarciato l'orsacchiotto%2C ma se la papera è triste che l'abbia squarciato%2C le disegnerà sulla faccia con l'indelebile.,I don't know whether the frog cut open the teddy bear%2C but if the duck is sad that he did%2C she will draw on his face with sharpie.,6,true_factive,dontknowwhether,1,4222,5169,40,2
433102,19,femmina,destrimana/o,italiano,Psicologia dello sviluppo%2C della persona e delle relazioni interpersonali ,Sì,a,A,La papera non ha potato la siepe%2C ma la rana%2C dopo averla innaffiata%2C si è resa conto che la papera l'ha potata.,I don't know whether the duck pruned the hedge%2C but the frog%2C after watering it%2C realized that the duck pruned it.,48,semi_factive,dontknowwhetherand,1,5372,7206,42,2
433102,19,femmina,destrimana/o,italiano,Psicologia dello sviluppo%2C della persona e delle relazioni interpersonali ,Sì,a,A,La papera non ha distrutto il castello di sabbia%2C ma se il panda è triste che l'abbia distrutto%2C piangerà per tutto il giorno.,The duck didn't destroy the sand castle%2C but if the panda is sad that she did%2C he will cry all day.,5,true_factive,notpif,1,3721,4587,46,2
433102,19,femmina,destrimana/o,italiano,Psicologia dello sviluppo%2C della persona e delle relazioni interpersonali ,Sì,a,A,La rana non ha mai usato il giocattolo della papera%2C ma se l'ha usato di nuovo ieri%2C la papera le getterà tutti i disegni nel fango.,The frog has never used the duck's toy%2C but if she used it again yesterday%2C the duck will throw all her drawing in the mud.,29,again,notpif,1,2689,3779,47,2
433102,19,femmina,destrimana/o,italiano,Psicologia dello sviluppo%2C della persona e delle relazioni interpersonali ,Sì,a,A,La rana non ha nascosto i pennarelli%2C ma se la papera capisce che li ha nascosti%2C le sotterrerà le figurine in giardino.,The frog didn't hide the crayons%2C but if the duck understands that he did%2C she bury his favorite figurines in the yard.,11,semi_factive,notpif,1,4383,5255,49,3
433102,19,femmina,destrimana/o,italiano,Psicologia dello sviluppo%2C della persona e delle relazioni interpersonali ,Sì,a,A,Non so se la papera abbia buttato via la cartolina%2C ma se il panda capisce che l'ha buttata via%2C non le parlerà mai più.,I don't know whether the duck threw away the postcard%2C but if the panda understands that she did%2C he will not speak to her anymore.,10,semi_factive,dontknowwhether,6,6331,7114,51,3
433102,19,femmina,destrimana/o,italiano,Psicologia dello sviluppo%2C della persona e delle relazioni interpersonali ,Sì,a,A,Non so se il panda abbia rubato il quaderno da colorare%2C ma se la papera è triste che l'abbia rubato%2C lo manderà via.,I don't know whether the panda stole the coloring book%2C but if the duck is sad that he did%2C she will throw him out.,8,true_factive,dontknowwhether,2,5080,5956,52,3
433102,19,femmina,destrimana/o,italiano,Psicologia dello sviluppo%2C della persona e delle relazioni interpersonali ,Sì,a,A,Non so se la rana abbia dimenticato il compleanno della papera%2C ma se la papera pensa che l'abbia dimenticato%2C nasconderà il diario dell'amicizia nel bosco.,I don't know whether the frog forgot the duck's birthday%2C but if the duck thinks that he did%2C she will hide the friendship book in the wood.,18,non_factive,dontknowwhether,6,4216,9608,53,3
433102,19,femmina,destrimana/o,italiano,Psicologia dello sviluppo%2C della persona e delle relazioni interpersonali ,Sì,a,A,Il panda non ha spaccato il trenino%2C ma se la papera crede che l'abbia spaccato%2C gli ruberà il quaderno da colorare. ,The panda didn't break the model train%2C but if the duck believes that he did%2C she will steal his coloring book.,21,non_factive,notpif,6,4120,4953,54,3
433102,19,femmina,destrimana/o,italiano,Psicologia dello sviluppo%2C della persona e delle relazioni interpersonali ,Sì,a,A,Non so se la rana abbia rovinato il puzzle%2C ma se il panda è arrabbiato che l'abbia rovinato%2C le butterà le scarpe fuori dalla finestra.,I don't know whether the frog ruined the puzzle%2C but if the panda is angry that he did%2C he will throw his shoes out of the window.,4,true_factive,dontknowwhether,2,4500,5398,55,3
433102,19,femmina,destrimana/o,italiano,Psicologia dello sviluppo%2C della persona e delle relazioni interpersonali ,Sì,a,A,La rana non ha truccato il mazzo di carte%2C ma se il panda capisce che l'ha truccato%2C la escluderà dal prossimo pigiama party. ,The frog didn't manipulate the deck%2C but if the panda understands that she did%2C he will uninvite him from the next sleepover.,9,semi_factive,notpif,1,5795,6613,56,3
433102,19,femmina,destrimana/o,italiano,Psicologia dello sviluppo%2C della persona e delle relazioni interpersonali ,Sì,a,A,Non so se il panda abbia bucato il pallone da calcio%2C ma se la rana è arrabbiata che l'abbia bucato%2C gli verserà del latte sul computer.,I don't know whether the panda punctured the football%2C but if the frog is angry that he did%2C he will pour milk over his laptop.,2,true_factive,dontknowwhether,2,3412,4221,58,3
433102,19,femmina,destrimana/o,italiano,Psicologia dello sviluppo%2C della persona e delle relazioni interpersonali ,Sì,a,A,La papera non ha perso l'aquilone%2C ma se il panda è arrabbiato che l'abbia perso%2C le getterà gli occhiali da sole in mare.,The duck didn't lose the kite%2C but if the panda is angry that she did%2C he will hurl her sunglasses in the sea.,1,true_factive,notpif,2,3809,4767,60,3
433102,19,femmina,destrimana/o,italiano,Psicologia dello sviluppo%2C della persona e delle relazioni interpersonali ,Sì,a,A,Non so se il panda abbia rotto qualcosa%2C ma se ha rotto anche il vaso di porcellana%2C la rana andrà su tutte le furie.,I don't know whether the panda broke anything%2C but if he broke the porcelaine vase too%2C the frog will flare up.,28,too,dontknowwhether,6,5088,5921,62,3
433102,19,femmina,destrimana/o,italiano,Psicologia dello sviluppo%2C della persona e delle relazioni interpersonali ,Sì,a,A,La rana non ha strisciato la finestra in soffitta%2C ma la papera è arrabbiata che l'abbia strisciata. ,I don't know if the frog crawled the attic window%2C but the duck is angry that he crawled it.,36,true_factive,dontknowwhetherand,1,7238,8180,67,3
433102,19,femmina,destrimana/o,italiano,Psicologia dello sviluppo%2C della persona e delle relazioni interpersonali ,Sì,a,A,La papera non ha gettato via le bambole di pezza%2C ma il panda è triste che le abbia gettate via. ,I don't know if the duck threw away the rag dolls%2C but the panda is sad that he threw them away.,37,true_factive,dontknowwhetherand,1,3507,4323,69,3
433102,19,femmina,destrimana/o,italiano,Psicologia dello sviluppo%2C della persona e delle relazioni interpersonali ,Sì,a,A,Il panda non ha piegato le lancette dell'orologio%2C ma se la rana si rende conto che le ha piegate%2C gli urlerà contro.,The panda didn't bend the hands of the clock%2C but if the frog realizes that he did%2C he will shout at him.,13,semi_factive,notpif,2,3775,4698,70,3
433102,19,femmina,destrimana/o,italiano,Psicologia dello sviluppo%2C della persona e delle relazioni interpersonali ,Sì,a,A,Non so se la papera abbia mai bruciato il pane%2C ma se l'ha bruciato di nuovo ieri%2C il panda non farà più colazione con lei.,I don't know whether the duck has ever burnt the bread%2C but if she burnt it again yesterday%2C the panda won't have breakfast with her anymore.,30,again,dontknowwhether,6,4358,5157,72,3
433102,19,femmina,destrimana/o,italiano,Psicologia dello sviluppo%2C della persona e delle relazioni interpersonali ,Sì,a,B,Il panda non ha forzato la serratura%2C ma la papera%2C dopo averla controllata%2C ha erroneamente capito che il panda l'ha forzata.,The panda did not pick the lock%2C but the duck%2C after checking it%2C mistakenly realized that the panda had picked it.,43,semi_factive,mistaken,7,8276,9224,76,4
433102,19,femmina,destrimana/o,italiano,Psicologia dello sviluppo%2C della persona e delle relazioni interpersonali ,Sì,a,B,La rana non ha copiato le risposte della verifica%2C ma il panda%2C dopo averle viste%2C si è erroneamente reso conto che la rana le ha copiate.,The frog did not copy the answers in the check%2C but the panda%2C after seeing them%2C mistakenly realized that the frog copied them.,47,semi_factive,mistaken,7,8148,9032,78,4
433102,19,femmina,destrimana/o,italiano,Psicologia dello sviluppo%2C della persona e delle relazioni interpersonali ,Sì,a,B,La rana crede erroneamente che il panda abbia perduto l'album dei ricordi%2C ed è triste che l'abbia perduto. ,The frog mistakenly believes that the panda has lost the scrapbook%2C and he is sad that he has lost it.,38,true_factive,mistaken,7,8474,9240,80,4
433102,19,femmina,destrimana/o,italiano,Psicologia dello sviluppo%2C della persona e delle relazioni interpersonali ,Sì,a,B,La rana crede erroneamente che la papera abbia dimenticato la torta%2C ed è arrabbiata che l'abbia dimenticata. ,The frog mistakenly believes the duck forgot the cake%2C and is angry that he forgot it.,34,true_factive,mistaken,7,4057,4890,83,4
433102,19,femmina,destrimana/o,italiano,Psicologia dello sviluppo%2C della persona e delle relazioni interpersonali ,Sì,a,B,La papera crede erroneamente che la rana abbia dato via il vestito da festa%2C ed è triste che l'abbia dato via. ,The duck mistakenly believes that the frog stole the party dress%2C and he is sad that he stole it.,39,true_factive,mistaken,7,5399,6323,85,4
433102,19,femmina,destrimana/o,italiano,Psicologia dello sviluppo%2C della persona e delle relazioni interpersonali ,Sì,a,B,La papera non ha smarrito la chiave della cantina%2C ma la rana%2C dopo averla cercata%2C ha erroneamente capito che la papera l'ha smarrita.,The duck did not misplace the house keys%2C but the frog%2C after looking for them%2C mistakenly realized that the duck misplaced them.,42,semi_factive,mistaken,7,4003,4946,90,4
433102,19,femmina,destrimana/o,italiano,Psicologia dello sviluppo%2C della persona e delle relazioni interpersonali ,Sì,a,B,Il panda non ha cambiato le regole del gioco di ruolo%2C ma la papera%2C dopo averle ripassate%2C si è erroneamente resa conto che il panda le ha cambiate.,The panda did not change the rules of the role-playing game%2C but the duck%2C after reviewing them%2C mistakenly realized that the panda changed them.,46,semi_factive,mistaken,7,4806,5813,92,4
433102,19,femmina,destrimana/o,italiano,Psicologia dello sviluppo%2C della persona e delle relazioni interpersonali ,Sì,a,B,Il panda crede erroneamente che la rana abbia forzato la porta della cantina%2C ed è arrabbiato che l'abbia forzata. ,The panda mistakenly believes that the frog smashed the cellar door%2C and is angry that he smashed it.,35,true_factive,mistaken,7,3515,4325,96,4
705833,19,femmina,destrimana/o,italiano,Psicologia ,No,d,A,La papera non ha buttato via la cartolina%2C ma se il panda capisce che l'ha buttata via%2C non le parlerà mai più.,The duck didn't throw away the postcard%2C but if the panda understands that she did%2C he will not speak to her anymore.,10,semi_factive,notpif,2,8375,9326,2,1
705833,19,femmina,destrimana/o,italiano,Psicologia ,No,d,A,La papera non ha mai bruciato il pane%2C ma se l'ha bruciato di nuovo ieri%2C il panda non farà più colazione con lei.,The duck has never burnt the bread%2C but if she burnt it again yesterday%2C the panda won't have breakfast with her anymore.,30,again,notpif,1,8614,9610,3,1
705833,19,femmina,destrimana/o,italiano,Psicologia ,No,d,A,Il panda non ha cambiato le regole del gioco di ruolo%2C ma la papera%2C dopo averle ripassate%2C si è resa conto che il panda le ha cambiate.,I don't know whether the panda changed the rules of the role-playing game%2C but the duck%2C after reviewing them%2C realized that the panda changed them.,46,semi_factive,dontknowwhetherand,1,17840,19747,6,1
705833,19,femmina,destrimana/o,italiano,Psicologia ,No,d,A,Il panda non ha letto il diario segreto%2C ma se la rana si rende conto che l'ha letto%2C considererà la loro amicizia rovinata.,The panda didn't read the diary%2C but if the frog realizes that he did%2C he will consider their friendship ruined.,16,semi_factive,notpif,1,6827,7927,7,1
705833,19,femmina,destrimana/o,italiano,Psicologia ,No,d,A,Non so se il panda abbia mai offeso la rana%2C ma se l'ha offesa di nuovo ieri%2C la rana lo prenderà in giro davanti a tutti.,I don't know whether the panda has ever offended the frog%2C but if he offended her again yesterday%2C the frog will make fun of him in font of everybody.,31,again,dontknowwhether,4,10724,11818,11,1
705833,19,femmina,destrimana/o,italiano,Psicologia ,No,d,A,La rana non ha squarciato l'orsacchiotto%2C ma se la papera è triste che l'abbia squarciato%2C le disegnerà sulla faccia con l'indelebile.,The frog didn't cut open the teddy bear%2C but if the duck is sad that he did%2C she will draw on his face with sharpie.,6,true_factive,notpif,2,7779,8976,12,1
705833,19,femmina,destrimana/o,italiano,Psicologia ,No,d,A,Non so se il panda abbia spaccato il trenino%2C ma se la papera crede che l'abbia spaccato%2C gli ruberà il quaderno da colorare. ,I don't know whether the panda broke the model train%2C but if the duck believes that he did%2C she will steal his coloring book.,21,non_factive,dontknowwhether,6,7079,8046,17,1
705833,19,femmina,destrimana/o,italiano,Psicologia ,No,d,A,La papera non ha dimenticato la torta%2C ma la rana è arrabbiata che l'abbia dimenticata. ,I don't know if the duck forgot the cake%2C but the frog is angry that he forgot it.,34,true_factive,dontknowwhetherand,2,12079,15382,18,1
705833,19,femmina,destrimana/o,italiano,Psicologia ,No,d,A,La rana non ha forzato la porta della cantina%2C ma il panda è arrabbiato che l'abbia forzata. ,I don't know if the frog smashed the cellar door%2C but the panda is angry that he smashed it.,35,true_factive,dontknowwhetherand,2,5120,5937,20,1
705833,19,femmina,destrimana/o,italiano,Psicologia ,No,d,A,Il panda non ha rotto nulla%2C ma se ha rotto anche il vaso di porcellana%2C la rana andrà su tutte le furie.,The panda didn't break anything%2C but if he broke the porcelaine vase too%2C the frog will flare up.,28,too,notpif,1,7464,8330,21,1
705833,19,femmina,destrimana/o,italiano,Psicologia ,No,d,A,La papera non ha tagliuzzato il poster%2C ma se il panda capisce che l'ha tagliuzzato%2C le verserà del succo nello zaino.,The duck didn't cut the poster%2C but if the panda understands that she did%2C he will pour juice into her backpack.,12,semi_factive,notpif,2,7215,8030,23,1
705833,19,femmina,destrimana/o,italiano,Psicologia ,No,d,A,Non so se la papera abbia smarrito il bracciale dell'amicizia%2C ma se la rana pensa che l'abbia smarrito%2C sarà molto delusa.,I don't know whether the duck lost the friendship bracelet%2C but if the frog thinks that she did%2C he will be very disappointed.,19,non_factive,dontknowwhether,6,13866,14757,24,1
705833,19,femmina,destrimana/o,italiano,Psicologia ,No,d,A,La papera non ha smarrito la chiave della cantina%2C ma la rana%2C dopo averla cercata%2C ha capito che la papera l'ha smarrita.,I don't know if the duck misplaced the house keys%2C but the frog%2C after looking for them%2C realized that the duck misplaced them.,42,semi_factive,dontknowwhetherand,2,11226,12203,26,2
705833,19,femmina,destrimana/o,italiano,Psicologia ,No,d,A,La papera non ha rotto il vasetto di miele%2C ma se il panda si rende conto che l'ha rotto%2C le terrà il broncio., The duck didn't break the honey jar%2C but if the panda realizes that she did%2C he will pout.,14,semi_factive,notpif,3,28028,28792,30,2
705833,19,femmina,destrimana/o,italiano,Psicologia ,No,d,A,La rana non ha copiato le risposte della verifica%2C ma il panda%2C dopo averle viste%2C si è reso conto che la rana le ha copiate.,I don't know whether the frog copied the answers in the check%2C but the panda%2C after seeing them%2C realized that the frog copied them.,47,semi_factive,dontknowwhetherand,2,8577,9442,31,2
705833,19,femmina,destrimana/o,italiano,Psicologia ,No,d,A,Non so se la rana abbia nascosto i pennarelli%2C ma se la papera capisce che li ha nascosti%2C le sotterrerà le figurine in giardino.,I don't know whether the frog hid the crayons%2C but if the duck understands that he did%2C she bury his favorite figurines in the yard.,11,semi_factive,dontknowwhether,6,5627,6476,32,2
705833,19,femmina,destrimana/o,italiano,Psicologia ,No,d,A,La rana non ha rovinato il puzzle%2C ma se il panda è arrabbiato che l'abbia rovinato%2C le butterà le scarpe fuori dalla finestra.,The frog didn't ruin the puzzle%2C but if the panda is angry that he did%2C he will throw his shoes out of the window.,4,true_factive,notpif,3,53867,54640,33,2
705833,19,femmina,destrimana/o,italiano,Psicologia ,No,d,A,Il panda non ha bucato il pallone da calcio%2C ma se la rana è arrabbiata che l'abbia bucato%2C gli verserà del latte sul computer.,The panda didn't puncture the football%2C but if the frog is angry that he did%2C he will pour milk over his laptop.,2,true_factive,notpif,3,6482,7228,38,2
705833,19,femmina,destrimana/o,italiano,Psicologia ,No,d,A,Il panda non ha rubato il quaderno da colorare%2C ma se la papera è triste che l'abbia rubato%2C lo manderà via.,The panda didn't steal the coloring book%2C but if the duck is sad that he did%2C she will throw him out.,8,true_factive,notpif,3,11661,12502,40,2
705833,19,femmina,destrimana/o,italiano,Psicologia ,No,d,A,Il panda non ha forzato la serratura%2C ma la papera%2C dopo averla controllata%2C ha capito che il panda l'ha forzata.,I don't know if the panda picked the lock%2C but the duck%2C after checking it%2C realized that the panda picked it.,43,semi_factive,dontknowwhetherand,3,6268,6932,41,2
705833,19,femmina,destrimana/o,italiano,Psicologia ,No,d,A,La rana non ha dimenticato il compleanno della papera%2C ma se la papera pensa che l'abbia dimenticato%2C nasconderà il diario dell'amicizia nel bosco.,The frog didn't forget the duck's birthday%2C but if the duck thinks that he did%2C she will hide the friendship book in the wood.,18,non_factive,notpif,4,13747,14624,44,2
705833,19,femmina,destrimana/o,italiano,Psicologia ,No,d,A,Il panda non ha perduto l'album dei ricordi%2C ma la rana è triste che l'abbia perduto. ,I don't know if the panda lost the scrapbook%2C but the frog is sad that he lost it.,38,true_factive,dontknowwhetherand,2,4220,6734,45,2
705833,19,femmina,destrimana/o,italiano,Psicologia ,No,d,A,Non so se il panda abbia forato il gonfiabile%2C ma se la rana si rende conto che l'ha forato%2C lo dirà alla maestra.,I don't know whether the panda made a hole in the bouncy castle%2C but if the frog realizes that he did%2C he will tell the teacher.,15,semi_factive,dontknowwhether,6,6611,8313,48,2
705833,19,femmina,destrimana/o,italiano,Psicologia ,No,d,A,La rana non ha mai rovesciato la bottiglia d'olio%2C ma se l'ha rovesciata di nuovo ieri%2C la paperà le farà pulire tutta la cucina.,The frog has never knocked over the oil bottle%2C but if she knocked it over again yesterday%2C the duck will make her clean the entire kitchen.,32,again,notpif,1,8758,9721,49,3
705833,19,femmina,destrimana/o,italiano,Psicologia ,No,d,A,Non so se la rana abbia truccato il mazzo di carte%2C ma se il panda capisce che l'ha truccato%2C la escluderà dal prossimo pigiama party. ,I don't know whether the frog manipulated the deck%2C but if the panda understands that she did%2C he will uninvite him from the next sleepover.,9,semi_factive,dontknowwhether,6,4155,5040,50,3
705833,19,femmina,destrimana/o,italiano,Psicologia ,No,d,A,La rana non ha perduto nulla%2C ma se ha perduto anche le chiavi%2C la papera andrà nel panico.,The frog didn't lose anything%2C but if she lost the keys too%2C the duck will panic.,26,too,notpif,1,4866,6124,52,3
705833,19,femmina,destrimana/o,italiano,Psicologia ,No,d,A,Non so se la papera abbia sporcato qualcosa%2C ma se ha sporcato anche il tappeto%2C il panda non la inviterà più a casa sua.,I don't know whether the duck dirtied anything%2C but if she dirtied the carpet too%2C the panda won't invite her anymore.,27,too,dontknowwhether,4,17116,17716,53,3
705833,19,femmina,destrimana/o,italiano,Psicologia ,No,d,A,Non so se la rana abbia finito la limonata%2C ma se la papera crede che l'abbia finita%2C andrà a comprare dei limoni.,I don't know whether the frog finished the lemonade%2C but if the duck believes that he did%2C she will go buy lemons.,23,non_factive,dontknowwhether,6,4112,4959,54,3
705833,19,femmina,destrimana/o,italiano,Psicologia ,No,d,A,Il panda non ha calpestato le margherite%2C ma se la rana crede che le abbia calpestate%2C preparerà dei gavettoni per punirlo.,The panda didn't trample the daisies%2C but if the frog believes that he did%2C he will prepare water balloons to punish him.,22,non_factive,notpif,6,5026,6148,55,3
705833,19,femmina,destrimana/o,italiano,Psicologia ,No,d,A,La rana non ha strappato il biglietto di auguri%2C ma se il panda pensa che l'abbia strappato%2C si metterà a piangere.,The frog didn't tear up the birthday card%2C but if the panda thinks that he did%2C he will start to cry.,20,non_factive,notpif,6,6556,7503,56,3
705833,19,femmina,destrimana/o,italiano,Psicologia ,No,d,A,Non so se la rana abbia mai usato il giocattolo della papera%2C ma se l'ha usato di nuovo ieri%2C la papera le getterà tutti i disegni nel fango.,I don't know whether the frog has nver used the duck's toy%2C but if she used it again yesterday%2C the duck will throw all her drawing in the mud.,29,again,dontknowwhether,3,7045,7977,57,3
705833,19,femmina,destrimana/o,italiano,Psicologia ,No,d,A,Non so se la papera abbia preso il voto massimo%2C ma se la rana pensa che l'abbia preso%2C sarà gelosa.,I don't know whether the duck got the top grade%2C but if the frog thinks that she did%2C he will be jealous.,17,non_factive,dontknowwhether,6,3848,4668,60,3
705833,19,femmina,destrimana/o,italiano,Psicologia ,No,d,A,Non so se la papera abbia distrutto il castello di sabbia%2C ma se il panda è triste che l'abbia distrutto%2C piangerà per tutto il giorno.,I don't know whether the duck destroyed the sand castle%2C but if the panda is sad that she did%2C he will cry all day.,5,true_factive,dontknowwhether,4,9831,10528,63,3
705833,19,femmina,destrimana/o,italiano,Psicologia ,No,d,A,Non so se il panda abbia sottratto qualcosa alla rana%2C ma se le ha sottratto anche il cappello%2C la rana gli strapperà il costume da bagno.,I don't know whether the panda stole anything from the frog%2C but if he stole her hat too%2C the frog will rip his bathing suit.,25,too,dontknowwhether,5,11396,12348,66,3
705833,19,femmina,destrimana/o,italiano,Psicologia ,No,d,A,Non so se il panda abbia bruciato l'album di foto%2C ma se la rana è triste che l'abbia bruciato%2C piangerà a dirotto.,I don't know whether the panda burned the photo album%2C but if the frog is sad that he did%2C he will cry his eyes out.,7,true_factive,dontknowwhether,4,6438,10784,67,3
705833,19,femmina,destrimana/o,italiano,Psicologia ,No,d,A,Non so se la papera abbia perso l'aquilone%2C ma se il panda è arrabbiato che l'abbia perso%2C le getterà gli occhiali da sole in mare.,I don't know whether the duck lost the kite%2C but if the panda is angry that she did%2C he will hurl her sunglasses in the sea.,1,true_factive,dontknowwhether,4,16386,18938,69,3
705833,19,femmina,destrimana/o,italiano,Psicologia ,No,d,A,Non so se il panda abbia piegato le lancette dell'orologio%2C ma se la rana si rende conto che le ha piegate%2C gli urlerà contro.,I don't know whether the panda bent the hands of the clock%2C but if the frog realizes that he did%2C he will shout at him.,13,semi_factive,dontknowwhether,5,23599,24934,71,3
705833,19,femmina,destrimana/o,italiano,Psicologia ,No,d,A,Non so se il panda abbia danneggiato il microfono%2C ma se la rana è arrabbiata che l'abbia danneggiato%2C lo escluderà dalla serata di karaoke. ,I don't know whether the panda damaged the mic%2C but if the frog is angry that he did%2C he will uninvite him from karaoke night.,3,true_factive,dontknowwhether,4,18322,19544,72,3
705833,19,femmina,destrimana/o,italiano,Psicologia ,No,d,A,La rana non ha dato via il vestito da festa%2C ma la papera è triste che l'abbia dato via. ,I don't know if the frog stole the party dress%2C but the duck is sad that he stole it.,39,true_factive,dontknowwhetherand,3,5223,7639,73,4
705833,19,femmina,destrimana/o,italiano,Psicologia ,No,d,A,La papera non ha imbrattato il muro%2C ma se il panda crede che l'abbia imbrattato%2C le nasconderà tutti i pennarelli.,The duck didn't paint the wall%2C but if the panda believes that she did%2C he will hide all of her crayons.,24,non_factive,notpif,6,4906,5790,75,4
705833,19,femmina,destrimana/o,italiano,Psicologia ,No,d,B,La papera non ha modificato la ricetta della torta%2C ma la rana%2C dopo averla riletta%2C si è erroneamente resa conto che la papera l'ha modificata.,The duck did not change the cake recipe%2C but the frog%2C after re-reading it%2C mistakenly realized that the duck changed it.,45,semi_factive,mistaken,6,20255,24967,76,4
705833,19,femmina,destrimana/o,italiano,Psicologia ,No,d,B,La papera crede erroneamente che la rana abbia strisciato la finestra in soffitta%2C ed è arrabbiata che l'abbia strisciata. ,The duck mistakenly believes the frog crawled through the attic window%2C and is angry that he crawled through it.,36,true_factive,mistaken,6,12797,13652,78,4
705833,19,femmina,destrimana/o,italiano,Psicologia ,No,d,B,La papera crede erroneamente che il panda abbia fatto morire le rose%2C ed è arrabbiata che le abbia fatte morire. ,The duck mistakenly believes that the panda made the roses die%2C and is angry that he made them die.,33,true_factive,mistaken,6,5893,6757,82,4
705833,19,femmina,destrimana/o,italiano,Psicologia ,No,d,B,La rana non ha spaccato le automobiline%2C ma il panda%2C dopo averle esaminate%2C ha erroneamente capito che la rana le ha spaccate.,The frog did not break the toy train%2C but the panda%2C after examining it%2C mistakenly realizes that the frog broke it.,41,semi_factive,mistaken,6,11526,12377,85,4
705833,19,femmina,destrimana/o,italiano,Psicologia ,No,d,B,La papera non ha potato la siepe%2C ma la rana%2C dopo averla innaffiata%2C si è erroneamente resa conto che la papera l'ha potata.,The duck did not prune the hedge%2C but the frog%2C after watering it%2C mistakenly realized that the duck pruned it.,48,semi_factive,mistaken,6,7763,8823,88,4
705833,19,femmina,destrimana/o,italiano,Psicologia ,No,d,B,Il panda crede erroneamente che la papera abbia gettato via le bambole di pezza%2C ed è triste che le abbia gettate via. ,The panda mistakenly believes that the duck threw away the rag dolls%2C and is sad that he threw them away.,37,true_factive,mistaken,6,9510,10306,89,4
705833,19,femmina,destrimana/o,italiano,Psicologia ,No,d,B,La rana non ha truccato la macchinina telecomandata%2C ma il panda%2C dopo averla usata%2C ha erroneamente capito che la rana l'ha truccata.,The frog did not rig the remote control car%2C but the panda%2C after using it%2C mistakenly realized that the frog rigged it.,44,semi_factive,mistaken,6,9378,10146,91,4
705833,19,femmina,destrimana/o,italiano,Psicologia ,No,d,B,Il panda crede erroneamente che la papera abbia mollato il corso di nuoto%2C ed è triste che l'abbia mollato. ,The panda mistakenly believes that the duck dropped out of swimming class%2C and he is sad that he dropped out.,40,true_factive,mistaken,6,4275,5526,93,4
635441,21,femmina,destrimana/o,italiano,PSICOLOGIA,No,e,A,Non so se la papera abbia mai bruciato il pane%2C ma se l'ha bruciato di nuovo ieri%2C il panda non farà più colazione con lei.,I don't know whether the duck has ever burnt the bread%2C but if she burnt it again yesterday%2C the panda won't have breakfast with her anymore.,30,again,dontknowwhether,2,31808,37554,1,1
635441,21,femmina,destrimana/o,italiano,PSICOLOGIA,No,e,A,La rana non ha truccato il mazzo di carte%2C ma se il panda capisce che l'ha truccato%2C la escluderà dal prossimo pigiama party. ,The frog didn't manipulate the deck%2C but if the panda understands that she did%2C he will uninvite him from the next sleepover.,9,semi_factive,notpif,4,11523,14106,2,1
635441,21,femmina,destrimana/o,italiano,PSICOLOGIA,No,e,A,Non so se la papera abbia tagliuzzato il poster%2C ma se il panda capisce che l'ha tagliuzzato%2C le verserà del succo nello zaino.,I don't know whether the duck cut the poster%2C but if the panda understands that she did%2C he will pour juice into her backpack.,12,semi_factive,dontknowwhether,7,16926,18826,3,1
635441,21,femmina,destrimana/o,italiano,PSICOLOGIA,No,e,A,Il panda non ha mai offeso la rana%2C ma se l'ha offesa di nuovo ieri%2C la rana lo prenderà in giro davanti a tutti.,The panda has never offended the frog%2C but if he offended her again yesterday%2C the frog will make fun of him in font of everybody.,31,again,notpif,1,24360,26944,4,1
635441,21,femmina,destrimana/o,italiano,PSICOLOGIA,No,e,A,La papera non ha smarrito il bracciale dell'amicizia%2C ma se la rana pensa che l'abbia smarrito%2C sarà molto delusa.,The duck didn't lose the friendship bracelet%2C but if the frog thinks that she did%2C he will be very disappointed.,19,non_factive,notpif,7,15389,17393,5,1
635441,21,femmina,destrimana/o,italiano,PSICOLOGIA,No,e,A,La papera non ha potato la siepe%2C ma la rana%2C dopo averla innaffiata%2C si è resa conto che la papera l'ha potata.,I don't know whether the duck pruned the hedge%2C but the frog%2C after watering it%2C realized that the duck pruned it.,48,semi_factive,dontknowwhetherand,3,23052,25831,6,1
635441,21,femmina,destrimana/o,italiano,PSICOLOGIA,No,e,A,Non so se il panda abbia rubato il quaderno da colorare%2C ma se la papera è triste che l'abbia rubato%2C lo manderà via.,I don't know whether the panda stole the coloring book%2C but if the duck is sad that he did%2C she will throw him out.,8,true_factive,dontknowwhether,4,23474,24946,9,1
635441,21,femmina,destrimana/o,italiano,PSICOLOGIA,No,e,A,Non so se la rana abbia dimenticato il compleanno della papera%2C ma se la papera pensa che l'abbia dimenticato%2C nasconderà il diario dell'amicizia nel bosco.,I don't know whether the frog forgot the duck's birthday%2C but if the duck thinks that he did%2C she will hide the friendship book in the wood.,18,non_factive,dontknowwhether,6,33828,37845,15,1
635441,21,femmina,destrimana/o,italiano,PSICOLOGIA,No,e,A,La papera non ha distrutto il castello di sabbia%2C ma se il panda è triste che l'abbia distrutto%2C piangerà per tutto il giorno.,The duck didn't destroy the sand castle%2C but if the panda is sad that she did%2C he will cry all day.,5,true_factive,notpif,4,7027,9221,16,1
635441,21,femmina,destrimana/o,italiano,PSICOLOGIA,No,e,A,La papera non ha mollato il corso di nuoto%2C ma il panda è triste che l'abbia mollato. ,I don't know if the duck quit swimming class%2C but the panda is sad that he quit it.,40,true_factive,dontknowwhetherand,2,5684,7515,17,1
635441,21,femmina,destrimana/o,italiano,PSICOLOGIA,No,e,A,La papera non ha preso il voto massimo%2C ma se la rana pensa che l'abbia preso%2C sarà gelosa.,The duck didn't get the top grade%2C but if the frog thinks that she did%2C he will be jealous.,17,non_factive,notpif,7,6498,8263,18,1
635441,21,femmina,destrimana/o,italiano,PSICOLOGIA,No,e,A,Il panda non ha forato il gonfiabile%2C ma se la rana si rende conto che l'ha forato%2C lo dirà alla maestra.,The panda didn't make a hole in the bouncy castle%2C but if the frog realizes that he did%2C he will tell the teacher.,15,semi_factive,notpif,2,19097,20467,21,1
635441,21,femmina,destrimana/o,italiano,PSICOLOGIA,No,e,A,La rana non ha truccato la macchinina telecomandata%2C ma il panda%2C dopo averla usata%2C ha capito che la rana l'ha truccata.,I don't know whether the frog rigged the remote control car%2C but the panda%2C after using it%2C realized that the frog rigged it.,44,semi_factive,dontknowwhetherand,2,9229,10449,22,1
635441,21,femmina,destrimana/o,italiano,PSICOLOGIA,No,e,A,Non so se la rana abbia perduto qualcosa%2C ma se ha perduto anche le chiavi%2C la papera andrà nel panico.,I don't know whether the frog lost anything%2C but if she lost the keys too%2C the duck will panic.,26,too,dontknowwhether,6,13324,14710,24,1
635441,21,femmina,destrimana/o,italiano,PSICOLOGIA,No,e,A,Non so se la papera abbia buttato via la cartolina%2C ma se il panda capisce che l'ha buttata via%2C non le parlerà mai più.,I don't know whether the duck threw away the postcard%2C but if the panda understands that she did%2C he will not speak to her anymore.,10,semi_factive,dontknowwhether,7,15396,17644,28,2
635441,21,femmina,destrimana/o,italiano,PSICOLOGIA,No,e,A,Il panda non ha bruciato l'album di foto%2C ma se la rana è triste che l'abbia bruciato%2C piangerà a dirotto.,The panda didn't burn the photo album%2C but if the frog is sad that he did%2C he will cry his eyes out.,7,true_factive,notpif,3,11401,12737,29,2
635441,21,femmina,destrimana/o,italiano,PSICOLOGIA,No,e,A,Non so se la rana abbia strappato il biglietto di auguri%2C ma se il panda pensa che l'abbia strappato%2C si metterà a piangere.,I don't know whether the frog tore up the birthday card%2C but if the panda thinks that he did%2C he will start to cry.,20,non_factive,dontknowwhether,7,6243,9660,31,2
635441,21,femmina,destrimana/o,italiano,PSICOLOGIA,No,e,A,La papera non ha perso l'aquilone%2C ma se il panda è arrabbiato che l'abbia perso%2C le getterà gli occhiali da sole in mare.,The duck didn't lose the kite%2C but if the panda is angry that she did%2C he will hurl her sunglasses in the sea.,1,true_factive,notpif,3,26748,29022,32,2
635441,21,femmina,destrimana/o,italiano,PSICOLOGIA,No,e,A,La papera non ha sporcato nulla%2C ma se ha sporcato anche il tappeto%2C il panda non la inviterà più a casa sua.,The duck didn't dirty anything%2C but if she dirtied the carpet too%2C the panda won't invite her anymore.,27,too,notpif,3,8631,11232,33,2
635441,21,femmina,destrimana/o,italiano,PSICOLOGIA,No,e,A,Non so se la rana abbia mai rovesciato la bottiglia d'olio%2C ma se l'ha rovesciata di nuovo ieri%2C la paperà le farà pulire tutta la cucina.,I don't know whether the frog has ever knocked over the oil bottle%2C but if she knocked it over again yesterday%2C the duck will make her clean the entire kitchen.,32,again,dontknowwhether,3,18797,20726,34,2
635441,21,femmina,destrimana/o,italiano,PSICOLOGIA,No,e,A,Non so se la papera abbia rotto il vasetto di miele%2C ma se il panda si rende conto che l'ha rotto%2C le terrà il broncio.,I don't know whether the duck broke the honey jar%2C but if the panda realizes that she did%2C he will pout.,14,semi_factive,dontknowwhether,7,9711,10869,37,2
635441,21,femmina,destrimana/o,italiano,PSICOLOGIA,No,e,A,Il panda non ha fatto morire le rose%2C ma la papera è arrabbiata che le abbia fatte morire. ,I don't know if the panda made the roses die%2C but the duck is angry that he made them die.,33,true_factive,dontknowwhetherand,3,7153,8528,40,2
635441,21,femmina,destrimana/o,italiano,PSICOLOGIA,No,e,A,La rana non ha strisciato la finestra in soffitta%2C ma la papera è arrabbiata che l'abbia strisciata. ,I don't know if the frog crawled the attic window%2C but the duck is angry that he crawled it.,36,true_factive,dontknowwhetherand,5,10749,11817,42,2
635441,21,femmina,destrimana/o,italiano,PSICOLOGIA,No,e,A,Il panda non ha spaccato il trenino%2C ma se la papera crede che l'abbia spaccato%2C gli ruberà il quaderno da colorare. ,The panda didn't break the model train%2C but if the duck believes that he did%2C she will steal his coloring book.,21,non_factive,notpif,7,7727,9312,43,2
635441,21,femmina,destrimana/o,italiano,PSICOLOGIA,No,e,A,La rana non ha spaccato le automobiline%2C ma il panda%2C dopo averle esaminate%2C ha capito che la rana le ha spaccate.,I don't know if the frog broke the toy train%2C but the panda%2C after examining it%2C realized that the frog broke it.,41,semi_factive,dontknowwhetherand,5,7271,8452,44,2
635441,21,femmina,destrimana/o,italiano,PSICOLOGIA,No,e,A,La papera non ha modificato la ricetta della torta%2C ma la rana%2C dopo averla riletta%2C si è resa conto che la papera l'ha modificata.,I don't know whether the duck changed the cake recipe%2C but the frog%2C after re-reading it%2C realized that the duck changed it.,45,semi_factive,dontknowwhetherand,4,12672,13985,48,2
635441,21,femmina,destrimana/o,italiano,PSICOLOGIA,No,e,A,Non so se il panda abbia letto il diario segreto%2C ma se la rana si rende conto che l'ha letto%2C considererà la loro amicizia rovinata.,I don't know whether the panda read the diary%2C but if the frog realizes that he did%2C he will consider their friendship ruined.,16,semi_factive,dontknowwhether,7,23956,25555,52,3
635441,21,femmina,destrimana/o,italiano,PSICOLOGIA,No,e,A,Il panda non ha danneggiato il microfono%2C ma se la rana è arrabbiata che l'abbia danneggiato%2C lo escluderà dalla serata di karaoke. ,The panda didn't damage the mic%2C but if the frog is angry that he did%2C he will uninvite him from karaoke night.,3,true_factive,notpif,2,11071,12617,53,3
635441,21,femmina,destrimana/o,italiano,PSICOLOGIA,No,e,A,Il panda non ha piegato le lancette dell'orologio%2C ma se la rana si rende conto che le ha piegate%2C gli urlerà contro.,The panda didn't bend the hands of the clock%2C but if the frog realizes that he did%2C he will shout at him.,13,semi_factive,notpif,4,7801,8614,54,3
635441,21,femmina,destrimana/o,italiano,PSICOLOGIA,No,e,A,Non so se il panda abbia calpestato le margherite%2C ma se la rana crede che le abbia calpestate%2C preparerà dei gavettoni per punirlo.,I don't know whether the panda trampled the daisies%2C but if the frog believes that he did%2C he will prepare water balloons to punish him.,22,non_factive,dontknowwhether,7,9677,11364,55,3
635441,21,femmina,destrimana/o,italiano,PSICOLOGIA,No,e,A,Non so se il panda abbia bucato il pallone da calcio%2C ma se la rana è arrabbiata che l'abbia bucato%2C gli verserà del latte sul computer.,I don't know whether the panda punctured the football%2C but if the frog is angry that he did%2C he will pour milk over his laptop.,2,true_factive,dontknowwhether,7,11471,13916,58,3
635441,21,femmina,destrimana/o,italiano,PSICOLOGIA,No,e,A,Non so se la papera abbia imbrattato il muro%2C ma se il panda crede che l'abbia imbrattato%2C le nasconderà tutti i pennarelli.,I don't know whether the duck painted the wall%2C but if the panda believes that she did%2C he will hide all of her crayons.,24,non_factive,dontknowwhether,7,4312,5812,60,3
635441,21,femmina,destrimana/o,italiano,PSICOLOGIA,No,e,A,Il panda non ha sottratto nulla alla rana%2C ma se le ha sottratto anche il cappello%2C la rana gli strapperà il costume da bagno.,The panda didn't steal anything from the frog%2C but if he stole her hat too%2C the frog will rip his bathing suit.,25,too,notpif,3,7410,8541,61,3
635441,21,femmina,destrimana/o,italiano,PSICOLOGIA,No,e,A,La rana non ha nascosto i pennarelli%2C ma se la papera capisce che li ha nascosti%2C le sotterrerà le figurine in giardino.,The frog didn't hide the crayons%2C but if the duck understands that he did%2C she bury his favorite figurines in the yard.,11,semi_factive,notpif,4,6810,8887,62,3
635441,21,femmina,destrimana/o,italiano,PSICOLOGIA,No,e,A,La rana non ha finito la limonata%2C ma se la papera crede che l'abbia finita%2C andrà a comprare dei limoni.,The frog didn't finish the lemonade%2C but if the duck believes that he did%2C she will go buy lemons.,23,non_factive,notpif,7,6385,8076,66,3
635441,21,femmina,destrimana/o,italiano,PSICOLOGIA,No,e,A,Non so se il panda abbia rotto qualcosa%2C ma se ha rotto anche il vaso di porcellana%2C la rana andrà su tutte le furie.,I don't know whether the panda broke anything%2C but if he broke the porcelaine vase too%2C the frog will flare up.,28,too,dontknowwhether,3,5978,10386,70,3
635441,21,femmina,destrimana/o,italiano,PSICOLOGIA,No,e,A,La papera non ha gettato via le bambole di pezza%2C ma il panda è triste che le abbia gettate via. ,I don't know if the duck threw away the rag dolls%2C but the panda is sad that he threw them away.,37,true_factive,dontknowwhetherand,3,8956,9828,71,3
635441,21,femmina,destrimana/o,italiano,PSICOLOGIA,No,e,A,La rana non ha mai usato il giocattolo della papera%2C ma se l'ha usato di nuovo ieri%2C la papera le getterà tutti i disegni nel fango.,The frog has never used the duck's toy%2C but if she used it again yesterday%2C the duck will throw all her drawing in the mud.,29,again,notpif,2,7001,8555,73,4
635441,21,femmina,destrimana/o,italiano,PSICOLOGIA,No,e,A,Non so se la rana abbia squarciato l'orsacchiotto%2C ma se la papera è triste che l'abbia squarciato%2C le disegnerà sulla faccia con l'indelebile.,I don't know whether the frog cut open the teddy bear%2C but if the duck is sad that he did%2C she will draw on his face with sharpie.,6,true_factive,dontknowwhether,3,8720,10214,74,4
635441,21,femmina,destrimana/o,italiano,PSICOLOGIA,No,e,A,Non so se la rana abbia rovinato il puzzle%2C ma se il panda è arrabbiato che l'abbia rovinato%2C le butterà le scarpe fuori dalla finestra.,I don't know whether the frog ruined the puzzle%2C but if the panda is angry that he did%2C he will throw his shoes out of the window.,4,true_factive,dontknowwhether,3,7583,8527,75,4
635441,21,femmina,destrimana/o,italiano,PSICOLOGIA,No,e,B,La papera crede erroneamente che la rana abbia dato via il vestito da festa%2C ed è triste che l'abbia dato via. ,The duck mistakenly believes that the frog stole the party dress%2C and he is sad that he stole it.,39,true_factive,mistaken,7,8966,10210,77,4
635441,21,femmina,destrimana/o,italiano,PSICOLOGIA,No,e,B,La rana crede erroneamente che la papera abbia dimenticato la torta%2C ed è arrabbiata che l'abbia dimenticata. ,The frog mistakenly believes the duck forgot the cake%2C and is angry that he forgot it.,34,true_factive,mistaken,7,7030,8474,80,4
635441,21,femmina,destrimana/o,italiano,PSICOLOGIA,No,e,B,Il panda non ha forzato la serratura%2C ma la papera%2C dopo averla controllata%2C ha erroneamente capito che il panda l'ha forzata.,The panda did not pick the lock%2C but the duck%2C after checking it%2C mistakenly realized that the panda had picked it.,43,semi_factive,mistaken,7,5341,6242,82,4
635441,21,femmina,destrimana/o,italiano,PSICOLOGIA,No,e,B,La papera non ha smarrito la chiave della cantina%2C ma la rana%2C dopo averla cercata%2C ha erroneamente capito che la papera l'ha smarrita.,The duck did not misplace the house keys%2C but the frog%2C after looking for them%2C mistakenly realized that the duck misplaced them.,42,semi_factive,mistaken,7,6218,7429,87,4
635441,21,femmina,destrimana/o,italiano,PSICOLOGIA,No,e,B,La rana non ha copiato le risposte della verifica%2C ma il panda%2C dopo averle viste%2C si è erroneamente reso conto che la rana le ha copiate.,The frog did not copy the answers in the check%2C but the panda%2C after seeing them%2C mistakenly realized that the frog copied them.,47,semi_factive,mistaken,6,8259,9741,89,4
635441,21,femmina,destrimana/o,italiano,PSICOLOGIA,No,e,B,Il panda crede erroneamente che la rana abbia forzato la porta della cantina%2C ed è arrabbiato che l'abbia forzata. ,The panda mistakenly believes that the frog smashed the cellar door%2C and is angry that he smashed it.,35,true_factive,mistaken,7,6399,9128,92,4
635441,21,femmina,destrimana/o,italiano,PSICOLOGIA,No,e,B,Il panda non ha cambiato le regole del gioco di ruolo%2C ma la papera%2C dopo averle ripassate%2C si è erroneamente resa conto che il panda le ha cambiate.,The panda did not change the rules of the role-playing game%2C but the duck%2C after reviewing them%2C mistakenly realized that the panda changed them.,46,semi_factive,mistaken,6,10501,11550,94,4
635441,21,femmina,destrimana/o,italiano,PSICOLOGIA,No,e,B,La rana crede erroneamente che il panda abbia perduto l'album dei ricordi%2C ed è triste che l'abbia perduto. ,The frog mistakenly believes that the panda has lost the scrapbook%2C and he is sad that he has lost it.,38,true_factive,mistaken,7,12020,13906,95,4
367994,21,femmina,destrimana/o,italiano,Psicologia,No,f,A,Non so se la papera abbia smarrito il bracciale dell'amicizia%2C ma se la rana pensa che l'abbia smarrito%2C sarà molto delusa.,I don't know whether the duck lost the friendship bracelet%2C but if the frog thinks that she did%2C he will be very disappointed.,19,non_factive,dontknowwhether,7,18232,18914,3,1
367994,21,femmina,destrimana/o,italiano,Psicologia,No,f,A,La rana non ha dato via il vestito da festa%2C ma la papera è triste che l'abbia dato via. ,I don't know if the frog stole the party dress%2C but the duck is sad that he stole it.,39,true_factive,dontknowwhetherand,1,10113,43164,4,1
367994,21,femmina,destrimana/o,italiano,Psicologia,No,f,A,La papera non ha buttato via la cartolina%2C ma se il panda capisce che l'ha buttata via%2C non le parlerà mai più.,The duck didn't throw away the postcard%2C but if the panda understands that she did%2C he will not speak to her anymore.,10,semi_factive,notpif,1,14696,15710,5,1
367994,21,femmina,destrimana/o,italiano,Psicologia,No,f,A,Il panda non ha cambiato le regole del gioco di ruolo%2C ma la papera%2C dopo averle ripassate%2C si è resa conto che il panda le ha cambiate.,I don't know whether the panda changed the rules of the role-playing game%2C but the duck%2C after reviewing them%2C realized that the panda changed them.,46,semi_factive,dontknowwhetherand,1,7801,8415,6,1
367994,21,femmina,destrimana/o,italiano,Psicologia,No,f,A,Non so se il panda abbia sottratto qualcosa alla rana%2C ma se le ha sottratto anche il cappello%2C la rana gli strapperà il costume da bagno.,I don't know whether the panda stole anything from the frog%2C but if he stole her hat too%2C the frog will rip his bathing suit.,25,too,dontknowwhether,7,15718,16329,10,1
367994,21,femmina,destrimana/o,italiano,Psicologia,No,f,A,La rana non ha copiato le risposte della verifica%2C ma il panda%2C dopo averle viste%2C si è reso conto che la rana le ha copiate.,I don't know whether the frog copied the answers in the check%2C but the panda%2C after seeing them%2C realized that the frog copied them.,47,semi_factive,dontknowwhetherand,1,6784,7365,15,1
367994,21,femmina,destrimana/o,italiano,Psicologia,No,f,A,La papera non ha smarrito la chiave della cantina%2C ma la rana%2C dopo averla cercata%2C ha capito che la papera l'ha smarrita.,I don't know if the duck misplaced the house keys%2C but the frog%2C after looking for them%2C realized that the duck misplaced them.,42,semi_factive,dontknowwhetherand,1,5501,6066,17,1
367994,21,femmina,destrimana/o,italiano,Psicologia,No,f,A,Non so se la rana abbia finito la limonata%2C ma se la papera crede che l'abbia finita%2C andrà a comprare dei limoni.,I don't know whether the frog finished the lemonade%2C but if the duck believes that he did%2C she will go buy lemons.,23,non_factive,dontknowwhether,7,6651,7882,18,1
367994,21,femmina,destrimana/o,italiano,Psicologia,No,f,A,Non so se il panda abbia forato il gonfiabile%2C ma se la rana si rende conto che l'ha forato%2C lo dirà alla maestra.,I don't know whether the panda made a hole in the bouncy castle%2C but if the frog realizes that he did%2C he will tell the teacher.,15,semi_factive,dontknowwhether,7,7850,8396,19,1
367994,21,femmina,destrimana/o,italiano,Psicologia,No,f,A,Non so se la rana abbia truccato il mazzo di carte%2C ma se il panda capisce che l'ha truccato%2C la escluderà dal prossimo pigiama party. ,I don't know whether the frog manipulated the deck%2C but if the panda understands that she did%2C he will uninvite him from the next sleepover.,9,semi_factive,dontknowwhether,7,12385,12916,21,1
367994,21,femmina,destrimana/o,italiano,Psicologia,No,f,A,Non so se la rana abbia mai usato il giocattolo della papera%2C ma se l'ha usato di nuovo ieri%2C la papera le getterà tutti i disegni nel fango.,I don't know whether the frog has nver used the duck's toy%2C but if she used it again yesterday%2C the duck will throw all her drawing in the mud.,29,again,dontknowwhether,7,5585,6116,22,1
367994,21,femmina,destrimana/o,italiano,Psicologia,No,f,A,Il panda non ha bucato il pallone da calcio%2C ma se la rana è arrabbiata che l'abbia bucato%2C gli verserà del latte sul computer.,The panda didn't puncture the football%2C but if the frog is angry that he did%2C he will pour milk over his laptop.,2,true_factive,notpif,4,24002,24549,25,2
367994,21,femmina,destrimana/o,italiano,Psicologia,No,f,A,La rana non ha perduto nulla%2C ma se ha perduto anche le chiavi%2C la papera andrà nel panico.,The frog didn't lose anything%2C but if she lost the keys too%2C the duck will panic.,26,too,notpif,1,7282,7954,27,2
367994,21,femmina,destrimana/o,italiano,Psicologia,No,f,A,La rana non ha squarciato l'orsacchiotto%2C ma se la papera è triste che l'abbia squarciato%2C le disegnerà sulla faccia con l'indelebile.,The frog didn't cut open the teddy bear%2C but if the duck is sad that he did%2C she will draw on his face with sharpie.,6,true_factive,notpif,1,46662,47578,29,2
367994,21,femmina,destrimana/o,italiano,Psicologia,No,f,A,Non so se la papera abbia sporcato qualcosa%2C ma se ha sporcato anche il tappeto%2C il panda non la inviterà più a casa sua.,I don't know whether the duck dirtied anything%2C but if she dirtied the carpet too%2C the panda won't invite her anymore.,27,too,dontknowwhether,7,7981,8862,30,2
367994,21,femmina,destrimana/o,italiano,Psicologia,No,f,A,Il panda non ha letto il diario segreto%2C ma se la rana si rende conto che l'ha letto%2C considererà la loro amicizia rovinata.,The panda didn't read the diary%2C but if the frog realizes that he did%2C he will consider their friendship ruined.,16,semi_factive,notpif,2,8735,9548,31,2
367994,21,femmina,destrimana/o,italiano,Psicologia,No,f,A,Non so se il panda abbia piegato le lancette dell'orologio%2C ma se la rana si rende conto che le ha piegate%2C gli urlerà contro.,I don't know whether the panda bent the hands of the clock%2C but if the frog realizes that he did%2C he will shout at him.,13,semi_factive,dontknowwhether,7,6149,6682,36,2
367994,21,femmina,destrimana/o,italiano,Psicologia,No,f,A,Il panda non ha rubato il quaderno da colorare%2C ma se la papera è triste che l'abbia rubato%2C lo manderà via.,The panda didn't steal the coloring book%2C but if the duck is sad that he did%2C she will throw him out.,8,true_factive,notpif,1,5033,5683,37,2
367994,21,femmina,destrimana/o,italiano,Psicologia,No,f,A,Non so se la rana abbia nascosto i pennarelli%2C ma se la papera capisce che li ha nascosti%2C le sotterrerà le figurine in giardino.,I don't know whether the frog hid the crayons%2C but if the duck understands that he did%2C she bury his favorite figurines in the yard.,11,semi_factive,dontknowwhether,7,4799,5474,38,2
367994,21,femmina,destrimana/o,italiano,Psicologia,No,f,A,Non so se il panda abbia danneggiato il microfono%2C ma se la rana è arrabbiata che l'abbia danneggiato%2C lo escluderà dalla serata di karaoke. ,I don't know whether the panda damaged the mic%2C but if the frog is angry that he did%2C he will uninvite him from karaoke night.,3,true_factive,dontknowwhether,4,8424,11737,39,2
367994,21,femmina,destrimana/o,italiano,Psicologia,No,f,A,La rana non ha rovinato il puzzle%2C ma se il panda è arrabbiato che l'abbia rovinato%2C le butterà le scarpe fuori dalla finestra.,The frog didn't ruin the puzzle%2C but if the panda is angry that he did%2C he will throw his shoes out of the window.,4,true_factive,notpif,1,13134,13748,40,2
367994,21,femmina,destrimana/o,italiano,Psicologia,No,f,A,La rana non ha strappato il biglietto di auguri%2C ma se il panda pensa che l'abbia strappato%2C si metterà a piangere.,The frog didn't tear up the birthday card%2C but if the panda thinks that he did%2C he will start to cry.,20,non_factive,notpif,7,4605,5086,41,2
367994,21,femmina,destrimana/o,italiano,Psicologia,No,f,A,Il panda non ha perduto l'album dei ricordi%2C ma la rana è triste che l'abbia perduto. ,I don't know if the panda lost the scrapbook%2C but the frog is sad that he lost it.,38,true_factive,dontknowwhetherand,1,4866,5449,43,2
367994,21,femmina,destrimana/o,italiano,Psicologia,No,f,A,Non so se la papera abbia preso il voto massimo%2C ma se la rana pensa che l'abbia preso%2C sarà gelosa.,I don't know whether the duck got the top grade%2C but if the frog thinks that she did%2C he will be jealous.,17,non_factive,dontknowwhether,7,5169,5633,46,2
367994,21,femmina,destrimana/o,italiano,Psicologia,No,f,A,La rana non ha forzato la porta della cantina%2C ma il panda è arrabbiato che l'abbia forzata. ,I don't know if the frog smashed the cellar door%2C but the panda is angry that he smashed it.,35,true_factive,dontknowwhetherand,1,6346,6929,50,3
367994,21,femmina,destrimana/o,italiano,Psicologia,No,f,A,La rana non ha dimenticato il compleanno della papera%2C ma se la papera pensa che l'abbia dimenticato%2C nasconderà il diario dell'amicizia nel bosco.,The frog didn't forget the duck's birthday%2C but if the duck thinks that he did%2C she will hide the friendship book in the wood.,18,non_factive,notpif,7,5118,5766,53,3
367994,21,femmina,destrimana/o,italiano,Psicologia,No,f,A,Non so se la papera abbia perso l'aquilone%2C ma se il panda è arrabbiato che l'abbia perso%2C le getterà gli occhiali da sole in mare.,I don't know whether the duck lost the kite%2C but if the panda is angry that she did%2C he will hurl her sunglasses in the sea.,1,true_factive,dontknowwhether,5,8019,8899,55,3
367994,21,femmina,destrimana/o,italiano,Psicologia,No,f,A,La papera non ha dimenticato la torta%2C ma la rana è arrabbiata che l'abbia dimenticata. ,I don't know if the duck forgot the cake%2C but the frog is angry that he forgot it.,34,true_factive,dontknowwhetherand,1,5135,5715,56,3
367994,21,femmina,destrimana/o,italiano,Psicologia,No,f,A,Non so se il panda abbia mai offeso la rana%2C ma se l'ha offesa di nuovo ieri%2C la rana lo prenderà in giro davanti a tutti.,I don't know whether the panda has ever offended the frog%2C but if he offended her again yesterday%2C the frog will make fun of him in font of everybody.,31,again,dontknowwhether,7,5184,5615,57,3
367994,21,femmina,destrimana/o,italiano,Psicologia,No,f,A,La papera non ha tagliuzzato il poster%2C ma se il panda capisce che l'ha tagliuzzato%2C le verserà del succo nello zaino.,The duck didn't cut the poster%2C but if the panda understands that she did%2C he will pour juice into her backpack.,12,semi_factive,notpif,1,4668,5265,61,3
367994,21,femmina,destrimana/o,italiano,Psicologia,No,f,A,La papera non ha rotto il vasetto di miele%2C ma se il panda si rende conto che l'ha rotto%2C le terrà il broncio., The duck didn't break the honey jar%2C but if the panda realizes that she did%2C he will pout.,14,semi_factive,notpif,1,4552,5115,62,3
367994,21,femmina,destrimana/o,italiano,Psicologia,No,f,A,Non so se il panda abbia spaccato il trenino%2C ma se la papera crede che l'abbia spaccato%2C gli ruberà il quaderno da colorare. ,I don't know whether the panda broke the model train%2C but if the duck believes that he did%2C she will steal his coloring book.,21,non_factive,dontknowwhether,7,4271,4768,63,3
367994,21,femmina,destrimana/o,italiano,Psicologia,No,f,A,Non so se il panda abbia bruciato l'album di foto%2C ma se la rana è triste che l'abbia bruciato%2C piangerà a dirotto.,I don't know whether the panda burned the photo album%2C but if the frog is sad that he did%2C he will cry his eyes out.,7,true_factive,dontknowwhether,4,7653,8215,64,3
367994,21,femmina,destrimana/o,italiano,Psicologia,No,f,A,La papera non ha mai bruciato il pane%2C ma se l'ha bruciato di nuovo ieri%2C il panda non farà più colazione con lei.,The duck has never burnt the bread%2C but if she burnt it again yesterday%2C the panda won't have breakfast with her anymore.,30,again,notpif,1,6350,6916,65,3
367994,21,femmina,destrimana/o,italiano,Psicologia,No,f,A,La rana non ha mai rovesciato la bottiglia d'olio%2C ma se l'ha rovesciata di nuovo ieri%2C la paperà le farà pulire tutta la cucina.,The frog has never knocked over the oil bottle%2C but if she knocked it over again yesterday%2C the duck will make her clean the entire kitchen.,32,again,notpif,1,5206,7201,66,3
367994,21,femmina,destrimana/o,italiano,Psicologia,No,f,A,Il panda non ha forzato la serratura%2C ma la papera%2C dopo averla controllata%2C ha capito che il panda l'ha forzata.,I don't know if the panda picked the lock%2C but the duck%2C after checking it%2C realized that the panda picked it.,43,semi_factive,dontknowwhetherand,1,8567,9084,69,3
367994,21,femmina,destrimana/o,italiano,Psicologia,No,f,A,Il panda non ha calpestato le margherite%2C ma se la rana crede che le abbia calpestate%2C preparerà dei gavettoni per punirlo.,The panda didn't trample the daisies%2C but if the frog believes that he did%2C he will prepare water balloons to punish him.,22,non_factive,notpif,7,5317,5799,70,3
367994,21,femmina,destrimana/o,italiano,Psicologia,No,f,A,La papera non ha imbrattato il muro%2C ma se il panda crede che l'abbia imbrattato%2C le nasconderà tutti i pennarelli.,The duck didn't paint the wall%2C but if the panda believes that she did%2C he will hide all of her crayons.,24,non_factive,notpif,7,4367,4849,71,3
367994,21,femmina,destrimana/o,italiano,Psicologia,No,f,A,Non so se la papera abbia distrutto il castello di sabbia%2C ma se il panda è triste che l'abbia distrutto%2C piangerà per tutto il giorno.,I don't know whether the duck destroyed the sand castle%2C but if the panda is sad that she did%2C he will cry all day.,5,true_factive,dontknowwhether,5,7949,8332,72,3
367994,21,femmina,destrimana/o,italiano,Psicologia,No,f,A,Il panda non ha rotto nulla%2C ma se ha rotto anche il vaso di porcellana%2C la rana andrà su tutte le furie.,The panda didn't break anything%2C but if he broke the porcelaine vase too%2C the frog will flare up.,28,too,notpif,1,6918,7446,74,4
367994,21,femmina,destrimana/o,italiano,Psicologia,No,f,B,La rana non ha spaccato le automobiline%2C ma il panda%2C dopo averle esaminate%2C ha erroneamente capito che la rana le ha spaccate.,The frog did not break the toy train%2C but the panda%2C after examining it%2C mistakenly realizes that the frog broke it.,41,semi_factive,mistaken,7,12862,14492,76,4
367994,21,femmina,destrimana/o,italiano,Psicologia,No,f,B,Il panda crede erroneamente che la papera abbia gettato via le bambole di pezza%2C ed è triste che le abbia gettate via. ,The panda mistakenly believes that the duck threw away the rag dolls%2C and is sad that he threw them away.,37,true_factive,mistaken,7,9281,9763,77,4
367994,21,femmina,destrimana/o,italiano,Psicologia,No,f,B,La papera crede erroneamente che la rana abbia strisciato la finestra in soffitta%2C ed è arrabbiata che l'abbia strisciata. ,The duck mistakenly believes the frog crawled through the attic window%2C and is angry that he crawled through it.,36,true_factive,mistaken,7,6967,8984,78,4
367994,21,femmina,destrimana/o,italiano,Psicologia,No,f,B,La rana non ha truccato la macchinina telecomandata%2C ma il panda%2C dopo averla usata%2C ha erroneamente capito che la rana l'ha truccata.,The frog did not rig the remote control car%2C but the panda%2C after using it%2C mistakenly realized that the frog rigged it.,44,semi_factive,mistaken,7,4568,5114,80,4
367994,21,femmina,destrimana/o,italiano,Psicologia,No,f,B,Il panda crede erroneamente che la papera abbia mollato il corso di nuoto%2C ed è triste che l'abbia mollato. ,The panda mistakenly believes that the duck dropped out of swimming class%2C and he is sad that he dropped out.,40,true_factive,mistaken,7,4837,5635,83,4
367994,21,femmina,destrimana/o,italiano,Psicologia,No,f,B,La papera non ha modificato la ricetta della torta%2C ma la rana%2C dopo averla riletta%2C si è erroneamente resa conto che la papera l'ha modificata.,The duck did not change the cake recipe%2C but the frog%2C after re-reading it%2C mistakenly realized that the duck changed it.,45,semi_factive,mistaken,7,12069,14565,91,4
367994,21,femmina,destrimana/o,italiano,Psicologia,No,f,B,La papera crede erroneamente che il panda abbia fatto morire le rose%2C ed è arrabbiata che le abbia fatte morire. ,The duck mistakenly believes that the panda made the roses die%2C and is angry that he made them die.,33,true_factive,mistaken,7,6634,7197,94,4
367994,21,femmina,destrimana/o,italiano,Psicologia,No,f,B,La papera non ha potato la siepe%2C ma la rana%2C dopo averla innaffiata%2C si è erroneamente resa conto che la papera l'ha potata.,The duck did not prune the hedge%2C but the frog%2C after watering it%2C mistakenly realized that the duck pruned it.,48,semi_factive,mistaken,7,8403,9082,96,4
925915,19,maschio,destrimana/o,italiano,Psicologia,Sì,f,A,Il panda non ha rubato il quaderno da colorare%2C ma se la papera è triste che l'abbia rubato%2C lo manderà via.,The panda didn't steal the coloring book%2C but if the duck is sad that he did%2C she will throw him out.,8,true_factive,notpif,5,10792,11689,2,1
925915,19,maschio,destrimana/o,italiano,Psicologia,Sì,f,A,La papera non ha rotto il vasetto di miele%2C ma se il panda si rende conto che l'ha rotto%2C le terrà il broncio., The duck didn't break the honey jar%2C but if the panda realizes that she did%2C he will pout.,14,semi_factive,notpif,3,10750,12520,3,1
925915,19,maschio,destrimana/o,italiano,Psicologia,Sì,f,A,La papera non ha dimenticato la torta%2C ma la rana è arrabbiata che l'abbia dimenticata. ,I don't know if the duck forgot the cake%2C but the frog is angry that he forgot it.,34,true_factive,dontknowwhetherand,1,5006,5739,6,1
925915,19,maschio,destrimana/o,italiano,Psicologia,Sì,f,A,Non so se la papera abbia preso il voto massimo%2C ma se la rana pensa che l'abbia preso%2C sarà gelosa.,I don't know whether the duck got the top grade%2C but if the frog thinks that she did%2C he will be jealous.,17,non_factive,dontknowwhether,3,7669,8569,11,1
925915,19,maschio,destrimana/o,italiano,Psicologia,Sì,f,A,Non so se la rana abbia truccato il mazzo di carte%2C ma se il panda capisce che l'ha truccato%2C la escluderà dal prossimo pigiama party. ,I don't know whether the frog manipulated the deck%2C but if the panda understands that she did%2C he will uninvite him from the next sleepover.,9,semi_factive,dontknowwhether,4,11021,11697,12,1
925915,19,maschio,destrimana/o,italiano,Psicologia,Sì,f,A,Non so se il panda abbia bruciato l'album di foto%2C ma se la rana è triste che l'abbia bruciato%2C piangerà a dirotto.,I don't know whether the panda burned the photo album%2C but if the frog is sad that he did%2C he will cry his eyes out.,7,true_factive,dontknowwhether,2,7272,8211,13,1
925915,19,maschio,destrimana/o,italiano,Psicologia,Sì,f,A,La papera non ha mai bruciato il pane%2C ma se l'ha bruciato di nuovo ieri%2C il panda non farà più colazione con lei.,The duck has never burnt the bread%2C but if she burnt it again yesterday%2C the panda won't have breakfast with her anymore.,30,again,notpif,1,6141,6937,14,1
925915,19,maschio,destrimana/o,italiano,Psicologia,Sì,f,A,Il panda non ha letto il diario segreto%2C ma se la rana si rende conto che l'ha letto%2C considererà la loro amicizia rovinata.,The panda didn't read the diary%2C but if the frog realizes that he did%2C he will consider their friendship ruined.,16,semi_factive,notpif,1,6774,7649,17,1
925915,19,maschio,destrimana/o,italiano,Psicologia,Sì,f,A,Non so se la papera abbia distrutto il castello di sabbia%2C ma se il panda è triste che l'abbia distrutto%2C piangerà per tutto il giorno.,I don't know whether the duck destroyed the sand castle%2C but if the panda is sad that she did%2C he will cry all day.,5,true_factive,dontknowwhether,6,4077,5054,19,1
925915,19,maschio,destrimana/o,italiano,Psicologia,Sì,f,A,Non so se il panda abbia forato il gonfiabile%2C ma se la rana si rende conto che l'ha forato%2C lo dirà alla maestra.,I don't know whether the panda made a hole in the bouncy castle%2C but if the frog realizes that he did%2C he will tell the teacher.,15,semi_factive,dontknowwhether,6,4550,5553,20,1
925915,19,maschio,destrimana/o,italiano,Psicologia,Sì,f,A,Non so se il panda abbia mai offeso la rana%2C ma se l'ha offesa di nuovo ieri%2C la rana lo prenderà in giro davanti a tutti.,I don't know whether the panda has ever offended the frog%2C but if he offended her again yesterday%2C the frog will make fun of him in font of everybody.,31,again,dontknowwhether,1,5283,6477,23,1
925915,19,maschio,destrimana/o,italiano,Psicologia,Sì,f,A,Il panda non ha calpestato le margherite%2C ma se la rana crede che le abbia calpestate%2C preparerà dei gavettoni per punirlo.,The panda didn't trample the daisies%2C but if the frog believes that he did%2C he will prepare water balloons to punish him.,22,non_factive,notpif,5,6015,6890,25,2
925915,19,maschio,destrimana/o,italiano,Psicologia,Sì,f,A,La rana non ha mai rovesciato la bottiglia d'olio%2C ma se l'ha rovesciata di nuovo ieri%2C la paperà le farà pulire tutta la cucina.,The frog has never knocked over the oil bottle%2C but if she knocked it over again yesterday%2C the duck will make her clean the entire kitchen.,32,again,notpif,1,7289,8509,27,2
925915,19,maschio,destrimana/o,italiano,Psicologia,Sì,f,A,La rana non ha dato via il vestito da festa%2C ma la papera è triste che l'abbia dato via. ,I don't know if the frog stole the party dress%2C but the duck is sad that he stole it.,39,true_factive,dontknowwhetherand,1,8314,10030,31,2
925915,19,maschio,destrimana/o,italiano,Psicologia,Sì,f,A,Non so se la rana abbia mai usato il giocattolo della papera%2C ma se l'ha usato di nuovo ieri%2C la papera le getterà tutti i disegni nel fango.,I don't know whether the frog has nver used the duck's toy%2C but if she used it again yesterday%2C the duck will throw all her drawing in the mud.,29,again,dontknowwhether,5,4056,4867,32,2
925915,19,maschio,destrimana/o,italiano,Psicologia,Sì,f,A,Non so se la papera abbia perso l'aquilone%2C ma se il panda è arrabbiato che l'abbia perso%2C le getterà gli occhiali da sole in mare.,I don't know whether the duck lost the kite%2C but if the panda is angry that she did%2C he will hurl her sunglasses in the sea.,1,true_factive,dontknowwhether,2,1075,6677,35,2
925915,19,maschio,destrimana/o,italiano,Psicologia,Sì,f,A,La rana non ha squarciato l'orsacchiotto%2C ma se la papera è triste che l'abbia squarciato%2C le disegnerà sulla faccia con l'indelebile.,The frog didn't cut open the teddy bear%2C but if the duck is sad that he did%2C she will draw on his face with sharpie.,6,true_factive,notpif,5,1332,2205,36,2
925915,19,maschio,destrimana/o,italiano,Psicologia,Sì,f,A,Non so se la papera abbia smarrito il bracciale dell'amicizia%2C ma se la rana pensa che l'abbia smarrito%2C sarà molto delusa.,I don't know whether the duck lost the friendship bracelet%2C but if the frog thinks that she did%2C he will be very disappointed.,19,non_factive,dontknowwhether,6,5668,6432,37,2
925915,19,maschio,destrimana/o,italiano,Psicologia,Sì,f,A,Il panda non ha forzato la serratura%2C ma la papera%2C dopo averla controllata%2C ha capito che il panda l'ha forzata.,I don't know if the panda picked the lock%2C but the duck%2C after checking it%2C realized that the panda picked it.,43,semi_factive,dontknowwhetherand,1,1959,3416,38,2
925915,19,maschio,destrimana/o,italiano,Psicologia,Sì,f,A,Il panda non ha perduto l'album dei ricordi%2C ma la rana è triste che l'abbia perduto. ,I don't know if the panda lost the scrapbook%2C but the frog is sad that he lost it.,38,true_factive,dontknowwhetherand,5,818,1559,39,2
925915,19,maschio,destrimana/o,italiano,Psicologia,Sì,f,A,La rana non ha forzato la porta della cantina%2C ma il panda è arrabbiato che l'abbia forzata. ,I don't know if the frog smashed the cellar door%2C but the panda is angry that he smashed it.,35,true_factive,dontknowwhetherand,5,1067,2713,41,2
925915,19,maschio,destrimana/o,italiano,Psicologia,Sì,f,A,La papera non ha imbrattato il muro%2C ma se il panda crede che l'abbia imbrattato%2C le nasconderà tutti i pennarelli.,The duck didn't paint the wall%2C but if the panda believes that she did%2C he will hide all of her crayons.,24,non_factive,notpif,3,4473,5483,42,2
925915,19,maschio,destrimana/o,italiano,Psicologia,Sì,f,A,La rana non ha dimenticato il compleanno della papera%2C ma se la papera pensa che l'abbia dimenticato%2C nasconderà il diario dell'amicizia nel bosco.,The frog didn't forget the duck's birthday%2C but if the duck thinks that he did%2C she will hide the friendship book in the wood.,18,non_factive,notpif,2,797,1983,44,2
925915,19,maschio,destrimana/o,italiano,Psicologia,Sì,f,A,Il panda non ha bucato il pallone da calcio%2C ma se la rana è arrabbiata che l'abbia bucato%2C gli verserà del latte sul computer.,The panda didn't puncture the football%2C but if the frog is angry that he did%2C he will pour milk over his laptop.,2,true_factive,notpif,6,894,5103,45,2
925915,19,maschio,destrimana/o,italiano,Psicologia,Sì,f,A,Non so se la rana abbia finito la limonata%2C ma se la papera crede che l'abbia finita%2C andrà a comprare dei limoni.,I don't know whether the frog finished the lemonade%2C but if the duck believes that he did%2C she will go buy lemons.,23,non_factive,dontknowwhether,7,5149,5889,49,3
925915,19,maschio,destrimana/o,italiano,Psicologia,Sì,f,A,Il panda non ha rotto nulla%2C ma se ha rotto anche il vaso di porcellana%2C la rana andrà su tutte le furie.,The panda didn't break anything%2C but if he broke the porcelaine vase too%2C the frog will flare up.,28,too,notpif,1,3042,3814,50,3
925915,19,maschio,destrimana/o,italiano,Psicologia,Sì,f,A,La rana non ha strappato il biglietto di auguri%2C ma se il panda pensa che l'abbia strappato%2C si metterà a piangere.,The frog didn't tear up the birthday card%2C but if the panda thinks that he did%2C he will start to cry.,20,non_factive,notpif,7,3954,4631,51,3
925915,19,maschio,destrimana/o,italiano,Psicologia,Sì,f,A,Non so se la papera abbia sporcato qualcosa%2C ma se ha sporcato anche il tappeto%2C il panda non la inviterà più a casa sua.,I don't know whether the duck dirtied anything%2C but if she dirtied the carpet too%2C the panda won't invite her anymore.,27,too,dontknowwhether,6,7129,8427,52,3
925915,19,maschio,destrimana/o,italiano,Psicologia,Sì,f,A,La papera non ha buttato via la cartolina%2C ma se il panda capisce che l'ha buttata via%2C non le parlerà mai più.,The duck didn't throw away the postcard%2C but if the panda understands that she did%2C he will not speak to her anymore.,10,semi_factive,notpif,5,3196,3913,57,3
925915,19,maschio,destrimana/o,italiano,Psicologia,Sì,f,A,La papera non ha tagliuzzato il poster%2C ma se il panda capisce che l'ha tagliuzzato%2C le verserà del succo nello zaino.,The duck didn't cut the poster%2C but if the panda understands that she did%2C he will pour juice into her backpack.,12,semi_factive,notpif,2,2658,3428,58,3
925915,19,maschio,destrimana/o,italiano,Psicologia,Sì,f,A,La rana non ha rovinato il puzzle%2C ma se il panda è arrabbiato che l'abbia rovinato%2C le butterà le scarpe fuori dalla finestra.,The frog didn't ruin the puzzle%2C but if the panda is angry that he did%2C he will throw his shoes out of the window.,4,true_factive,notpif,5,2976,3557,59,3
925915,19,maschio,destrimana/o,italiano,Psicologia,Sì,f,A,Non so se la rana abbia nascosto i pennarelli%2C ma se la papera capisce che li ha nascosti%2C le sotterrerà le figurine in giardino.,I don't know whether the frog hid the crayons%2C but if the duck understands that he did%2C she bury his favorite figurines in the yard.,11,semi_factive,dontknowwhether,6,4161,5665,61,3
925915,19,maschio,destrimana/o,italiano,Psicologia,Sì,f,A,La papera non ha smarrito la chiave della cantina%2C ma la rana%2C dopo averla cercata%2C ha capito che la papera l'ha smarrita.,I don't know if the duck misplaced the house keys%2C but the frog%2C after looking for them%2C realized that the duck misplaced them.,42,semi_factive,dontknowwhetherand,5,5036,5871,62,3
925915,19,maschio,destrimana/o,italiano,Psicologia,Sì,f,A,Non so se il panda abbia sottratto qualcosa alla rana%2C ma se le ha sottratto anche il cappello%2C la rana gli strapperà il costume da bagno.,I don't know whether the panda stole anything from the frog%2C but if he stole her hat too%2C the frog will rip his bathing suit.,25,too,dontknowwhether,5,6621,7329,63,3
925915,19,maschio,destrimana/o,italiano,Psicologia,Sì,f,A,La rana non ha copiato le risposte della verifica%2C ma il panda%2C dopo averle viste%2C si è reso conto che la rana le ha copiate.,I don't know whether the frog copied the answers in the check%2C but the panda%2C after seeing them%2C realized that the frog copied them.,47,semi_factive,dontknowwhetherand,7,5983,6691,66,3
925915,19,maschio,destrimana/o,italiano,Psicologia,Sì,f,A,Il panda non ha cambiato le regole del gioco di ruolo%2C ma la papera%2C dopo averle ripassate%2C si è resa conto che il panda le ha cambiate.,I don't know whether the panda changed the rules of the role-playing game%2C but the duck%2C after reviewing them%2C realized that the panda changed them.,46,semi_factive,dontknowwhetherand,7,3636,5315,71,3
925915,19,maschio,destrimana/o,italiano,Psicologia,Sì,f,A,Non so se il panda abbia spaccato il trenino%2C ma se la papera crede che l'abbia spaccato%2C gli ruberà il quaderno da colorare. ,I don't know whether the panda broke the model train%2C but if the duck believes that he did%2C she will steal his coloring book.,21,non_factive,dontknowwhether,6,2779,4060,72,3
925915,19,maschio,destrimana/o,italiano,Psicologia,Sì,f,A,Non so se il panda abbia danneggiato il microfono%2C ma se la rana è arrabbiata che l'abbia danneggiato%2C lo escluderà dalla serata di karaoke. ,I don't know whether the panda damaged the mic%2C but if the frog is angry that he did%2C he will uninvite him from karaoke night.,3,true_factive,dontknowwhether,7,4483,5350,73,4
925915,19,maschio,destrimana/o,italiano,Psicologia,Sì,f,A,Non so se il panda abbia piegato le lancette dell'orologio%2C ma se la rana si rende conto che le ha piegate%2C gli urlerà contro.,I don't know whether the panda bent the hands of the clock%2C but if the frog realizes that he did%2C he will shout at him.,13,semi_factive,dontknowwhether,7,5140,5714,74,4
925915,19,maschio,destrimana/o,italiano,Psicologia,Sì,f,A,La rana non ha perduto nulla%2C ma se ha perduto anche le chiavi%2C la papera andrà nel panico.,The frog didn't lose anything%2C but if she lost the keys too%2C the duck will panic.,26,too,notpif,1,6731,7488,75,4
925915,19,maschio,destrimana/o,italiano,Psicologia,Sì,f,B,La papera non ha potato la siepe%2C ma la rana%2C dopo averla innaffiata%2C si è erroneamente resa conto che la papera l'ha potata.,The duck did not prune the hedge%2C but the frog%2C after watering it%2C mistakenly realized that the duck pruned it.,48,semi_factive,mistaken,7,10456,12302,76,4
925915,19,maschio,destrimana/o,italiano,Psicologia,Sì,f,B,Il panda crede erroneamente che la papera abbia gettato via le bambole di pezza%2C ed è triste che le abbia gettate via. ,The panda mistakenly believes that the duck threw away the rag dolls%2C and is sad that he threw them away.,37,true_factive,mistaken,7,6766,8675,82,4
925915,19,maschio,destrimana/o,italiano,Psicologia,Sì,f,B,La rana non ha spaccato le automobiline%2C ma il panda%2C dopo averle esaminate%2C ha erroneamente capito che la rana le ha spaccate.,The frog did not break the toy train%2C but the panda%2C after examining it%2C mistakenly realizes that the frog broke it.,41,semi_factive,mistaken,7,8724,9496,86,4
925915,19,maschio,destrimana/o,italiano,Psicologia,Sì,f,B,Il panda crede erroneamente che la papera abbia mollato il corso di nuoto%2C ed è triste che l'abbia mollato. ,The panda mistakenly believes that the duck dropped out of swimming class%2C and he is sad that he dropped out.,40,true_factive,mistaken,7,5005,6391,89,4
925915,19,maschio,destrimana/o,italiano,Psicologia,Sì,f,B,La rana non ha truccato la macchinina telecomandata%2C ma il panda%2C dopo averla usata%2C ha erroneamente capito che la rana l'ha truccata.,The frog did not rig the remote control car%2C but the panda%2C after using it%2C mistakenly realized that the frog rigged it.,44,semi_factive,mistaken,7,7119,8020,90,4
925915,19,maschio,destrimana/o,italiano,Psicologia,Sì,f,B,La papera non ha modificato la ricetta della torta%2C ma la rana%2C dopo averla riletta%2C si è erroneamente resa conto che la papera l'ha modificata.,The duck did not change the cake recipe%2C but the frog%2C after re-reading it%2C mistakenly realized that the duck changed it.,45,semi_factive,mistaken,6,6731,7900,91,4
925915,19,maschio,destrimana/o,italiano,Psicologia,Sì,f,B,La papera crede erroneamente che il panda abbia fatto morire le rose%2C ed è arrabbiata che le abbia fatte morire. ,The duck mistakenly believes that the panda made the roses die%2C and is angry that he made them die.,33,true_factive,mistaken,7,3827,5165,95,4
925915,19,maschio,destrimana/o,italiano,Psicologia,Sì,f,B,La papera crede erroneamente che la rana abbia strisciato la finestra in soffitta%2C ed è arrabbiata che l'abbia strisciata. ,The duck mistakenly believes the frog crawled through the attic window%2C and is angry that he crawled through it.,36,true_factive,mistaken,7,4917,6412,96,4
485888,23,femmina,destrimana/o,italiano,Psicologia,No,c,A,La rana non ha spaccato le automobiline%2C ma il panda%2C dopo averle esaminate%2C ha capito che la rana le ha spaccate.,I don't know if the frog broke the toy train%2C but the panda%2C after examining it%2C realized that the frog broke it.,41,semi_factive,dontknowwhetherand,2,28062,29191,1,1
485888,23,femmina,destrimana/o,italiano,Psicologia,No,c,A,La rana non ha finito la limonata%2C ma se la papera crede che l'abbia finita%2C andrà a comprare dei limoni.,The frog didn't finish the lemonade%2C but if the duck believes that he did%2C she will go buy lemons.,23,non_factive,notpif,6,83942,84742,2,1
485888,23,femmina,destrimana/o,italiano,Psicologia,No,c,A,La rana non ha nascosto i pennarelli%2C ma se la papera capisce che li ha nascosti%2C le sotterrerà le figurine in giardino.,The frog didn't hide the crayons%2C but if the duck understands that he did%2C she bury his favorite figurines in the yard.,11,semi_factive,notpif,4,17894,35260,5,1
485888,23,femmina,destrimana/o,italiano,Psicologia,No,c,A,Non so se la rana abbia perduto qualcosa%2C ma se ha perduto anche le chiavi%2C la papera andrà nel panico.,I don't know whether the frog lost anything%2C but if she lost the keys too%2C the duck will panic.,26,too,dontknowwhether,5,44310,45192,6,1
485888,23,femmina,destrimana/o,italiano,Psicologia,No,c,A,Il panda non ha bruciato l'album di foto%2C ma se la rana è triste che l'abbia bruciato%2C piangerà a dirotto.,The panda didn't burn the photo album%2C but if the frog is sad that he did%2C he will cry his eyes out.,7,true_factive,notpif,2,16278,17879,8,1
485888,23,femmina,destrimana/o,italiano,Psicologia,No,c,A,Non so se la papera abbia mai bruciato il pane%2C ma se l'ha bruciato di nuovo ieri%2C il panda non farà più colazione con lei.,I don't know whether the duck has ever burnt the bread%2C but if she burnt it again yesterday%2C the panda won't have breakfast with her anymore.,30,again,dontknowwhether,2,7360,8144,9,1
485888,23,femmina,destrimana/o,italiano,Psicologia,No,c,A,Il panda non ha sottratto nulla alla rana%2C ma se le ha sottratto anche il cappello%2C la rana gli strapperà il costume da bagno.,The panda didn't steal anything from the frog%2C but if he stole her hat too%2C the frog will rip his bathing suit.,25,too,notpif,1,10394,11242,10,1
485888,23,femmina,destrimana/o,italiano,Psicologia,No,c,A,La rana non ha mai usato il giocattolo della papera%2C ma se l'ha usato di nuovo ieri%2C la papera le getterà tutti i disegni nel fango.,The frog has never used the duck's toy%2C but if she used it again yesterday%2C the duck will throw all her drawing in the mud.,29,again,notpif,1,9677,10759,12,1
485888,23,femmina,destrimana/o,italiano,Psicologia,No,c,A,Non so se la rana abbia rovinato il puzzle%2C ma se il panda è arrabbiato che l'abbia rovinato%2C le butterà le scarpe fuori dalla finestra.,I don't know whether the frog ruined the puzzle%2C but if the panda is angry that he did%2C he will throw his shoes out of the window.,4,true_factive,dontknowwhether,6,22195,23711,13,1
485888,23,femmina,destrimana/o,italiano,Psicologia,No,c,A,La papera non ha preso il voto massimo%2C ma se la rana pensa che l'abbia preso%2C sarà gelosa.,The duck didn't get the top grade%2C but if the frog thinks that she did%2C he will be jealous.,17,non_factive,notpif,7,9295,10010,14,1
485888,23,femmina,destrimana/o,italiano,Psicologia,No,c,A,La papera non ha potato la siepe%2C ma la rana%2C dopo averla innaffiata%2C si è resa conto che la papera l'ha potata.,I don't know whether the duck pruned the hedge%2C but the frog%2C after watering it%2C realized that the duck pruned it.,48,semi_factive,dontknowwhetherand,1,11511,12311,18,1
485888,23,femmina,destrimana/o,italiano,Psicologia,No,c,A,Non so se il panda abbia rubato il quaderno da colorare%2C ma se la papera è triste che l'abbia rubato%2C lo manderà via.,I don't know whether the panda stole the coloring book%2C but if the duck is sad that he did%2C she will throw him out.,8,true_factive,dontknowwhether,5,27126,27959,21,1
485888,23,femmina,destrimana/o,italiano,Psicologia,No,c,A,Non so se la rana abbia squarciato l'orsacchiotto%2C ma se la papera è triste che l'abbia squarciato%2C le disegnerà sulla faccia con l'indelebile.,I don't know whether the frog cut open the teddy bear%2C but if the duck is sad that he did%2C she will draw on his face with sharpie.,6,true_factive,dontknowwhether,5,6092,6827,23,1
485888,23,femmina,destrimana/o,italiano,Psicologia,No,c,A,Il panda non ha forato il gonfiabile%2C ma se la rana si rende conto che l'ha forato%2C lo dirà alla maestra.,The panda didn't make a hole in the bouncy castle%2C but if the frog realizes that he did%2C he will tell the teacher.,15,semi_factive,notpif,1,9326,10209,28,2
485888,23,femmina,destrimana/o,italiano,Psicologia,No,c,A,Non so se il panda abbia rotto qualcosa%2C ma se ha rotto anche il vaso di porcellana%2C la rana andrà su tutte le furie.,I don't know whether the panda broke anything%2C but if he broke the porcelaine vase too%2C the frog will flare up.,28,too,dontknowwhether,6,15927,19760,29,2
485888,23,femmina,destrimana/o,italiano,Psicologia,No,c,A,Non so se la rana abbia mai rovesciato la bottiglia d'olio%2C ma se l'ha rovesciata di nuovo ieri%2C la paperà le farà pulire tutta la cucina.,I don't know whether the frog has ever knocked over the oil bottle%2C but if she knocked it over again yesterday%2C the duck will make her clean the entire kitchen.,32,again,dontknowwhether,1,23210,29776,35,2
485888,23,femmina,destrimana/o,italiano,Psicologia,No,c,A,La papera non ha distrutto il castello di sabbia%2C ma se il panda è triste che l'abbia distrutto%2C piangerà per tutto il giorno.,The duck didn't destroy the sand castle%2C but if the panda is sad that she did%2C he will cry all day.,5,true_factive,notpif,4,13360,14043,36,2
485888,23,femmina,destrimana/o,italiano,Psicologia,No,c,A,Non so se la rana abbia strappato il biglietto di auguri%2C ma se il panda pensa che l'abbia strappato%2C si metterà a piangere.,I don't know whether the frog tore up the birthday card%2C but if the panda thinks that he did%2C he will start to cry.,20,non_factive,dontknowwhether,7,9229,10110,38,2
485888,23,femmina,destrimana/o,italiano,Psicologia,No,c,A,Il panda non ha fatto morire le rose%2C ma la papera è arrabbiata che le abbia fatte morire. ,I don't know if the panda made the roses die%2C but the duck is angry that he made them die.,33,true_factive,dontknowwhetherand,3,11410,12110,40,2
485888,23,femmina,destrimana/o,italiano,Psicologia,No,c,A,La papera non ha mollato il corso di nuoto%2C ma il panda è triste che l'abbia mollato. ,I don't know if the duck quit swimming class%2C but the panda is sad that he quit it.,40,true_factive,dontknowwhetherand,2,12000,12800,41,2
485888,23,femmina,destrimana/o,italiano,Psicologia,No,c,A,Il panda non ha piegato le lancette dell'orologio%2C ma se la rana si rende conto che le ha piegate%2C gli urlerà contro.,The panda didn't bend the hands of the clock%2C but if the frog realizes that he did%2C he will shout at him.,13,semi_factive,notpif,1,7195,8044,43,2
485888,23,femmina,destrimana/o,italiano,Psicologia,No,c,A,Il panda non ha danneggiato il microfono%2C ma se la rana è arrabbiata che l'abbia danneggiato%2C lo escluderà dalla serata di karaoke. ,The panda didn't damage the mic%2C but if the frog is angry that he did%2C he will uninvite him from karaoke night.,3,true_factive,notpif,4,10479,13379,44,2
485888,23,femmina,destrimana/o,italiano,Psicologia,No,c,A,La rana non ha truccato il mazzo di carte%2C ma se il panda capisce che l'ha truccato%2C la escluderà dal prossimo pigiama party. ,The frog didn't manipulate the deck%2C but if the panda understands that she did%2C he will uninvite him from the next sleepover.,9,semi_factive,notpif,1,14760,15692,46,2
485888,23,femmina,destrimana/o,italiano,Psicologia,No,c,A,Non so se il panda abbia bucato il pallone da calcio%2C ma se la rana è arrabbiata che l'abbia bucato%2C gli verserà del latte sul computer.,I don't know whether the panda punctured the football%2C but if the frog is angry that he did%2C he will pour milk over his laptop.,2,true_factive,dontknowwhether,6,13378,17827,47,2
485888,23,femmina,destrimana/o,italiano,Psicologia,No,c,A,Non so se il panda abbia calpestato le margherite%2C ma se la rana crede che le abbia calpestate%2C preparerà dei gavettoni per punirlo.,I don't know whether the panda trampled the daisies%2C but if the frog believes that he did%2C he will prepare water balloons to punish him.,22,non_factive,dontknowwhether,7,13112,14094,49,3
485888,23,femmina,destrimana/o,italiano,Psicologia,No,c,A,La papera non ha sporcato nulla%2C ma se ha sporcato anche il tappeto%2C il panda non la inviterà più a casa sua.,The duck didn't dirty anything%2C but if she dirtied the carpet too%2C the panda won't invite her anymore.,27,too,notpif,1,12761,14111,50,3
485888,23,femmina,destrimana/o,italiano,Psicologia,No,c,A,Non so se la papera abbia tagliuzzato il poster%2C ma se il panda capisce che l'ha tagliuzzato%2C le verserà del succo nello zaino.,I don't know whether the duck cut the poster%2C but if the panda understands that she did%2C he will pour juice into her backpack.,12,semi_factive,dontknowwhether,7,14377,15076,52,3
485888,23,femmina,destrimana/o,italiano,Psicologia,No,c,A,La rana non ha truccato la macchinina telecomandata%2C ma il panda%2C dopo averla usata%2C ha capito che la rana l'ha truccata.,I don't know whether the frog rigged the remote control car%2C but the panda%2C after using it%2C realized that the frog rigged it.,44,semi_factive,dontknowwhetherand,1,12677,13393,55,3
485888,23,femmina,destrimana/o,italiano,Psicologia,No,c,A,Non so se la papera abbia rotto il vasetto di miele%2C ma se il panda si rende conto che l'ha rotto%2C le terrà il broncio.,I don't know whether the duck broke the honey jar%2C but if the panda realizes that she did%2C he will pout.,14,semi_factive,dontknowwhether,6,7962,8595,59,3
485888,23,femmina,destrimana/o,italiano,Psicologia,No,c,A,La rana non ha strisciato la finestra in soffitta%2C ma la papera è arrabbiata che l'abbia strisciata. ,I don't know if the frog crawled the attic window%2C but the duck is angry that he crawled it.,36,true_factive,dontknowwhetherand,2,11645,12560,60,3
485888,23,femmina,destrimana/o,italiano,Psicologia,No,c,A,Non so se la papera abbia imbrattato il muro%2C ma se il panda crede che l'abbia imbrattato%2C le nasconderà tutti i pennarelli.,I don't know whether the duck painted the wall%2C but if the panda believes that she did%2C he will hide all of her crayons.,24,non_factive,dontknowwhether,7,6309,7342,62,3
485888,23,femmina,destrimana/o,italiano,Psicologia,No,c,A,Il panda non ha spaccato il trenino%2C ma se la papera crede che l'abbia spaccato%2C gli ruberà il quaderno da colorare. ,The panda didn't break the model train%2C but if the duck believes that he did%2C she will steal his coloring book.,21,non_factive,notpif,7,6677,9609,63,3
485888,23,femmina,destrimana/o,italiano,Psicologia,No,c,A,La papera non ha gettato via le bambole di pezza%2C ma il panda è triste che le abbia gettate via. ,I don't know if the duck threw away the rag dolls%2C but the panda is sad that he threw them away.,37,true_factive,dontknowwhetherand,2,11629,12411,64,3
485888,23,femmina,destrimana/o,italiano,Psicologia,No,c,A,Non so se il panda abbia letto il diario segreto%2C ma se la rana si rende conto che l'ha letto%2C considererà la loro amicizia rovinata.,I don't know whether the panda read the diary%2C but if the frog realizes that he did%2C he will consider their friendship ruined.,16,semi_factive,dontknowwhether,7,9127,11860,65,3
485888,23,femmina,destrimana/o,italiano,Psicologia,No,c,A,Non so se la rana abbia dimenticato il compleanno della papera%2C ma se la papera pensa che l'abbia dimenticato%2C nasconderà il diario dell'amicizia nel bosco.,I don't know whether the frog forgot the duck's birthday%2C but if the duck thinks that he did%2C she will hide the friendship book in the wood.,18,non_factive,dontknowwhether,6,24444,28476,66,3
485888,23,femmina,destrimana/o,italiano,Psicologia,No,c,A,La papera non ha perso l'aquilone%2C ma se il panda è arrabbiato che l'abbia perso%2C le getterà gli occhiali da sole in mare.,The duck didn't lose the kite%2C but if the panda is angry that she did%2C he will hurl her sunglasses in the sea.,1,true_factive,notpif,1,15612,16445,67,3
485888,23,femmina,destrimana/o,italiano,Psicologia,No,c,A,Il panda non ha mai offeso la rana%2C ma se l'ha offesa di nuovo ieri%2C la rana lo prenderà in giro davanti a tutti.,The panda has never offended the frog%2C but if he offended her again yesterday%2C the frog will make fun of him in font of everybody.,31,again,notpif,1,5065,5932,70,3
485888,23,femmina,destrimana/o,italiano,Psicologia,No,c,A,La papera non ha modificato la ricetta della torta%2C ma la rana%2C dopo averla riletta%2C si è resa conto che la papera l'ha modificata.,I don't know whether the duck changed the cake recipe%2C but the frog%2C after re-reading it%2C realized that the duck changed it.,45,semi_factive,dontknowwhetherand,1,9694,10511,71,3
485888,23,femmina,destrimana/o,italiano,Psicologia,No,c,A,La papera non ha smarrito il bracciale dell'amicizia%2C ma se la rana pensa che l'abbia smarrito%2C sarà molto delusa.,The duck didn't lose the friendship bracelet%2C but if the frog thinks that she did%2C he will be very disappointed.,19,non_factive,notpif,6,17094,21795,73,4
485888,23,femmina,destrimana/o,italiano,Psicologia,No,c,A,Non so se la papera abbia buttato via la cartolina%2C ma se il panda capisce che l'ha buttata via%2C non le parlerà mai più.,I don't know whether the duck threw away the postcard%2C but if the panda understands that she did%2C he will not speak to her anymore.,10,semi_factive,dontknowwhether,7,22959,23808,74,4
485888,23,femmina,destrimana/o,italiano,Psicologia,No,c,B,La papera crede erroneamente che la rana abbia dato via il vestito da festa%2C ed è triste che l'abbia dato via. ,The duck mistakenly believes that the frog stole the party dress%2C and he is sad that he stole it.,39,true_factive,mistaken,7,37812,42777,77,4
485888,23,femmina,destrimana/o,italiano,Psicologia,No,c,B,Il panda non ha cambiato le regole del gioco di ruolo%2C ma la papera%2C dopo averle ripassate%2C si è erroneamente resa conto che il panda le ha cambiate.,The panda did not change the rules of the role-playing game%2C but the duck%2C after reviewing them%2C mistakenly realized that the panda changed them.,46,semi_factive,mistaken,2,16894,17910,80,4
485888,23,femmina,destrimana/o,italiano,Psicologia,No,c,B,La rana non ha copiato le risposte della verifica%2C ma il panda%2C dopo averle viste%2C si è erroneamente reso conto che la rana le ha copiate.,The frog did not copy the answers in the check%2C but the panda%2C after seeing them%2C mistakenly realized that the frog copied them.,47,semi_factive,mistaken,3,9460,12442,85,4
485888,23,femmina,destrimana/o,italiano,Psicologia,No,c,B,La rana crede erroneamente che il panda abbia perduto l'album dei ricordi%2C ed è triste che l'abbia perduto. ,The frog mistakenly believes that the panda has lost the scrapbook%2C and he is sad that he has lost it.,38,true_factive,mistaken,6,13862,14528,89,4
485888,23,femmina,destrimana/o,italiano,Psicologia,No,c,B,La papera non ha smarrito la chiave della cantina%2C ma la rana%2C dopo averla cercata%2C ha erroneamente capito che la papera l'ha smarrita.,The duck did not misplace the house keys%2C but the frog%2C after looking for them%2C mistakenly realized that the duck misplaced them.,42,semi_factive,mistaken,4,22261,22977,91,4
485888,23,femmina,destrimana/o,italiano,Psicologia,No,c,B,Il panda crede erroneamente che la rana abbia forzato la porta della cantina%2C ed è arrabbiato che l'abbia forzata. ,The panda mistakenly believes that the frog smashed the cellar door%2C and is angry that he smashed it.,35,true_factive,mistaken,6,6976,7576,92,4
485888,23,femmina,destrimana/o,italiano,Psicologia,No,c,B,Il panda non ha forzato la serratura%2C ma la papera%2C dopo averla controllata%2C ha erroneamente capito che il panda l'ha forzata.,The panda did not pick the lock%2C but the duck%2C after checking it%2C mistakenly realized that the panda had picked it.,43,semi_factive,mistaken,2,8528,10828,93,4
485888,23,femmina,destrimana/o,italiano,Psicologia,No,c,B,La rana crede erroneamente che la papera abbia dimenticato la torta%2C ed è arrabbiata che l'abbia dimenticata. ,The frog mistakenly believes the duck forgot the cake%2C and is angry that he forgot it.,34,true_factive,mistaken,5,6444,7093,95,4
542024,20,femmina,destrimana/o,italiano,Psicologia,No,c,A,Il panda non ha forato il gonfiabile%2C ma se la rana si rende conto che l'ha forato%2C lo dirà alla maestra.,The panda didn't make a hole in the bouncy castle%2C but if the frog realizes that he did%2C he will tell the teacher.,15,semi_factive,notpif,3,21180,22206,1,1
542024,20,femmina,destrimana/o,italiano,Psicologia,No,c,A,Non so se la papera abbia mai bruciato il pane%2C ma se l'ha bruciato di nuovo ieri%2C il panda non farà più colazione con lei.,I don't know whether the duck has ever burnt the bread%2C but if she burnt it again yesterday%2C the panda won't have breakfast with her anymore.,30,again,dontknowwhether,1,12851,16549,2,1
542024,20,femmina,destrimana/o,italiano,Psicologia,No,c,A,Il panda non ha spaccato il trenino%2C ma se la papera crede che l'abbia spaccato%2C gli ruberà il quaderno da colorare. ,The panda didn't break the model train%2C but if the duck believes that he did%2C she will steal his coloring book.,21,non_factive,notpif,7,10637,11678,3,1
542024,20,femmina,destrimana/o,italiano,Psicologia,No,c,A,Non so se il panda abbia bucato il pallone da calcio%2C ma se la rana è arrabbiata che l'abbia bucato%2C gli verserà del latte sul computer.,I don't know whether the panda punctured the football%2C but if the frog is angry that he did%2C he will pour milk over his laptop.,2,true_factive,dontknowwhether,3,23427,24575,5,1
542024,20,femmina,destrimana/o,italiano,Psicologia,No,c,A,La papera non ha gettato via le bambole di pezza%2C ma il panda è triste che le abbia gettate via. ,I don't know if the duck threw away the rag dolls%2C but the panda is sad that he threw them away.,37,true_factive,dontknowwhetherand,1,4986,5925,6,1
542024,20,femmina,destrimana/o,italiano,Psicologia,No,c,A,Non so se la rana abbia squarciato l'orsacchiotto%2C ma se la papera è triste che l'abbia squarciato%2C le disegnerà sulla faccia con l'indelebile.,I don't know whether the frog cut open the teddy bear%2C but if the duck is sad that he did%2C she will draw on his face with sharpie.,6,true_factive,dontknowwhether,3,10993,11731,7,1
542024,20,femmina,destrimana/o,italiano,Psicologia,No,c,A,La rana non ha truccato la macchinina telecomandata%2C ma il panda%2C dopo averla usata%2C ha capito che la rana l'ha truccata.,I don't know whether the frog rigged the remote control car%2C but the panda%2C after using it%2C realized that the frog rigged it.,44,semi_factive,dontknowwhetherand,2,11488,15411,9,1
542024,20,femmina,destrimana/o,italiano,Psicologia,No,c,A,Il panda non ha piegato le lancette dell'orologio%2C ma se la rana si rende conto che le ha piegate%2C gli urlerà contro.,The panda didn't bend the hands of the clock%2C but if the frog realizes that he did%2C he will shout at him.,13,semi_factive,notpif,4,10340,11143,10,1
542024,20,femmina,destrimana/o,italiano,Psicologia,No,c,A,La papera non ha perso l'aquilone%2C ma se il panda è arrabbiato che l'abbia perso%2C le getterà gli occhiali da sole in mare.,The duck didn't lose the kite%2C but if the panda is angry that she did%2C he will hurl her sunglasses in the sea.,1,true_factive,notpif,2,14924,15823,13,1
542024,20,femmina,destrimana/o,italiano,Psicologia,No,c,A,La rana non ha truccato il mazzo di carte%2C ma se il panda capisce che l'ha truccato%2C la escluderà dal prossimo pigiama party. ,The frog didn't manipulate the deck%2C but if the panda understands that she did%2C he will uninvite him from the next sleepover.,9,semi_factive,notpif,7,5040,5806,14,1
542024,20,femmina,destrimana/o,italiano,Psicologia,No,c,A,Non so se la rana abbia strappato il biglietto di auguri%2C ma se il panda pensa che l'abbia strappato%2C si metterà a piangere.,I don't know whether the frog tore up the birthday card%2C but if the panda thinks that he did%2C he will start to cry.,20,non_factive,dontknowwhether,6,9930,10839,16,1
542024,20,femmina,destrimana/o,italiano,Psicologia,No,c,A,Il panda non ha bruciato l'album di foto%2C ma se la rana è triste che l'abbia bruciato%2C piangerà a dirotto.,The panda didn't burn the photo album%2C but if the frog is sad that he did%2C he will cry his eyes out.,7,true_factive,notpif,3,10522,11805,17,1
542024,20,femmina,destrimana/o,italiano,Psicologia,No,c,A,Non so se la rana abbia mai rovesciato la bottiglia d'olio%2C ma se l'ha rovesciata di nuovo ieri%2C la paperà le farà pulire tutta la cucina.,I don't know whether the frog has ever knocked over the oil bottle%2C but if she knocked it over again yesterday%2C the duck will make her clean the entire kitchen.,32,again,dontknowwhether,1,7607,8432,23,1
542024,20,femmina,destrimana/o,italiano,Psicologia,No,c,A,La papera non ha smarrito il bracciale dell'amicizia%2C ma se la rana pensa che l'abbia smarrito%2C sarà molto delusa.,The duck didn't lose the friendship bracelet%2C but if the frog thinks that she did%2C he will be very disappointed.,19,non_factive,notpif,6,8534,9370,25,2
542024,20,femmina,destrimana/o,italiano,Psicologia,No,c,A,La papera non ha distrutto il castello di sabbia%2C ma se il panda è triste che l'abbia distrutto%2C piangerà per tutto il giorno.,The duck didn't destroy the sand castle%2C but if the panda is sad that she did%2C he will cry all day.,5,true_factive,notpif,4,11928,12973,26,2
542024,20,femmina,destrimana/o,italiano,Psicologia,No,c,A,Non so se il panda abbia rubato il quaderno da colorare%2C ma se la papera è triste che l'abbia rubato%2C lo manderà via.,I don't know whether the panda stole the coloring book%2C but if the duck is sad that he did%2C she will throw him out.,8,true_factive,dontknowwhether,3,29141,29988,27,2
542024,20,femmina,destrimana/o,italiano,Psicologia,No,c,A,Non so se il panda abbia letto il diario segreto%2C ma se la rana si rende conto che l'ha letto%2C considererà la loro amicizia rovinata.,I don't know whether the panda read the diary%2C but if the frog realizes that he did%2C he will consider their friendship ruined.,16,semi_factive,dontknowwhether,6,16963,17853,29,2
542024,20,femmina,destrimana/o,italiano,Psicologia,No,c,A,Non so se la papera abbia rotto il vasetto di miele%2C ma se il panda si rende conto che l'ha rotto%2C le terrà il broncio.,I don't know whether the duck broke the honey jar%2C but if the panda realizes that she did%2C he will pout.,14,semi_factive,dontknowwhether,5,5953,6753,33,2
542024,20,femmina,destrimana/o,italiano,Psicologia,No,c,A,Non so se la papera abbia buttato via la cartolina%2C ma se il panda capisce che l'ha buttata via%2C non le parlerà mai più.,I don't know whether the duck threw away the postcard%2C but if the panda understands that she did%2C he will not speak to her anymore.,10,semi_factive,dontknowwhether,6,8924,9979,35,2
542024,20,femmina,destrimana/o,italiano,Psicologia,No,c,A,Il panda non ha mai offeso la rana%2C ma se l'ha offesa di nuovo ieri%2C la rana lo prenderà in giro davanti a tutti.,The panda has never offended the frog%2C but if he offended her again yesterday%2C the frog will make fun of him in font of everybody.,31,again,notpif,1,5274,6063,41,2
542024,20,femmina,destrimana/o,italiano,Psicologia,No,c,A,La rana non ha strisciato la finestra in soffitta%2C ma la papera è arrabbiata che l'abbia strisciata. ,I don't know if the frog crawled the attic window%2C but the duck is angry that he crawled it.,36,true_factive,dontknowwhetherand,1,12659,13805,43,2
542024,20,femmina,destrimana/o,italiano,Psicologia,No,c,A,La rana non ha finito la limonata%2C ma se la papera crede che l'abbia finita%2C andrà a comprare dei limoni.,The frog didn't finish the lemonade%2C but if the duck believes that he did%2C she will go buy lemons.,23,non_factive,notpif,6,6607,7503,46,2
542024,20,femmina,destrimana/o,italiano,Psicologia,No,c,A,La rana non ha mai usato il giocattolo della papera%2C ma se l'ha usato di nuovo ieri%2C la papera le getterà tutti i disegni nel fango.,The frog has never used the duck's toy%2C but if she used it again yesterday%2C the duck will throw all her drawing in the mud.,29,again,notpif,1,8206,9169,47,2
542024,20,femmina,destrimana/o,italiano,Psicologia,No,c,A,La papera non ha sporcato nulla%2C ma se ha sporcato anche il tappeto%2C il panda non la inviterà più a casa sua.,The duck didn't dirty anything%2C but if she dirtied the carpet too%2C the panda won't invite her anymore.,27,too,notpif,1,8611,9373,48,2
542024,20,femmina,destrimana/o,italiano,Psicologia,No,c,A,Non so se la rana abbia dimenticato il compleanno della papera%2C ma se la papera pensa che l'abbia dimenticato%2C nasconderà il diario dell'amicizia nel bosco.,I don't know whether the frog forgot the duck's birthday%2C but if the duck thinks that he did%2C she will hide the friendship book in the wood.,18,non_factive,dontknowwhether,7,9759,10602,51,3
542024,20,femmina,destrimana/o,italiano,Psicologia,No,c,A,Non so se la rana abbia perduto qualcosa%2C ma se ha perduto anche le chiavi%2C la papera andrà nel panico.,I don't know whether the frog lost anything%2C but if she lost the keys too%2C the duck will panic.,26,too,dontknowwhether,3,10933,11689,53,3
542024,20,femmina,destrimana/o,italiano,Psicologia,No,c,A,La papera non ha modificato la ricetta della torta%2C ma la rana%2C dopo averla riletta%2C si è resa conto che la papera l'ha modificata.,I don't know whether the duck changed the cake recipe%2C but the frog%2C after re-reading it%2C realized that the duck changed it.,45,semi_factive,dontknowwhetherand,2,15059,15801,56,3
542024,20,femmina,destrimana/o,italiano,Psicologia,No,c,A,Non so se il panda abbia rotto qualcosa%2C ma se ha rotto anche il vaso di porcellana%2C la rana andrà su tutte le furie.,I don't know whether the panda broke anything%2C but if he broke the porcelaine vase too%2C the frog will flare up.,28,too,dontknowwhether,3,4846,5569,57,3
542024,20,femmina,destrimana/o,italiano,Psicologia,No,c,A,Non so se la papera abbia tagliuzzato il poster%2C ma se il panda capisce che l'ha tagliuzzato%2C le verserà del succo nello zaino.,I don't know whether the duck cut the poster%2C but if the panda understands that she did%2C he will pour juice into her backpack.,12,semi_factive,dontknowwhether,7,9930,10871,59,3
542024,20,femmina,destrimana/o,italiano,Psicologia,No,c,A,Il panda non ha sottratto nulla alla rana%2C ma se le ha sottratto anche il cappello%2C la rana gli strapperà il costume da bagno.,The panda didn't steal anything from the frog%2C but if he stole her hat too%2C the frog will rip his bathing suit.,25,too,notpif,2,6624,7671,61,3
542024,20,femmina,destrimana/o,italiano,Psicologia,No,c,A,La papera non ha mollato il corso di nuoto%2C ma il panda è triste che l'abbia mollato. ,I don't know if the duck quit swimming class%2C but the panda is sad that he quit it.,40,true_factive,dontknowwhetherand,1,6289,7188,63,3
542024,20,femmina,destrimana/o,italiano,Psicologia,No,c,A,Non so se il panda abbia calpestato le margherite%2C ma se la rana crede che le abbia calpestate%2C preparerà dei gavettoni per punirlo.,I don't know whether the panda trampled the daisies%2C but if the frog believes that he did%2C he will prepare water balloons to punish him.,22,non_factive,dontknowwhether,7,7209,8006,64,3
542024,20,femmina,destrimana/o,italiano,Psicologia,No,c,A,La papera non ha preso il voto massimo%2C ma se la rana pensa che l'abbia preso%2C sarà gelosa.,The duck didn't get the top grade%2C but if the frog thinks that she did%2C he will be jealous.,17,non_factive,notpif,7,5790,7722,66,3
542024,20,femmina,destrimana/o,italiano,Psicologia,No,c,A,Non so se la rana abbia rovinato il puzzle%2C ma se il panda è arrabbiato che l'abbia rovinato%2C le butterà le scarpe fuori dalla finestra.,I don't know whether the frog ruined the puzzle%2C but if the panda is angry that he did%2C he will throw his shoes out of the window.,4,true_factive,dontknowwhether,6,10272,11015,67,3
542024,20,femmina,destrimana/o,italiano,Psicologia,No,c,A,La rana non ha nascosto i pennarelli%2C ma se la papera capisce che li ha nascosti%2C le sotterrerà le figurine in giardino.,The frog didn't hide the crayons%2C but if the duck understands that he did%2C she bury his favorite figurines in the yard.,11,semi_factive,notpif,2,7875,8670,68,3
542024,20,femmina,destrimana/o,italiano,Psicologia,No,c,A,La rana non ha spaccato le automobiline%2C ma il panda%2C dopo averle esaminate%2C ha capito che la rana le ha spaccate.,I don't know if the frog broke the toy train%2C but the panda%2C after examining it%2C realized that the frog broke it.,41,semi_factive,dontknowwhetherand,1,9337,10252,69,3
542024,20,femmina,destrimana/o,italiano,Psicologia,No,c,A,Il panda non ha danneggiato il microfono%2C ma se la rana è arrabbiata che l'abbia danneggiato%2C lo escluderà dalla serata di karaoke. ,The panda didn't damage the mic%2C but if the frog is angry that he did%2C he will uninvite him from karaoke night.,3,true_factive,notpif,5,4755,5569,70,3
542024,20,femmina,destrimana/o,italiano,Psicologia,No,c,A,La papera non ha potato la siepe%2C ma la rana%2C dopo averla innaffiata%2C si è resa conto che la papera l'ha potata.,I don't know whether the duck pruned the hedge%2C but the frog%2C after watering it%2C realized that the duck pruned it.,48,semi_factive,dontknowwhetherand,2,20293,24012,72,3
542024,20,femmina,destrimana/o,italiano,Psicologia,No,c,A,Il panda non ha fatto morire le rose%2C ma la papera è arrabbiata che le abbia fatte morire. ,I don't know if the panda made the roses die%2C but the duck is angry that he made them die.,33,true_factive,dontknowwhetherand,1,9090,9920,73,4
542024,20,femmina,destrimana/o,italiano,Psicologia,No,c,A,Non so se la papera abbia imbrattato il muro%2C ma se il panda crede che l'abbia imbrattato%2C le nasconderà tutti i pennarelli.,I don't know whether the duck painted the wall%2C but if the panda believes that she did%2C he will hide all of her crayons.,24,non_factive,dontknowwhether,6,5906,6788,75,4
542024,20,femmina,destrimana/o,italiano,Psicologia,No,c,B,La rana crede erroneamente che il panda abbia perduto l'album dei ricordi%2C ed è triste che l'abbia perduto. ,The frog mistakenly believes that the panda has lost the scrapbook%2C and he is sad that he has lost it.,38,true_factive,mistaken,7,12060,13001,76,4
542024,20,femmina,destrimana/o,italiano,Psicologia,No,c,B,La rana non ha copiato le risposte della verifica%2C ma il panda%2C dopo averle viste%2C si è erroneamente reso conto che la rana le ha copiate.,The frog did not copy the answers in the check%2C but the panda%2C after seeing them%2C mistakenly realized that the frog copied them.,47,semi_factive,mistaken,7,11498,12635,77,4
542024,20,femmina,destrimana/o,italiano,Psicologia,No,c,B,Il panda non ha forzato la serratura%2C ma la papera%2C dopo averla controllata%2C ha erroneamente capito che il panda l'ha forzata.,The panda did not pick the lock%2C but the duck%2C after checking it%2C mistakenly realized that the panda had picked it.,43,semi_factive,mistaken,7,6470,7415,78,4
542024,20,femmina,destrimana/o,italiano,Psicologia,No,c,B,La papera crede erroneamente che la rana abbia dato via il vestito da festa%2C ed è triste che l'abbia dato via. ,The duck mistakenly believes that the frog stole the party dress%2C and he is sad that he stole it.,39,true_factive,mistaken,7,11282,12077,80,4
542024,20,femmina,destrimana/o,italiano,Psicologia,No,c,B,Il panda non ha cambiato le regole del gioco di ruolo%2C ma la papera%2C dopo averle ripassate%2C si è erroneamente resa conto che il panda le ha cambiate.,The panda did not change the rules of the role-playing game%2C but the duck%2C after reviewing them%2C mistakenly realized that the panda changed them.,46,semi_factive,mistaken,1,8173,8954,81,4
542024,20,femmina,destrimana/o,italiano,Psicologia,No,c,B,La rana crede erroneamente che la papera abbia dimenticato la torta%2C ed è arrabbiata che l'abbia dimenticata. ,The frog mistakenly believes the duck forgot the cake%2C and is angry that he forgot it.,34,true_factive,mistaken,1,38915,40549,84,4
542024,20,femmina,destrimana/o,italiano,Psicologia,No,c,B,La papera non ha smarrito la chiave della cantina%2C ma la rana%2C dopo averla cercata%2C ha erroneamente capito che la papera l'ha smarrita.,The duck did not misplace the house keys%2C but the frog%2C after looking for them%2C mistakenly realized that the duck misplaced them.,42,semi_factive,mistaken,5,11982,12800,86,4
542024,20,femmina,destrimana/o,italiano,Psicologia,No,c,B,Il panda crede erroneamente che la rana abbia forzato la porta della cantina%2C ed è arrabbiato che l'abbia forzata. ,The panda mistakenly believes that the frog smashed the cellar door%2C and is angry that he smashed it.,35,true_factive,mistaken,1,7539,8535,87,4
274867,20,femmina,destrimana/o,italiano,Psicologia ,Sì,e,A,Non so se la rana abbia perduto qualcosa%2C ma se ha perduto anche le chiavi%2C la papera andrà nel panico.,I don't know whether the frog lost anything%2C but if she lost the keys too%2C the duck will panic.,26,too,dontknowwhether,3,12097,13741,1,1
274867,20,femmina,destrimana/o,italiano,Psicologia ,Sì,e,A,Il panda non ha piegato le lancette dell'orologio%2C ma se la rana si rende conto che le ha piegate%2C gli urlerà contro.,The panda didn't bend the hands of the clock%2C but if the frog realizes that he did%2C he will shout at him.,13,semi_factive,notpif,1,8150,9941,2,1
274867,20,femmina,destrimana/o,italiano,Psicologia ,Sì,e,A,Non so se il panda abbia rotto qualcosa%2C ma se ha rotto anche il vaso di porcellana%2C la rana andrà su tutte le furie.,I don't know whether the panda broke anything%2C but if he broke the porcelaine vase too%2C the frog will flare up.,28,too,dontknowwhether,3,7990,9258,3,1
274867,20,femmina,destrimana/o,italiano,Psicologia ,Sì,e,A,La rana non ha truccato il mazzo di carte%2C ma se il panda capisce che l'ha truccato%2C la escluderà dal prossimo pigiama party. ,The frog didn't manipulate the deck%2C but if the panda understands that she did%2C he will uninvite him from the next sleepover.,9,semi_factive,notpif,1,5473,6606,4,1
274867,20,femmina,destrimana/o,italiano,Psicologia ,Sì,e,A,La papera non ha mollato il corso di nuoto%2C ma il panda è triste che l'abbia mollato. ,I don't know if the duck quit swimming class%2C but the panda is sad that he quit it.,40,true_factive,dontknowwhetherand,1,9634,10651,7,1
274867,20,femmina,destrimana/o,italiano,Psicologia ,Sì,e,A,La papera non ha gettato via le bambole di pezza%2C ma il panda è triste che le abbia gettate via. ,I don't know if the duck threw away the rag dolls%2C but the panda is sad that he threw them away.,37,true_factive,dontknowwhetherand,1,5159,6132,8,1
274867,20,femmina,destrimana/o,italiano,Psicologia ,Sì,e,A,Non so se il panda abbia rubato il quaderno da colorare%2C ma se la papera è triste che l'abbia rubato%2C lo manderà via.,I don't know whether the panda stole the coloring book%2C but if the duck is sad that he did%2C she will throw him out.,8,true_factive,dontknowwhether,2,11606,12695,12,1
274867,20,femmina,destrimana/o,italiano,Psicologia ,Sì,e,A,Non so se la papera abbia rotto il vasetto di miele%2C ma se il panda si rende conto che l'ha rotto%2C le terrà il broncio.,I don't know whether the duck broke the honey jar%2C but if the panda realizes that she did%2C he will pout.,14,semi_factive,dontknowwhether,6,11828,12944,15,1
274867,20,femmina,destrimana/o,italiano,Psicologia ,Sì,e,A,La papera non ha potato la siepe%2C ma la rana%2C dopo averla innaffiata%2C si è resa conto che la papera l'ha potata.,I don't know whether the duck pruned the hedge%2C but the frog%2C after watering it%2C realized that the duck pruned it.,48,semi_factive,dontknowwhetherand,1,12870,13918,16,1
274867,20,femmina,destrimana/o,italiano,Psicologia ,Sì,e,A,La rana non ha spaccato le automobiline%2C ma il panda%2C dopo averle esaminate%2C ha capito che la rana le ha spaccate.,I don't know if the frog broke the toy train%2C but the panda%2C after examining it%2C realized that the frog broke it.,41,semi_factive,dontknowwhetherand,1,6694,7736,17,1
274867,20,femmina,destrimana/o,italiano,Psicologia ,Sì,e,A,La papera non ha modificato la ricetta della torta%2C ma la rana%2C dopo averla riletta%2C si è resa conto che la papera l'ha modificata.,I don't know whether the duck changed the cake recipe%2C but the frog%2C after re-reading it%2C realized that the duck changed it.,45,semi_factive,dontknowwhetherand,1,9877,10825,18,1
274867,20,femmina,destrimana/o,italiano,Psicologia ,Sì,e,A,Il panda non ha sottratto nulla alla rana%2C ma se le ha sottratto anche il cappello%2C la rana gli strapperà il costume da bagno.,The panda didn't steal anything from the frog%2C but if he stole her hat too%2C the frog will rip his bathing suit.,25,too,notpif,1,5693,6725,19,1
274867,20,femmina,destrimana/o,italiano,Psicologia ,Sì,e,A,Non so se la papera abbia buttato via la cartolina%2C ma se il panda capisce che l'ha buttata via%2C non le parlerà mai più.,I don't know whether the duck threw away the postcard%2C but if the panda understands that she did%2C he will not speak to her anymore.,10,semi_factive,dontknowwhether,7,10747,11815,22,1
274867,20,femmina,destrimana/o,italiano,Psicologia ,Sì,e,A,Il panda non ha spaccato il trenino%2C ma se la papera crede che l'abbia spaccato%2C gli ruberà il quaderno da colorare. ,The panda didn't break the model train%2C but if the duck believes that he did%2C she will steal his coloring book.,21,non_factive,notpif,7,5796,6928,23,1
274867,20,femmina,destrimana/o,italiano,Psicologia ,Sì,e,A,Non so se il panda abbia bucato il pallone da calcio%2C ma se la rana è arrabbiata che l'abbia bucato%2C gli verserà del latte sul computer.,I don't know whether the panda punctured the football%2C but if the frog is angry that he did%2C he will pour milk over his laptop.,2,true_factive,dontknowwhether,6,21297,22522,24,1
274867,20,femmina,destrimana/o,italiano,Psicologia ,Sì,e,A,La rana non ha finito la limonata%2C ma se la papera crede che l'abbia finita%2C andrà a comprare dei limoni.,The frog didn't finish the lemonade%2C but if the duck believes that he did%2C she will go buy lemons.,23,non_factive,notpif,7,22956,24046,25,2
274867,20,femmina,destrimana/o,italiano,Psicologia ,Sì,e,A,Il panda non ha forato il gonfiabile%2C ma se la rana si rende conto che l'ha forato%2C lo dirà alla maestra.,The panda didn't make a hole in the bouncy castle%2C but if the frog realizes that he did%2C he will tell the teacher.,15,semi_factive,notpif,1,6340,7430,26,2
274867,20,femmina,destrimana/o,italiano,Psicologia ,Sì,e,A,Non so se la rana abbia squarciato l'orsacchiotto%2C ma se la papera è triste che l'abbia squarciato%2C le disegnerà sulla faccia con l'indelebile.,I don't know whether the frog cut open the teddy bear%2C but if the duck is sad that he did%2C she will draw on his face with sharpie.,6,true_factive,dontknowwhether,1,9048,9931,28,2
274867,20,femmina,destrimana/o,italiano,Psicologia ,Sì,e,A,La papera non ha distrutto il castello di sabbia%2C ma se il panda è triste che l'abbia distrutto%2C piangerà per tutto il giorno.,The duck didn't destroy the sand castle%2C but if the panda is sad that she did%2C he will cry all day.,5,true_factive,notpif,1,10919,13786,32,2
274867,20,femmina,destrimana/o,italiano,Psicologia ,Sì,e,A,Il panda non ha bruciato l'album di foto%2C ma se la rana è triste che l'abbia bruciato%2C piangerà a dirotto.,The panda didn't burn the photo album%2C but if the frog is sad that he did%2C he will cry his eyes out.,7,true_factive,notpif,1,5523,6422,35,2
274867,20,femmina,destrimana/o,italiano,Psicologia ,Sì,e,A,Non so se la rana abbia rovinato il puzzle%2C ma se il panda è arrabbiato che l'abbia rovinato%2C le butterà le scarpe fuori dalla finestra.,I don't know whether the frog ruined the puzzle%2C but if the panda is angry that he did%2C he will throw his shoes out of the window.,4,true_factive,dontknowwhether,3,6826,8101,41,2
274867,20,femmina,destrimana/o,italiano,Psicologia ,Sì,e,A,Non so se la papera abbia imbrattato il muro%2C ma se il panda crede che l'abbia imbrattato%2C le nasconderà tutti i pennarelli.,I don't know whether the duck painted the wall%2C but if the panda believes that she did%2C he will hide all of her crayons.,24,non_factive,dontknowwhether,7,6741,7948,45,2
274867,20,femmina,destrimana/o,italiano,Psicologia ,Sì,e,A,Non so se la rana abbia dimenticato il compleanno della papera%2C ma se la papera pensa che l'abbia dimenticato%2C nasconderà il diario dell'amicizia nel bosco.,I don't know whether the frog forgot the duck's birthday%2C but if the duck thinks that he did%2C she will hide the friendship book in the wood.,18,non_factive,dontknowwhether,6,29358,32390,46,2
274867,20,femmina,destrimana/o,italiano,Psicologia ,Sì,e,A,Non so se la rana abbia strappato il biglietto di auguri%2C ma se il panda pensa che l'abbia strappato%2C si metterà a piangere.,I don't know whether the frog tore up the birthday card%2C but if the panda thinks that he did%2C he will start to cry.,20,non_factive,dontknowwhether,7,6371,7347,47,2
274867,20,femmina,destrimana/o,italiano,Psicologia ,Sì,e,A,Non so se il panda abbia letto il diario segreto%2C ma se la rana si rende conto che l'ha letto%2C considererà la loro amicizia rovinata.,I don't know whether the panda read the diary%2C but if the frog realizes that he did%2C he will consider their friendship ruined.,16,semi_factive,dontknowwhether,7,6662,7996,48,2
274867,20,femmina,destrimana/o,italiano,Psicologia ,Sì,e,A,La papera non ha sporcato nulla%2C ma se ha sporcato anche il tappeto%2C il panda non la inviterà più a casa sua.,The duck didn't dirty anything%2C but if she dirtied the carpet too%2C the panda won't invite her anymore.,27,too,notpif,1,5438,6496,50,3
274867,20,femmina,destrimana/o,italiano,Psicologia ,Sì,e,A,Il panda non ha danneggiato il microfono%2C ma se la rana è arrabbiata che l'abbia danneggiato%2C lo escluderà dalla serata di karaoke. ,The panda didn't damage the mic%2C but if the frog is angry that he did%2C he will uninvite him from karaoke night.,3,true_factive,notpif,1,8015,9005,55,3
274867,20,femmina,destrimana/o,italiano,Psicologia ,Sì,e,A,La rana non ha nascosto i pennarelli%2C ma se la papera capisce che li ha nascosti%2C le sotterrerà le figurine in giardino.,The frog didn't hide the crayons%2C but if the duck understands that he did%2C she bury his favorite figurines in the yard.,11,semi_factive,notpif,1,4954,6321,56,3
274867,20,femmina,destrimana/o,italiano,Psicologia ,Sì,e,A,La papera non ha preso il voto massimo%2C ma se la rana pensa che l'abbia preso%2C sarà gelosa.,The duck didn't get the top grade%2C but if the frog thinks that she did%2C he will be jealous.,17,non_factive,notpif,7,5134,6207,60,3
274867,20,femmina,destrimana/o,italiano,Psicologia ,Sì,e,A,La papera non ha smarrito il bracciale dell'amicizia%2C ma se la rana pensa che l'abbia smarrito%2C sarà molto delusa.,The duck didn't lose the friendship bracelet%2C but if the frog thinks that she did%2C he will be very disappointed.,19,non_factive,notpif,7,4388,5438,62,3
274867,20,femmina,destrimana/o,italiano,Psicologia ,Sì,e,A,La papera non ha perso l'aquilone%2C ma se il panda è arrabbiato che l'abbia perso%2C le getterà gli occhiali da sole in mare.,The duck didn't lose the kite%2C but if the panda is angry that she did%2C he will hurl her sunglasses in the sea.,1,true_factive,notpif,1,5995,7003,63,3
274867,20,femmina,destrimana/o,italiano,Psicologia ,Sì,e,A,Non so se la rana abbia mai rovesciato la bottiglia d'olio%2C ma se l'ha rovesciata di nuovo ieri%2C la paperà le farà pulire tutta la cucina.,I don't know whether the frog has ever knocked over the oil bottle%2C but if she knocked it over again yesterday%2C the duck will make her clean the entire kitchen.,32,again,dontknowwhether,1,9984,10990,64,3
274867,20,femmina,destrimana/o,italiano,Psicologia ,Sì,e,A,La rana non ha truccato la macchinina telecomandata%2C ma il panda%2C dopo averla usata%2C ha capito che la rana l'ha truccata.,I don't know whether the frog rigged the remote control car%2C but the panda%2C after using it%2C realized that the frog rigged it.,44,semi_factive,dontknowwhetherand,1,5885,6992,66,3
274867,20,femmina,destrimana/o,italiano,Psicologia ,Sì,e,A,Non so se il panda abbia calpestato le margherite%2C ma se la rana crede che le abbia calpestate%2C preparerà dei gavettoni per punirlo.,I don't know whether the panda trampled the daisies%2C but if the frog believes that he did%2C he will prepare water balloons to punish him.,22,non_factive,dontknowwhether,7,16711,17928,67,3
274867,20,femmina,destrimana/o,italiano,Psicologia ,Sì,e,A,La rana non ha strisciato la finestra in soffitta%2C ma la papera è arrabbiata che l'abbia strisciata. ,I don't know if the frog crawled the attic window%2C but the duck is angry that he crawled it.,36,true_factive,dontknowwhetherand,1,6210,7093,68,3
274867,20,femmina,destrimana/o,italiano,Psicologia ,Sì,e,A,Il panda non ha mai offeso la rana%2C ma se l'ha offesa di nuovo ieri%2C la rana lo prenderà in giro davanti a tutti.,The panda has never offended the frog%2C but if he offended her again yesterday%2C the frog will make fun of him in font of everybody.,31,again,notpif,1,4857,5775,69,3
274867,20,femmina,destrimana/o,italiano,Psicologia ,Sì,e,A,Non so se la papera abbia tagliuzzato il poster%2C ma se il panda capisce che l'ha tagliuzzato%2C le verserà del succo nello zaino.,I don't know whether the duck cut the poster%2C but if the panda understands that she did%2C he will pour juice into her backpack.,12,semi_factive,dontknowwhether,3,19408,20482,72,3
274867,20,femmina,destrimana/o,italiano,Psicologia ,Sì,e,A,La rana non ha mai usato il giocattolo della papera%2C ma se l'ha usato di nuovo ieri%2C la papera le getterà tutti i disegni nel fango.,The frog has never used the duck's toy%2C but if she used it again yesterday%2C the duck will throw all her drawing in the mud.,29,again,notpif,1,3757,4717,73,4
274867,20,femmina,destrimana/o,italiano,Psicologia ,Sì,e,A,Il panda non ha fatto morire le rose%2C ma la papera è arrabbiata che le abbia fatte morire. ,I don't know if the panda made the roses die%2C but the duck is angry that he made them die.,33,true_factive,dontknowwhetherand,1,25552,26519,74,4
274867,20,femmina,destrimana/o,italiano,Psicologia ,Sì,e,A,Non so se la papera abbia mai bruciato il pane%2C ma se l'ha bruciato di nuovo ieri%2C il panda non farà più colazione con lei.,I don't know whether the duck has ever burnt the bread%2C but if she burnt it again yesterday%2C the panda won't have breakfast with her anymore.,30,again,dontknowwhether,2,6587,7487,75,4
274867,20,femmina,destrimana/o,italiano,Psicologia ,Sì,e,B,La rana crede erroneamente che la papera abbia dimenticato la torta%2C ed è arrabbiata che l'abbia dimenticata. ,The frog mistakenly believes the duck forgot the cake%2C and is angry that he forgot it.,34,true_factive,mistaken,7,8257,9916,76,4
274867,20,femmina,destrimana/o,italiano,Psicologia ,Sì,e,B,La rana non ha copiato le risposte della verifica%2C ma il panda%2C dopo averle viste%2C si è erroneamente reso conto che la rana le ha copiate.,The frog did not copy the answers in the check%2C but the panda%2C after seeing them%2C mistakenly realized that the frog copied them.,47,semi_factive,mistaken,1,11921,12869,82,4
274867,20,femmina,destrimana/o,italiano,Psicologia ,Sì,e,B,La papera crede erroneamente che la rana abbia dato via il vestito da festa%2C ed è triste che l'abbia dato via. ,The duck mistakenly believes that the frog stole the party dress%2C and he is sad that he stole it.,39,true_factive,mistaken,7,8778,9795,86,4
274867,20,femmina,destrimana/o,italiano,Psicologia ,Sì,e,B,Il panda non ha cambiato le regole del gioco di ruolo%2C ma la papera%2C dopo averle ripassate%2C si è erroneamente resa conto che il panda le ha cambiate.,The panda did not change the rules of the role-playing game%2C but the duck%2C after reviewing them%2C mistakenly realized that the panda changed them.,46,semi_factive,mistaken,3,11964,12987,87,4
274867,20,femmina,destrimana/o,italiano,Psicologia ,Sì,e,B,Il panda non ha forzato la serratura%2C ma la papera%2C dopo averla controllata%2C ha erroneamente capito che il panda l'ha forzata.,The panda did not pick the lock%2C but the duck%2C after checking it%2C mistakenly realized that the panda had picked it.,43,semi_factive,mistaken,3,5475,6767,88,4
274867,20,femmina,destrimana/o,italiano,Psicologia ,Sì,e,B,La rana crede erroneamente che il panda abbia perduto l'album dei ricordi%2C ed è triste che l'abbia perduto. ,The frog mistakenly believes that the panda has lost the scrapbook%2C and he is sad that he has lost it.,38,true_factive,mistaken,7,4923,5928,90,4
274867,20,femmina,destrimana/o,italiano,Psicologia ,Sì,e,B,Il panda crede erroneamente che la rana abbia forzato la porta della cantina%2C ed è arrabbiato che l'abbia forzata. ,The panda mistakenly believes that the frog smashed the cellar door%2C and is angry that he smashed it.,35,true_factive,mistaken,7,6539,7439,93,4
274867,20,femmina,destrimana/o,italiano,Psicologia ,Sì,e,B,La papera non ha smarrito la chiave della cantina%2C ma la rana%2C dopo averla cercata%2C ha erroneamente capito che la papera l'ha smarrita.,The duck did not misplace the house keys%2C but the frog%2C after looking for them%2C mistakenly realized that the duck misplaced them.,42,semi_factive,mistaken,3,7204,8035,96,4
955477,21,femmina,destrimana/o,italiano,restauro,No,e,A,La papera non ha gettato via le bambole di pezza%2C ma il panda è triste che le abbia gettate via. ,I don't know if the duck threw away the rag dolls%2C but the panda is sad that he threw them away.,37,true_factive,dontknowwhetherand,2,29280,30299,1,1
955477,21,femmina,destrimana/o,italiano,restauro,No,e,A,La rana non ha truccato la macchinina telecomandata%2C ma il panda%2C dopo averla usata%2C ha capito che la rana l'ha truccata.,I don't know whether the frog rigged the remote control car%2C but the panda%2C after using it%2C realized that the frog rigged it.,44,semi_factive,dontknowwhetherand,2,25197,28254,2,1
955477,21,femmina,destrimana/o,italiano,restauro,No,e,A,Il panda non ha forato il gonfiabile%2C ma se la rana si rende conto che l'ha forato%2C lo dirà alla maestra.,The panda didn't make a hole in the bouncy castle%2C but if the frog realizes that he did%2C he will tell the teacher.,15,semi_factive,notpif,4,15535,16869,4,1
955477,21,femmina,destrimana/o,italiano,restauro,No,e,A,La papera non ha sporcato nulla%2C ma se ha sporcato anche il tappeto%2C il panda non la inviterà più a casa sua.,The duck didn't dirty anything%2C but if she dirtied the carpet too%2C the panda won't invite her anymore.,27,too,notpif,2,12163,14570,5,1
955477,21,femmina,destrimana/o,italiano,restauro,No,e,A,La rana non ha nascosto i pennarelli%2C ma se la papera capisce che li ha nascosti%2C le sotterrerà le figurine in giardino.,The frog didn't hide the crayons%2C but if the duck understands that he did%2C she bury his favorite figurines in the yard.,11,semi_factive,notpif,3,21186,22063,7,1
955477,21,femmina,destrimana/o,italiano,restauro,No,e,A,Non so se il panda abbia letto il diario segreto%2C ma se la rana si rende conto che l'ha letto%2C considererà la loro amicizia rovinata.,I don't know whether the panda read the diary%2C but if the frog realizes that he did%2C he will consider their friendship ruined.,16,semi_factive,dontknowwhether,7,11742,12813,10,1
955477,21,femmina,destrimana/o,italiano,restauro,No,e,A,La papera non ha distrutto il castello di sabbia%2C ma se il panda è triste che l'abbia distrutto%2C piangerà per tutto il giorno.,The duck didn't destroy the sand castle%2C but if the panda is sad that she did%2C he will cry all day.,5,true_factive,notpif,1,84244,87418,11,1
955477,21,femmina,destrimana/o,italiano,restauro,No,e,A,Non so se il panda abbia calpestato le margherite%2C ma se la rana crede che le abbia calpestate%2C preparerà dei gavettoni per punirlo.,I don't know whether the panda trampled the daisies%2C but if the frog believes that he did%2C he will prepare water balloons to punish him.,22,non_factive,dontknowwhether,6,13048,20862,16,1
955477,21,femmina,destrimana/o,italiano,restauro,No,e,A,La papera non ha perso l'aquilone%2C ma se il panda è arrabbiato che l'abbia perso%2C le getterà gli occhiali da sole in mare.,The duck didn't lose the kite%2C but if the panda is angry that she did%2C he will hurl her sunglasses in the sea.,1,true_factive,notpif,2,19599,21058,17,1
955477,21,femmina,destrimana/o,italiano,restauro,No,e,A,Il panda non ha piegato le lancette dell'orologio%2C ma se la rana si rende conto che le ha piegate%2C gli urlerà contro.,The panda didn't bend the hands of the clock%2C but if the frog realizes that he did%2C he will shout at him.,13,semi_factive,notpif,2,15200,17816,18,1
955477,21,femmina,destrimana/o,italiano,restauro,No,e,A,Non so se la rana abbia perduto qualcosa%2C ma se ha perduto anche le chiavi%2C la papera andrà nel panico.,I don't know whether the frog lost anything%2C but if she lost the keys too%2C the duck will panic.,26,too,dontknowwhether,2,81615,82453,19,1
955477,21,femmina,destrimana/o,italiano,restauro,No,e,A,Non so se la rana abbia mai rovesciato la bottiglia d'olio%2C ma se l'ha rovesciata di nuovo ieri%2C la paperà le farà pulire tutta la cucina.,I don't know whether the frog has ever knocked over the oil bottle%2C but if she knocked it over again yesterday%2C the duck will make her clean the entire kitchen.,32,again,dontknowwhether,1,12999,13843,23,1
955477,21,femmina,destrimana/o,italiano,restauro,No,e,A,Non so se la papera abbia tagliuzzato il poster%2C ma se il panda capisce che l'ha tagliuzzato%2C le verserà del succo nello zaino.,I don't know whether the duck cut the poster%2C but if the panda understands that she did%2C he will pour juice into her backpack.,12,semi_factive,dontknowwhether,6,8933,12879,24,1
955477,21,femmina,destrimana/o,italiano,restauro,No,e,A,Non so se la rana abbia dimenticato il compleanno della papera%2C ma se la papera pensa che l'abbia dimenticato%2C nasconderà il diario dell'amicizia nel bosco.,I don't know whether the frog forgot the duck's birthday%2C but if the duck thinks that he did%2C she will hide the friendship book in the wood.,18,non_factive,dontknowwhether,4,28571,29503,25,2
955477,21,femmina,destrimana/o,italiano,restauro,No,e,A,La rana non ha finito la limonata%2C ma se la papera crede che l'abbia finita%2C andrà a comprare dei limoni.,The frog didn't finish the lemonade%2C but if the duck believes that he did%2C she will go buy lemons.,23,non_factive,notpif,3,35222,36077,32,2
955477,21,femmina,destrimana/o,italiano,restauro,No,e,A,Non so se la papera abbia rotto il vasetto di miele%2C ma se il panda si rende conto che l'ha rotto%2C le terrà il broncio.,I don't know whether the duck broke the honey jar%2C but if the panda realizes that she did%2C he will pout.,14,semi_factive,dontknowwhether,5,69255,70257,33,2
955477,21,femmina,destrimana/o,italiano,restauro,No,e,A,Non so se la rana abbia rovinato il puzzle%2C ma se il panda è arrabbiato che l'abbia rovinato%2C le butterà le scarpe fuori dalla finestra.,I don't know whether the frog ruined the puzzle%2C but if the panda is angry that he did%2C he will throw his shoes out of the window.,4,true_factive,dontknowwhether,3,15494,16366,34,2
955477,21,femmina,destrimana/o,italiano,restauro,No,e,A,La papera non ha potato la siepe%2C ma la rana%2C dopo averla innaffiata%2C si è resa conto che la papera l'ha potata.,I don't know whether the duck pruned the hedge%2C but the frog%2C after watering it%2C realized that the duck pruned it.,48,semi_factive,dontknowwhetherand,1,21077,22499,35,2
955477,21,femmina,destrimana/o,italiano,restauro,No,e,A,La papera non ha preso il voto massimo%2C ma se la rana pensa che l'abbia preso%2C sarà gelosa.,The duck didn't get the top grade%2C but if the frog thinks that she did%2C he will be jealous.,17,non_factive,notpif,7,22772,23834,36,2
955477,21,femmina,destrimana/o,italiano,restauro,No,e,A,La rana non ha strisciato la finestra in soffitta%2C ma la papera è arrabbiata che l'abbia strisciata. ,I don't know if the frog crawled the attic window%2C but the duck is angry that he crawled it.,36,true_factive,dontknowwhetherand,2,27619,28633,38,2
955477,21,femmina,destrimana/o,italiano,restauro,No,e,A,Il panda non ha sottratto nulla alla rana%2C ma se le ha sottratto anche il cappello%2C la rana gli strapperà il costume da bagno.,The panda didn't steal anything from the frog%2C but if he stole her hat too%2C the frog will rip his bathing suit.,25,too,notpif,1,7634,8841,39,2
955477,21,femmina,destrimana/o,italiano,restauro,No,e,A,Non so se la papera abbia mai bruciato il pane%2C ma se l'ha bruciato di nuovo ieri%2C il panda non farà più colazione con lei.,I don't know whether the duck has ever burnt the bread%2C but if she burnt it again yesterday%2C the panda won't have breakfast with her anymore.,30,again,dontknowwhether,2,37748,38552,41,2
955477,21,femmina,destrimana/o,italiano,restauro,No,e,A,La papera non ha smarrito il bracciale dell'amicizia%2C ma se la rana pensa che l'abbia smarrito%2C sarà molto delusa.,The duck didn't lose the friendship bracelet%2C but if the frog thinks that she did%2C he will be very disappointed.,19,non_factive,notpif,3,7994,8738,44,2
955477,21,femmina,destrimana/o,italiano,restauro,No,e,A,Non so se il panda abbia rotto qualcosa%2C ma se ha rotto anche il vaso di porcellana%2C la rana andrà su tutte le furie.,I don't know whether the panda broke anything%2C but if he broke the porcelaine vase too%2C the frog will flare up.,28,too,dontknowwhether,4,17385,18700,46,2
955477,21,femmina,destrimana/o,italiano,restauro,No,e,A,Non so se il panda abbia bucato il pallone da calcio%2C ma se la rana è arrabbiata che l'abbia bucato%2C gli verserà del latte sul computer.,I don't know whether the panda punctured the football%2C but if the frog is angry that he did%2C he will pour milk over his laptop.,2,true_factive,dontknowwhether,3,10690,11450,48,2
955477,21,femmina,destrimana/o,italiano,restauro,No,e,A,La rana non ha mai usato il giocattolo della papera%2C ma se l'ha usato di nuovo ieri%2C la papera le getterà tutti i disegni nel fango.,The frog has never used the duck's toy%2C but if she used it again yesterday%2C the duck will throw all her drawing in the mud.,29,again,notpif,1,10439,11961,51,3
955477,21,femmina,destrimana/o,italiano,restauro,No,e,A,Il panda non ha spaccato il trenino%2C ma se la papera crede che l'abbia spaccato%2C gli ruberà il quaderno da colorare. ,The panda didn't break the model train%2C but if the duck believes that he did%2C she will steal his coloring book.,21,non_factive,notpif,6,53615,54861,52,3
955477,21,femmina,destrimana/o,italiano,restauro,No,e,A,La papera non ha mollato il corso di nuoto%2C ma il panda è triste che l'abbia mollato. ,I don't know if the duck quit swimming class%2C but the panda is sad that he quit it.,40,true_factive,dontknowwhetherand,1,6537,7391,56,3
955477,21,femmina,destrimana/o,italiano,restauro,No,e,A,Non so se la papera abbia imbrattato il muro%2C ma se il panda crede che l'abbia imbrattato%2C le nasconderà tutti i pennarelli.,I don't know whether the duck painted the wall%2C but if the panda believes that she did%2C he will hide all of her crayons.,24,non_factive,dontknowwhether,7,8221,10211,58,3
955477,21,femmina,destrimana/o,italiano,restauro,No,e,A,Il panda non ha bruciato l'album di foto%2C ma se la rana è triste che l'abbia bruciato%2C piangerà a dirotto.,The panda didn't burn the photo album%2C but if the frog is sad that he did%2C he will cry his eyes out.,7,true_factive,notpif,1,24917,25573,61,3
955477,21,femmina,destrimana/o,italiano,restauro,No,e,A,La rana non ha truccato il mazzo di carte%2C ma se il panda capisce che l'ha truccato%2C la escluderà dal prossimo pigiama party. ,The frog didn't manipulate the deck%2C but if the panda understands that she did%2C he will uninvite him from the next sleepover.,9,semi_factive,notpif,2,6962,7837,62,3
955477,21,femmina,destrimana/o,italiano,restauro,No,e,A,Non so se la rana abbia strappato il biglietto di auguri%2C ma se il panda pensa che l'abbia strappato%2C si metterà a piangere.,I don't know whether the frog tore up the birthday card%2C but if the panda thinks that he did%2C he will start to cry.,20,non_factive,dontknowwhether,6,8802,16848,64,3
955477,21,femmina,destrimana/o,italiano,restauro,No,e,A,Il panda non ha mai offeso la rana%2C ma se l'ha offesa di nuovo ieri%2C la rana lo prenderà in giro davanti a tutti.,The panda has never offended the frog%2C but if he offended her again yesterday%2C the frog will make fun of him in font of everybody.,31,again,notpif,1,8495,10687,66,3
955477,21,femmina,destrimana/o,italiano,restauro,No,e,A,Non so se la papera abbia buttato via la cartolina%2C ma se il panda capisce che l'ha buttata via%2C non le parlerà mai più.,I don't know whether the duck threw away the postcard%2C but if the panda understands that she did%2C he will not speak to her anymore.,10,semi_factive,dontknowwhether,7,12955,13849,67,3
955477,21,femmina,destrimana/o,italiano,restauro,No,e,A,La rana non ha spaccato le automobiline%2C ma il panda%2C dopo averle esaminate%2C ha capito che la rana le ha spaccate.,I don't know if the frog broke the toy train%2C but the panda%2C after examining it%2C realized that the frog broke it.,41,semi_factive,dontknowwhetherand,2,9268,10039,69,3
955477,21,femmina,destrimana/o,italiano,restauro,No,e,A,Il panda non ha fatto morire le rose%2C ma la papera è arrabbiata che le abbia fatte morire. ,I don't know if the panda made the roses die%2C but the duck is angry that he made them die.,33,true_factive,dontknowwhetherand,1,8394,9455,70,3
955477,21,femmina,destrimana/o,italiano,restauro,No,e,A,Il panda non ha danneggiato il microfono%2C ma se la rana è arrabbiata che l'abbia danneggiato%2C lo escluderà dalla serata di karaoke. ,The panda didn't damage the mic%2C but if the frog is angry that he did%2C he will uninvite him from karaoke night.,3,true_factive,notpif,1,7365,10676,71,3
955477,21,femmina,destrimana/o,italiano,restauro,No,e,A,La papera non ha modificato la ricetta della torta%2C ma la rana%2C dopo averla riletta%2C si è resa conto che la papera l'ha modificata.,I don't know whether the duck changed the cake recipe%2C but the frog%2C after re-reading it%2C realized that the duck changed it.,45,semi_factive,dontknowwhetherand,1,8386,9385,72,3
955477,21,femmina,destrimana/o,italiano,restauro,No,e,A,Non so se la rana abbia squarciato l'orsacchiotto%2C ma se la papera è triste che l'abbia squarciato%2C le disegnerà sulla faccia con l'indelebile.,I don't know whether the frog cut open the teddy bear%2C but if the duck is sad that he did%2C she will draw on his face with sharpie.,6,true_factive,dontknowwhether,3,11374,14666,73,4
955477,21,femmina,destrimana/o,italiano,restauro,No,e,A,Non so se il panda abbia rubato il quaderno da colorare%2C ma se la papera è triste che l'abbia rubato%2C lo manderà via.,I don't know whether the panda stole the coloring book%2C but if the duck is sad that he did%2C she will throw him out.,8,true_factive,dontknowwhether,3,8535,9536,74,4
955477,21,femmina,destrimana/o,italiano,restauro,No,e,B,Il panda non ha forzato la serratura%2C ma la papera%2C dopo averla controllata%2C ha erroneamente capito che il panda l'ha forzata.,The panda did not pick the lock%2C but the duck%2C after checking it%2C mistakenly realized that the panda had picked it.,43,semi_factive,mistaken,7,11575,13499,77,4
955477,21,femmina,destrimana/o,italiano,restauro,No,e,B,La papera crede erroneamente che la rana abbia dato via il vestito da festa%2C ed è triste che l'abbia dato via. ,The duck mistakenly believes that the frog stole the party dress%2C and he is sad that he stole it.,39,true_factive,mistaken,7,9242,10051,78,4
955477,21,femmina,destrimana/o,italiano,restauro,No,e,B,La papera non ha smarrito la chiave della cantina%2C ma la rana%2C dopo averla cercata%2C ha erroneamente capito che la papera l'ha smarrita.,The duck did not misplace the house keys%2C but the frog%2C after looking for them%2C mistakenly realized that the duck misplaced them.,42,semi_factive,mistaken,6,18038,18792,80,4
955477,21,femmina,destrimana/o,italiano,restauro,No,e,B,Il panda non ha cambiato le regole del gioco di ruolo%2C ma la papera%2C dopo averle ripassate%2C si è erroneamente resa conto che il panda le ha cambiate.,The panda did not change the rules of the role-playing game%2C but the duck%2C after reviewing them%2C mistakenly realized that the panda changed them.,46,semi_factive,mistaken,1,9617,11789,83,4
955477,21,femmina,destrimana/o,italiano,restauro,No,e,B,La rana crede erroneamente che il panda abbia perduto l'album dei ricordi%2C ed è triste che l'abbia perduto. ,The frog mistakenly believes that the panda has lost the scrapbook%2C and he is sad that he has lost it.,38,true_factive,mistaken,6,9457,13070,84,4
955477,21,femmina,destrimana/o,italiano,restauro,No,e,B,Il panda crede erroneamente che la rana abbia forzato la porta della cantina%2C ed è arrabbiato che l'abbia forzata. ,The panda mistakenly believes that the frog smashed the cellar door%2C and is angry that he smashed it.,35,true_factive,mistaken,5,8927,13936,88,4
955477,21,femmina,destrimana/o,italiano,restauro,No,e,B,La rana non ha copiato le risposte della verifica%2C ma il panda%2C dopo averle viste%2C si è erroneamente reso conto che la rana le ha copiate.,The frog did not copy the answers in the check%2C but the panda%2C after seeing them%2C mistakenly realized that the frog copied them.,47,semi_factive,mistaken,4,11992,14727,90,4
955477,21,femmina,destrimana/o,italiano,restauro,No,e,B,La rana crede erroneamente che la papera abbia dimenticato la torta%2C ed è arrabbiata che l'abbia dimenticata. ,The frog mistakenly believes the duck forgot the cake%2C and is angry that he forgot it.,34,true_factive,mistaken,5,6410,7233,93,4
903918,19,femmina,destrimana/o,italiano,Scientifica,Sì,a,A,Non so se il panda abbia rubato il quaderno da colorare%2C ma se la papera è triste che l'abbia rubato%2C lo manderà via.,I don't know whether the panda stole the coloring book%2C but if the duck is sad that he did%2C she will throw him out.,8,true_factive,dontknowwhether,5,22721,24159,1,1
903918,19,femmina,destrimana/o,italiano,Scientifica,Sì,a,A,La rana non ha mai usato il giocattolo della papera%2C ma se l'ha usato di nuovo ieri%2C la papera le getterà tutti i disegni nel fango.,The frog has never used the duck's toy%2C but if she used it again yesterday%2C the duck will throw all her drawing in the mud.,29,again,notpif,1,22489,23504,2,1
903918,19,femmina,destrimana/o,italiano,Scientifica,Sì,a,A,La rana non ha spaccato le automobiline%2C ma il panda%2C dopo averle esaminate%2C ha capito che la rana le ha spaccate.,I don't know if the frog broke the toy train%2C but the panda%2C after examining it%2C realized that the frog broke it.,41,semi_factive,dontknowwhetherand,1,8130,9229,3,1
903918,19,femmina,destrimana/o,italiano,Scientifica,Sì,a,A,La rana non ha truccato la macchinina telecomandata%2C ma il panda%2C dopo averla usata%2C ha capito che la rana l'ha truccata.,I don't know whether the frog rigged the remote control car%2C but the panda%2C after using it%2C realized that the frog rigged it.,44,semi_factive,dontknowwhetherand,1,10480,11381,5,1
903918,19,femmina,destrimana/o,italiano,Scientifica,Sì,a,A,Non so se il panda abbia calpestato le margherite%2C ma se la rana crede che le abbia calpestate%2C preparerà dei gavettoni per punirlo.,I don't know whether the panda trampled the daisies%2C but if the frog believes that he did%2C he will prepare water balloons to punish him.,22,non_factive,dontknowwhether,6,9564,10482,6,1
903918,19,femmina,destrimana/o,italiano,Scientifica,Sì,a,A,La rana non ha finito la limonata%2C ma se la papera crede che l'abbia finita%2C andrà a comprare dei limoni.,The frog didn't finish the lemonade%2C but if the duck believes that he did%2C she will go buy lemons.,23,non_factive,notpif,7,10616,11450,8,1
903918,19,femmina,destrimana/o,italiano,Scientifica,Sì,a,A,Il panda non ha piegato le lancette dell'orologio%2C ma se la rana si rende conto che le ha piegate%2C gli urlerà contro.,The panda didn't bend the hands of the clock%2C but if the frog realizes that he did%2C he will shout at him.,13,semi_factive,notpif,2,9399,10182,10,1
903918,19,femmina,destrimana/o,italiano,Scientifica,Sì,a,A,La papera non ha preso il voto massimo%2C ma se la rana pensa che l'abbia preso%2C sarà gelosa.,The duck didn't get the top grade%2C but if the frog thinks that she did%2C he will be jealous.,17,non_factive,notpif,6,6462,7280,11,1
903918,19,femmina,destrimana/o,italiano,Scientifica,Sì,a,A,La papera non ha potato la siepe%2C ma la rana%2C dopo averla innaffiata%2C si è resa conto che la papera l'ha potata.,I don't know whether the duck pruned the hedge%2C but the frog%2C after watering it%2C realized that the duck pruned it.,48,semi_factive,dontknowwhetherand,1,12450,14452,13,1
903918,19,femmina,destrimana/o,italiano,Scientifica,Sì,a,A,Non so se la papera abbia tagliuzzato il poster%2C ma se il panda capisce che l'ha tagliuzzato%2C le verserà del succo nello zaino.,I don't know whether the duck cut the poster%2C but if the panda understands that she did%2C he will pour juice into her backpack.,12,semi_factive,dontknowwhether,5,10747,11548,17,1
903918,19,femmina,destrimana/o,italiano,Scientifica,Sì,a,A,Il panda non ha mai offeso la rana%2C ma se l'ha offesa di nuovo ieri%2C la rana lo prenderà in giro davanti a tutti.,The panda has never offended the frog%2C but if he offended her again yesterday%2C the frog will make fun of him in font of everybody.,31,again,notpif,1,8448,9333,18,1
903918,19,femmina,destrimana/o,italiano,Scientifica,Sì,a,A,La papera non ha distrutto il castello di sabbia%2C ma se il panda è triste che l'abbia distrutto%2C piangerà per tutto il giorno.,The duck didn't destroy the sand castle%2C but if the panda is sad that she did%2C he will cry all day.,5,true_factive,notpif,1,15387,16286,20,1
903918,19,femmina,destrimana/o,italiano,Scientifica,Sì,a,A,Il panda non ha bruciato l'album di foto%2C ma se la rana è triste che l'abbia bruciato%2C piangerà a dirotto.,The panda didn't burn the photo album%2C but if the frog is sad that he did%2C he will cry his eyes out.,7,true_factive,notpif,1,10084,10850,24,1
903918,19,femmina,destrimana/o,italiano,Scientifica,Sì,a,A,Non so se il panda abbia bucato il pallone da calcio%2C ma se la rana è arrabbiata che l'abbia bucato%2C gli verserà del latte sul computer.,I don't know whether the panda punctured the football%2C but if the frog is angry that he did%2C he will pour milk over his laptop.,2,true_factive,dontknowwhether,4,8516,9315,29,2
903918,19,femmina,destrimana/o,italiano,Scientifica,Sì,a,A,Non so se la papera abbia imbrattato il muro%2C ma se il panda crede che l'abbia imbrattato%2C le nasconderà tutti i pennarelli.,I don't know whether the duck painted the wall%2C but if the panda believes that she did%2C he will hide all of her crayons.,24,non_factive,dontknowwhether,4,8196,8931,31,2
903918,19,femmina,destrimana/o,italiano,Scientifica,Sì,a,A,Non so se la rana abbia squarciato l'orsacchiotto%2C ma se la papera è triste che l'abbia squarciato%2C le disegnerà sulla faccia con l'indelebile.,I don't know whether the frog cut open the teddy bear%2C but if the duck is sad that he did%2C she will draw on his face with sharpie.,6,true_factive,dontknowwhether,3,15622,17204,32,2
903918,19,femmina,destrimana/o,italiano,Scientifica,Sì,a,A,Non so se la papera abbia mai bruciato il pane%2C ma se l'ha bruciato di nuovo ieri%2C il panda non farà più colazione con lei.,I don't know whether the duck has ever burnt the bread%2C but if she burnt it again yesterday%2C the panda won't have breakfast with her anymore.,30,again,dontknowwhether,1,3276,4077,33,2
903918,19,femmina,destrimana/o,italiano,Scientifica,Sì,a,A,Non so se la rana abbia strappato il biglietto di auguri%2C ma se il panda pensa che l'abbia strappato%2C si metterà a piangere.,I don't know whether the frog tore up the birthday card%2C but if the panda thinks that he did%2C he will start to cry.,20,non_factive,dontknowwhether,5,5896,6663,34,2
903918,19,femmina,destrimana/o,italiano,Scientifica,Sì,a,A,Il panda non ha danneggiato il microfono%2C ma se la rana è arrabbiata che l'abbia danneggiato%2C lo escluderà dalla serata di karaoke. ,The panda didn't damage the mic%2C but if the frog is angry that he did%2C he will uninvite him from karaoke night.,3,true_factive,notpif,1,15435,16404,36,2
903918,19,femmina,destrimana/o,italiano,Scientifica,Sì,a,A,Non so se la rana abbia mai rovesciato la bottiglia d'olio%2C ma se l'ha rovesciata di nuovo ieri%2C la paperà le farà pulire tutta la cucina.,I don't know whether the frog has ever knocked over the oil bottle%2C but if she knocked it over again yesterday%2C the duck will make her clean the entire kitchen.,32,again,dontknowwhether,3,6028,6828,38,2
903918,19,femmina,destrimana/o,italiano,Scientifica,Sì,a,A,La papera non ha gettato via le bambole di pezza%2C ma il panda è triste che le abbia gettate via. ,I don't know if the duck threw away the rag dolls%2C but the panda is sad that he threw them away.,37,true_factive,dontknowwhetherand,1,5727,6461,39,2
903918,19,femmina,destrimana/o,italiano,Scientifica,Sì,a,A,La rana non ha nascosto i pennarelli%2C ma se la papera capisce che li ha nascosti%2C le sotterrerà le figurine in giardino.,The frog didn't hide the crayons%2C but if the duck understands that he did%2C she bury his favorite figurines in the yard.,11,semi_factive,notpif,2,10249,10934,40,2
903918,19,femmina,destrimana/o,italiano,Scientifica,Sì,a,A,La rana non ha strisciato la finestra in soffitta%2C ma la papera è arrabbiata che l'abbia strisciata. ,I don't know if the frog crawled the attic window%2C but the duck is angry that he crawled it.,36,true_factive,dontknowwhetherand,2,8278,9394,43,2
903918,19,femmina,destrimana/o,italiano,Scientifica,Sì,a,A,Il panda non ha sottratto nulla alla rana%2C ma se le ha sottratto anche il cappello%2C la rana gli strapperà il costume da bagno.,The panda didn't steal anything from the frog%2C but if he stole her hat too%2C the frog will rip his bathing suit.,25,too,notpif,4,5243,5761,44,2
903918,19,femmina,destrimana/o,italiano,Scientifica,Sì,a,A,La papera non ha modificato la ricetta della torta%2C ma la rana%2C dopo averla riletta%2C si è resa conto che la papera l'ha modificata.,I don't know whether the duck changed the cake recipe%2C but the frog%2C after re-reading it%2C realized that the duck changed it.,45,semi_factive,dontknowwhetherand,2,7681,8481,47,2
903918,19,femmina,destrimana/o,italiano,Scientifica,Sì,a,A,Il panda non ha fatto morire le rose%2C ma la papera è arrabbiata che le abbia fatte morire. ,I don't know if the panda made the roses die%2C but the duck is angry that he made them die.,33,true_factive,dontknowwhetherand,1,4061,4762,51,3
903918,19,femmina,destrimana/o,italiano,Scientifica,Sì,a,A,La papera non ha smarrito il bracciale dell'amicizia%2C ma se la rana pensa che l'abbia smarrito%2C sarà molto delusa.,The duck didn't lose the friendship bracelet%2C but if the frog thinks that she did%2C he will be very disappointed.,19,non_factive,notpif,4,3342,4093,53,3
903918,19,femmina,destrimana/o,italiano,Scientifica,Sì,a,A,Non so se la papera abbia rotto il vasetto di miele%2C ma se il panda si rende conto che l'ha rotto%2C le terrà il broncio.,I don't know whether the duck broke the honey jar%2C but if the panda realizes that she did%2C he will pout.,14,semi_factive,dontknowwhether,6,4510,8147,55,3
903918,19,femmina,destrimana/o,italiano,Scientifica,Sì,a,A,Non so se la rana abbia dimenticato il compleanno della papera%2C ma se la papera pensa che l'abbia dimenticato%2C nasconderà il diario dell'amicizia nel bosco.,I don't know whether the frog forgot the duck's birthday%2C but if the duck thinks that he did%2C she will hide the friendship book in the wood.,18,non_factive,dontknowwhether,6,11531,12867,56,3
903918,19,femmina,destrimana/o,italiano,Scientifica,Sì,a,A,La rana non ha truccato il mazzo di carte%2C ma se il panda capisce che l'ha truccato%2C la escluderà dal prossimo pigiama party. ,The frog didn't manipulate the deck%2C but if the panda understands that she did%2C he will uninvite him from the next sleepover.,9,semi_factive,notpif,1,6928,8480,58,3
903918,19,femmina,destrimana/o,italiano,Scientifica,Sì,a,A,La papera non ha perso l'aquilone%2C ma se il panda è arrabbiato che l'abbia perso%2C le getterà gli occhiali da sole in mare.,The duck didn't lose the kite%2C but if the panda is angry that she did%2C he will hurl her sunglasses in the sea.,1,true_factive,notpif,2,19674,20708,59,3
903918,19,femmina,destrimana/o,italiano,Scientifica,Sì,a,A,Il panda non ha forato il gonfiabile%2C ma se la rana si rende conto che l'ha forato%2C lo dirà alla maestra.,The panda didn't make a hole in the bouncy castle%2C but if the frog realizes that he did%2C he will tell the teacher.,15,semi_factive,notpif,1,10268,11202,60,3
903918,19,femmina,destrimana/o,italiano,Scientifica,Sì,a,A,La papera non ha sporcato nulla%2C ma se ha sporcato anche il tappeto%2C il panda non la inviterà più a casa sua.,The duck didn't dirty anything%2C but if she dirtied the carpet too%2C the panda won't invite her anymore.,27,too,notpif,1,3993,5878,61,3
903918,19,femmina,destrimana/o,italiano,Scientifica,Sì,a,A,Il panda non ha spaccato il trenino%2C ma se la papera crede che l'abbia spaccato%2C gli ruberà il quaderno da colorare. ,The panda didn't break the model train%2C but if the duck believes that he did%2C she will steal his coloring book.,21,non_factive,notpif,4,7265,8047,65,3
903918,19,femmina,destrimana/o,italiano,Scientifica,Sì,a,A,Non so se la rana abbia rovinato il puzzle%2C ma se il panda è arrabbiato che l'abbia rovinato%2C le butterà le scarpe fuori dalla finestra.,I don't know whether the frog ruined the puzzle%2C but if the panda is angry that he did%2C he will throw his shoes out of the window.,4,true_factive,dontknowwhether,6,7230,8099,66,3
903918,19,femmina,destrimana/o,italiano,Scientifica,Sì,a,A,Non so se il panda abbia rotto qualcosa%2C ma se ha rotto anche il vaso di porcellana%2C la rana andrà su tutte le furie.,I don't know whether the panda broke anything%2C but if he broke the porcelaine vase too%2C the frog will flare up.,28,too,dontknowwhether,7,5129,5879,69,3
903918,19,femmina,destrimana/o,italiano,Scientifica,Sì,a,A,La papera non ha mollato il corso di nuoto%2C ma il panda è triste che l'abbia mollato. ,I don't know if the duck quit swimming class%2C but the panda is sad that he quit it.,40,true_factive,dontknowwhetherand,1,5963,6831,70,3
903918,19,femmina,destrimana/o,italiano,Scientifica,Sì,a,A,Non so se la papera abbia buttato via la cartolina%2C ma se il panda capisce che l'ha buttata via%2C non le parlerà mai più.,I don't know whether the duck threw away the postcard%2C but if the panda understands that she did%2C he will not speak to her anymore.,10,semi_factive,dontknowwhether,5,6463,7197,71,3
903918,19,femmina,destrimana/o,italiano,Scientifica,Sì,a,A,Non so se il panda abbia letto il diario segreto%2C ma se la rana si rende conto che l'ha letto%2C considererà la loro amicizia rovinata.,I don't know whether the panda read the diary%2C but if the frog realizes that he did%2C he will consider their friendship ruined.,16,semi_factive,dontknowwhether,7,6029,6897,72,3
903918,19,femmina,destrimana/o,italiano,Scientifica,Sì,a,A,Non so se la rana abbia perduto qualcosa%2C ma se ha perduto anche le chiavi%2C la papera andrà nel panico.,I don't know whether the frog lost anything%2C but if she lost the keys too%2C the duck will panic.,26,too,dontknowwhether,7,4112,4879,73,4
903918,19,femmina,destrimana/o,italiano,Scientifica,Sì,a,B,La papera non ha smarrito la chiave della cantina%2C ma la rana%2C dopo averla cercata%2C ha erroneamente capito che la papera l'ha smarrita.,The duck did not misplace the house keys%2C but the frog%2C after looking for them%2C mistakenly realized that the duck misplaced them.,42,semi_factive,mistaken,7,6715,7515,77,4
903918,19,femmina,destrimana/o,italiano,Scientifica,Sì,a,B,Il panda crede erroneamente che la rana abbia forzato la porta della cantina%2C ed è arrabbiato che l'abbia forzata. ,The panda mistakenly believes that the frog smashed the cellar door%2C and is angry that he smashed it.,35,true_factive,mistaken,3,4094,4745,80,4
903918,19,femmina,destrimana/o,italiano,Scientifica,Sì,a,B,La rana non ha copiato le risposte della verifica%2C ma il panda%2C dopo averle viste%2C si è erroneamente reso conto che la rana le ha copiate.,The frog did not copy the answers in the check%2C but the panda%2C after seeing them%2C mistakenly realized that the frog copied them.,47,semi_factive,mistaken,2,2978,4747,82,4
903918,19,femmina,destrimana/o,italiano,Scientifica,Sì,a,B,La rana crede erroneamente che il panda abbia perduto l'album dei ricordi%2C ed è triste che l'abbia perduto. ,The frog mistakenly believes that the panda has lost the scrapbook%2C and he is sad that he has lost it.,38,true_factive,mistaken,5,1106,1824,85,4
903918,19,femmina,destrimana/o,italiano,Scientifica,Sì,a,B,La rana crede erroneamente che la papera abbia dimenticato la torta%2C ed è arrabbiata che l'abbia dimenticata. ,The frog mistakenly believes the duck forgot the cake%2C and is angry that he forgot it.,34,true_factive,mistaken,5,859,1477,88,4
903918,19,femmina,destrimana/o,italiano,Scientifica,Sì,a,B,Il panda non ha cambiato le regole del gioco di ruolo%2C ma la papera%2C dopo averle ripassate%2C si è erroneamente resa conto che il panda le ha cambiate.,The panda did not change the rules of the role-playing game%2C but the duck%2C after reviewing them%2C mistakenly realized that the panda changed them.,46,semi_factive,mistaken,4,1725,2427,89,4
903918,19,femmina,destrimana/o,italiano,Scientifica,Sì,a,B,Il panda non ha forzato la serratura%2C ma la papera%2C dopo averla controllata%2C ha erroneamente capito che il panda l'ha forzata.,The panda did not pick the lock%2C but the duck%2C after checking it%2C mistakenly realized that the panda had picked it.,43,semi_factive,mistaken,4,3610,4595,91,4
903918,19,femmina,destrimana/o,italiano,Scientifica,Sì,a,B,La papera crede erroneamente che la rana abbia dato via il vestito da festa%2C ed è triste che l'abbia dato via. ,The duck mistakenly believes that the frog stole the party dress%2C and he is sad that he stole it.,39,true_factive,mistaken,4,840,1674,92,4
655204,22,maschio,destrimana/o,italiano,architettura,No,a,A,La papera non ha preso il voto massimo%2C ma se la rana pensa che l'abbia preso%2C sarà gelosa.,The duck didn't get the top grade%2C but if the frog thinks that she did%2C he will be jealous.,17,non_factive,notpif,6,27262,28459,1,1
655204,22,maschio,destrimana/o,italiano,architettura,No,a,A,Non so se il panda abbia letto il diario segreto%2C ma se la rana si rende conto che l'ha letto%2C considererà la loro amicizia rovinata.,I don't know whether the panda read the diary%2C but if the frog realizes that he did%2C he will consider their friendship ruined.,16,semi_factive,dontknowwhether,5,18522,19946,3,1
655204,22,maschio,destrimana/o,italiano,architettura,No,a,A,La papera non ha potato la siepe%2C ma la rana%2C dopo averla innaffiata%2C si è resa conto che la papera l'ha potata.,I don't know whether the duck pruned the hedge%2C but the frog%2C after watering it%2C realized that the duck pruned it.,48,semi_factive,dontknowwhetherand,1,33564,34485,5,1
655204,22,maschio,destrimana/o,italiano,architettura,No,a,A,Il panda non ha sottratto nulla alla rana%2C ma se le ha sottratto anche il cappello%2C la rana gli strapperà il costume da bagno.,The panda didn't steal anything from the frog%2C but if he stole her hat too%2C the frog will rip his bathing suit.,25,too,notpif,1,27013,28004,6,1
655204,22,maschio,destrimana/o,italiano,architettura,No,a,A,La rana non ha strisciato la finestra in soffitta%2C ma la papera è arrabbiata che l'abbia strisciata. ,I don't know if the frog crawled the attic window%2C but the duck is angry that he crawled it.,36,true_factive,dontknowwhetherand,2,27429,28436,8,1
655204,22,maschio,destrimana/o,italiano,architettura,No,a,A,Non so se la papera abbia imbrattato il muro%2C ma se il panda crede che l'abbia imbrattato%2C le nasconderà tutti i pennarelli.,I don't know whether the duck painted the wall%2C but if the panda believes that she did%2C he will hide all of her crayons.,24,non_factive,dontknowwhether,6,22013,22949,9,1
655204,22,maschio,destrimana/o,italiano,architettura,No,a,A,Non so se la papera abbia rotto il vasetto di miele%2C ma se il panda si rende conto che l'ha rotto%2C le terrà il broncio.,I don't know whether the duck broke the honey jar%2C but if the panda realizes that she did%2C he will pout.,14,semi_factive,dontknowwhether,6,12541,18437,12,1
655204,22,maschio,destrimana/o,italiano,architettura,No,a,A,La papera non ha smarrito il bracciale dell'amicizia%2C ma se la rana pensa che l'abbia smarrito%2C sarà molto delusa.,The duck didn't lose the friendship bracelet%2C but if the frog thinks that she did%2C he will be very disappointed.,19,non_factive,notpif,6,6499,7780,19,1
655204,22,maschio,destrimana/o,italiano,architettura,No,a,A,La papera non ha mollato il corso di nuoto%2C ma il panda è triste che l'abbia mollato. ,I don't know if the duck quit swimming class%2C but the panda is sad that he quit it.,40,true_factive,dontknowwhetherand,1,4219,5091,20,1
655204,22,maschio,destrimana/o,italiano,architettura,No,a,A,La rana non ha mai usato il giocattolo della papera%2C ma se l'ha usato di nuovo ieri%2C la papera le getterà tutti i disegni nel fango.,The frog has never used the duck's toy%2C but if she used it again yesterday%2C the duck will throw all her drawing in the mud.,29,again,notpif,1,7756,8574,22,1
655204,22,maschio,destrimana/o,italiano,architettura,No,a,A,Il panda non ha spaccato il trenino%2C ma se la papera crede che l'abbia spaccato%2C gli ruberà il quaderno da colorare. ,The panda didn't break the model train%2C but if the duck believes that he did%2C she will steal his coloring book.,21,non_factive,notpif,6,6787,7699,23,1
655204,22,maschio,destrimana/o,italiano,architettura,No,a,A,Il panda non ha fatto morire le rose%2C ma la papera è arrabbiata che le abbia fatte morire. ,I don't know if the panda made the roses die%2C but the duck is angry that he made them die.,33,true_factive,dontknowwhetherand,1,4221,5499,25,2
655204,22,maschio,destrimana/o,italiano,architettura,No,a,A,La papera non ha sporcato nulla%2C ma se ha sporcato anche il tappeto%2C il panda non la inviterà più a casa sua.,The duck didn't dirty anything%2C but if she dirtied the carpet too%2C the panda won't invite her anymore.,27,too,notpif,1,4356,5205,27,2
655204,22,maschio,destrimana/o,italiano,architettura,No,a,A,Il panda non ha danneggiato il microfono%2C ma se la rana è arrabbiata che l'abbia danneggiato%2C lo escluderà dalla serata di karaoke. ,The panda didn't damage the mic%2C but if the frog is angry that he did%2C he will uninvite him from karaoke night.,3,true_factive,notpif,1,44964,45996,28,2
655204,22,maschio,destrimana/o,italiano,architettura,No,a,A,La rana non ha truccato la macchinina telecomandata%2C ma il panda%2C dopo averla usata%2C ha capito che la rana l'ha truccata.,I don't know whether the frog rigged the remote control car%2C but the panda%2C after using it%2C realized that the frog rigged it.,44,semi_factive,dontknowwhetherand,1,6564,7413,29,2
655204,22,maschio,destrimana/o,italiano,architettura,No,a,A,La rana non ha nascosto i pennarelli%2C ma se la papera capisce che li ha nascosti%2C le sotterrerà le figurine in giardino.,The frog didn't hide the crayons%2C but if the duck understands that he did%2C she bury his favorite figurines in the yard.,11,semi_factive,notpif,1,3836,4981,30,2
655204,22,maschio,destrimana/o,italiano,architettura,No,a,A,Non so se il panda abbia calpestato le margherite%2C ma se la rana crede che le abbia calpestate%2C preparerà dei gavettoni per punirlo.,I don't know whether the panda trampled the daisies%2C but if the frog believes that he did%2C he will prepare water balloons to punish him.,22,non_factive,dontknowwhether,6,7981,8965,34,2
655204,22,maschio,destrimana/o,italiano,architettura,No,a,A,La papera non ha gettato via le bambole di pezza%2C ma il panda è triste che le abbia gettate via. ,I don't know if the duck threw away the rag dolls%2C but the panda is sad that he threw them away.,37,true_factive,dontknowwhetherand,1,5317,6037,35,2
655204,22,maschio,destrimana/o,italiano,architettura,No,a,A,Il panda non ha mai offeso la rana%2C ma se l'ha offesa di nuovo ieri%2C la rana lo prenderà in giro davanti a tutti.,The panda has never offended the frog%2C but if he offended her again yesterday%2C the frog will make fun of him in font of everybody.,31,again,notpif,1,10197,10949,36,2
655204,22,maschio,destrimana/o,italiano,architettura,No,a,A,Non so se la papera abbia tagliuzzato il poster%2C ma se il panda capisce che l'ha tagliuzzato%2C le verserà del succo nello zaino.,I don't know whether the duck cut the poster%2C but if the panda understands that she did%2C he will pour juice into her backpack.,12,semi_factive,dontknowwhether,6,6157,7045,37,2
655204,22,maschio,destrimana/o,italiano,architettura,No,a,A,Non so se la papera abbia buttato via la cartolina%2C ma se il panda capisce che l'ha buttata via%2C non le parlerà mai più.,I don't know whether the duck threw away the postcard%2C but if the panda understands that she did%2C he will not speak to her anymore.,10,semi_factive,dontknowwhether,5,52614,53261,40,2
655204,22,maschio,destrimana/o,italiano,architettura,No,a,A,Non so se la papera abbia mai bruciato il pane%2C ma se l'ha bruciato di nuovo ieri%2C il panda non farà più colazione con lei.,I don't know whether the duck has ever burnt the bread%2C but if she burnt it again yesterday%2C the panda won't have breakfast with her anymore.,30,again,dontknowwhether,3,9716,10605,41,2
655204,22,maschio,destrimana/o,italiano,architettura,No,a,A,Il panda non ha piegato le lancette dell'orologio%2C ma se la rana si rende conto che le ha piegate%2C gli urlerà contro.,The panda didn't bend the hands of the clock%2C but if the frog realizes that he did%2C he will shout at him.,13,semi_factive,notpif,5,11227,13978,42,2
655204,22,maschio,destrimana/o,italiano,architettura,No,a,A,Non so se la rana abbia perduto qualcosa%2C ma se ha perduto anche le chiavi%2C la papera andrà nel panico.,I don't know whether the frog lost anything%2C but if she lost the keys too%2C the duck will panic.,26,too,dontknowwhether,3,14683,15636,43,2
655204,22,maschio,destrimana/o,italiano,architettura,No,a,A,Non so se la rana abbia squarciato l'orsacchiotto%2C ma se la papera è triste che l'abbia squarciato%2C le disegnerà sulla faccia con l'indelebile.,I don't know whether the frog cut open the teddy bear%2C but if the duck is sad that he did%2C she will draw on his face with sharpie.,6,true_factive,dontknowwhether,4,15869,16638,46,2
655204,22,maschio,destrimana/o,italiano,architettura,No,a,A,Il panda non ha bruciato l'album di foto%2C ma se la rana è triste che l'abbia bruciato%2C piangerà a dirotto.,The panda didn't burn the photo album%2C but if the frog is sad that he did%2C he will cry his eyes out.,7,true_factive,notpif,4,8540,9659,47,2
655204,22,maschio,destrimana/o,italiano,architettura,No,a,A,Non so se il panda abbia bucato il pallone da calcio%2C ma se la rana è arrabbiata che l'abbia bucato%2C gli verserà del latte sul computer.,I don't know whether the panda punctured the football%2C but if the frog is angry that he did%2C he will pour milk over his laptop.,2,true_factive,dontknowwhether,4,4245,5414,48,2
655204,22,maschio,destrimana/o,italiano,architettura,No,a,A,La papera non ha modificato la ricetta della torta%2C ma la rana%2C dopo averla riletta%2C si è resa conto che la papera l'ha modificata.,I don't know whether the duck changed the cake recipe%2C but the frog%2C after re-reading it%2C realized that the duck changed it.,45,semi_factive,dontknowwhetherand,3,12812,13691,49,3
655204,22,maschio,destrimana/o,italiano,architettura,No,a,A,Il panda non ha forato il gonfiabile%2C ma se la rana si rende conto che l'ha forato%2C lo dirà alla maestra.,The panda didn't make a hole in the bouncy castle%2C but if the frog realizes that he did%2C he will tell the teacher.,15,semi_factive,notpif,2,8517,9324,50,3
655204,22,maschio,destrimana/o,italiano,architettura,No,a,A,Non so se la rana abbia dimenticato il compleanno della papera%2C ma se la papera pensa che l'abbia dimenticato%2C nasconderà il diario dell'amicizia nel bosco.,I don't know whether the frog forgot the duck's birthday%2C but if the duck thinks that he did%2C she will hide the friendship book in the wood.,18,non_factive,dontknowwhether,5,11287,12589,51,3
655204,22,maschio,destrimana/o,italiano,architettura,No,a,A,Non so se la rana abbia strappato il biglietto di auguri%2C ma se il panda pensa che l'abbia strappato%2C si metterà a piangere.,I don't know whether the frog tore up the birthday card%2C but if the panda thinks that he did%2C he will start to cry.,20,non_factive,dontknowwhether,6,5260,6292,52,3
655204,22,maschio,destrimana/o,italiano,architettura,No,a,A,Non so se la rana abbia mai rovesciato la bottiglia d'olio%2C ma se l'ha rovesciata di nuovo ieri%2C la paperà le farà pulire tutta la cucina.,I don't know whether the frog has ever knocked over the oil bottle%2C but if she knocked it over again yesterday%2C the duck will make her clean the entire kitchen.,32,again,dontknowwhether,3,12620,13596,55,3
655204,22,maschio,destrimana/o,italiano,architettura,No,a,A,Non so se il panda abbia rubato il quaderno da colorare%2C ma se la papera è triste che l'abbia rubato%2C lo manderà via.,I don't know whether the panda stole the coloring book%2C but if the duck is sad that he did%2C she will throw him out.,8,true_factive,dontknowwhether,5,13227,13963,56,3
655204,22,maschio,destrimana/o,italiano,architettura,No,a,A,La rana non ha finito la limonata%2C ma se la papera crede che l'abbia finita%2C andrà a comprare dei limoni.,The frog didn't finish the lemonade%2C but if the duck believes that he did%2C she will go buy lemons.,23,non_factive,notpif,6,9781,10372,64,3
655204,22,maschio,destrimana/o,italiano,architettura,No,a,A,La rana non ha truccato il mazzo di carte%2C ma se il panda capisce che l'ha truccato%2C la escluderà dal prossimo pigiama party. ,The frog didn't manipulate the deck%2C but if the panda understands that she did%2C he will uninvite him from the next sleepover.,9,semi_factive,notpif,6,6724,7500,67,3
655204,22,maschio,destrimana/o,italiano,architettura,No,a,A,La rana non ha spaccato le automobiline%2C ma il panda%2C dopo averle esaminate%2C ha capito che la rana le ha spaccate.,I don't know if the frog broke the toy train%2C but the panda%2C after examining it%2C realized that the frog broke it.,41,semi_factive,dontknowwhetherand,2,7656,8293,68,3
655204,22,maschio,destrimana/o,italiano,architettura,No,a,A,Non so se il panda abbia rotto qualcosa%2C ma se ha rotto anche il vaso di porcellana%2C la rana andrà su tutte le furie.,I don't know whether the panda broke anything%2C but if he broke the porcelaine vase too%2C the frog will flare up.,28,too,dontknowwhether,5,4732,7508,69,3
655204,22,maschio,destrimana/o,italiano,architettura,No,a,A,La papera non ha perso l'aquilone%2C ma se il panda è arrabbiato che l'abbia perso%2C le getterà gli occhiali da sole in mare.,The duck didn't lose the kite%2C but if the panda is angry that she did%2C he will hurl her sunglasses in the sea.,1,true_factive,notpif,2,6253,7996,73,4
655204,22,maschio,destrimana/o,italiano,architettura,No,a,A,Non so se la rana abbia rovinato il puzzle%2C ma se il panda è arrabbiato che l'abbia rovinato%2C le butterà le scarpe fuori dalla finestra.,I don't know whether the frog ruined the puzzle%2C but if the panda is angry that he did%2C he will throw his shoes out of the window.,4,true_factive,dontknowwhether,5,5895,6311,74,4
655204,22,maschio,destrimana/o,italiano,architettura,No,a,A,La papera non ha distrutto il castello di sabbia%2C ma se il panda è triste che l'abbia distrutto%2C piangerà per tutto il giorno.,The duck didn't destroy the sand castle%2C but if the panda is sad that she did%2C he will cry all day.,5,true_factive,notpif,5,4102,4494,75,4
655204,22,maschio,destrimana/o,italiano,architettura,No,a,B,La rana crede erroneamente che il panda abbia perduto l'album dei ricordi%2C ed è triste che l'abbia perduto. ,The frog mistakenly believes that the panda has lost the scrapbook%2C and he is sad that he has lost it.,38,true_factive,mistaken,3,14734,15414,76,4
655204,22,maschio,destrimana/o,italiano,architettura,No,a,B,Il panda crede erroneamente che la rana abbia forzato la porta della cantina%2C ed è arrabbiato che l'abbia forzata. ,The panda mistakenly believes that the frog smashed the cellar door%2C and is angry that he smashed it.,35,true_factive,mistaken,3,6407,7021,77,4
655204,22,maschio,destrimana/o,italiano,architettura,No,a,B,La papera crede erroneamente che la rana abbia dato via il vestito da festa%2C ed è triste che l'abbia dato via. ,The duck mistakenly believes that the frog stole the party dress%2C and he is sad that he stole it.,39,true_factive,mistaken,3,7597,8349,78,4
655204,22,maschio,destrimana/o,italiano,architettura,No,a,B,Il panda non ha forzato la serratura%2C ma la papera%2C dopo averla controllata%2C ha erroneamente capito che il panda l'ha forzata.,The panda did not pick the lock%2C but the duck%2C after checking it%2C mistakenly realized that the panda had picked it.,43,semi_factive,mistaken,2,9542,16021,84,4
655204,22,maschio,destrimana/o,italiano,architettura,No,a,B,Il panda non ha cambiato le regole del gioco di ruolo%2C ma la papera%2C dopo averle ripassate%2C si è erroneamente resa conto che il panda le ha cambiate.,The panda did not change the rules of the role-playing game%2C but the duck%2C after reviewing them%2C mistakenly realized that the panda changed them.,46,semi_factive,mistaken,2,7973,9300,85,4
655204,22,maschio,destrimana/o,italiano,architettura,No,a,B,La rana non ha copiato le risposte della verifica%2C ma il panda%2C dopo averle viste%2C si è erroneamente reso conto che la rana le ha copiate.,The frog did not copy the answers in the check%2C but the panda%2C after seeing them%2C mistakenly realized that the frog copied them.,47,semi_factive,mistaken,2,3493,4108,90,4
655204,22,maschio,destrimana/o,italiano,architettura,No,a,B,La papera non ha smarrito la chiave della cantina%2C ma la rana%2C dopo averla cercata%2C ha erroneamente capito che la papera l'ha smarrita.,The duck did not misplace the house keys%2C but the frog%2C after looking for them%2C mistakenly realized that the duck misplaced them.,42,semi_factive,mistaken,2,3179,4372,92,4
655204,22,maschio,destrimana/o,italiano,architettura,No,a,B,La rana crede erroneamente che la papera abbia dimenticato la torta%2C ed è arrabbiata che l'abbia dimenticata. ,The frog mistakenly believes the duck forgot the cake%2C and is angry that he forgot it.,34,true_factive,mistaken,5,6573,7564,94,4
83842,19,femmina,destrimana/o,italiano,Psicologia,Sì,c,A,Non so se il panda abbia letto il diario segreto%2C ma se la rana si rende conto che l'ha letto%2C considererà la loro amicizia rovinata.,I don't know whether the panda read the diary%2C but if the frog realizes that he did%2C he will consider their friendship ruined.,16,semi_factive,dontknowwhether,7,9408,13192,3,1
83842,19,femmina,destrimana/o,italiano,Psicologia,Sì,c,A,La papera non ha distrutto il castello di sabbia%2C ma se il panda è triste che l'abbia distrutto%2C piangerà per tutto il giorno.,The duck didn't destroy the sand castle%2C but if the panda is sad that she did%2C he will cry all day.,5,true_factive,notpif,3,13046,15242,4,1
83842,19,femmina,destrimana/o,italiano,Psicologia,Sì,c,A,Non so se la papera abbia buttato via la cartolina%2C ma se il panda capisce che l'ha buttata via%2C non le parlerà mai più.,I don't know whether the duck threw away the postcard%2C but if the panda understands that she did%2C he will not speak to her anymore.,10,semi_factive,dontknowwhether,7,14094,21017,5,1
83842,19,femmina,destrimana/o,italiano,Psicologia,Sì,c,A,La papera non ha mollato il corso di nuoto%2C ma il panda è triste che l'abbia mollato. ,I don't know if the duck quit swimming class%2C but the panda is sad that he quit it.,40,true_factive,dontknowwhetherand,1,4768,7245,6,1
83842,19,femmina,destrimana/o,italiano,Psicologia,Sì,c,A,La rana non ha truccato il mazzo di carte%2C ma se il panda capisce che l'ha truccato%2C la escluderà dal prossimo pigiama party. ,The frog didn't manipulate the deck%2C but if the panda understands that she did%2C he will uninvite him from the next sleepover.,9,semi_factive,notpif,2,12028,13427,7,1
83842,19,femmina,destrimana/o,italiano,Psicologia,Sì,c,A,Non so se la papera abbia tagliuzzato il poster%2C ma se il panda capisce che l'ha tagliuzzato%2C le verserà del succo nello zaino.,I don't know whether the duck cut the poster%2C but if the panda understands that she did%2C he will pour juice into her backpack.,12,semi_factive,dontknowwhether,2,17285,18001,13,1
83842,19,femmina,destrimana/o,italiano,Psicologia,Sì,c,A,Non so se la rana abbia mai rovesciato la bottiglia d'olio%2C ma se l'ha rovesciata di nuovo ieri%2C la paperà le farà pulire tutta la cucina.,I don't know whether the frog has ever knocked over the oil bottle%2C but if she knocked it over again yesterday%2C the duck will make her clean the entire kitchen.,32,again,dontknowwhether,2,20653,21617,15,1
83842,19,femmina,destrimana/o,italiano,Psicologia,Sì,c,A,La papera non ha gettato via le bambole di pezza%2C ma il panda è triste che le abbia gettate via. ,I don't know if the duck threw away the rag dolls%2C but the panda is sad that he threw them away.,37,true_factive,dontknowwhetherand,1,5422,6137,16,1
83842,19,femmina,destrimana/o,italiano,Psicologia,Sì,c,A,Non so se la papera abbia rotto il vasetto di miele%2C ma se il panda si rende conto che l'ha rotto%2C le terrà il broncio.,I don't know whether the duck broke the honey jar%2C but if the panda realizes that she did%2C he will pout.,14,semi_factive,dontknowwhether,2,16350,18309,18,1
83842,19,femmina,destrimana/o,italiano,Psicologia,Sì,c,A,Non so se il panda abbia calpestato le margherite%2C ma se la rana crede che le abbia calpestate%2C preparerà dei gavettoni per punirlo.,I don't know whether the panda trampled the daisies%2C but if the frog believes that he did%2C he will prepare water balloons to punish him.,22,non_factive,dontknowwhether,7,15821,16736,19,1
83842,19,femmina,destrimana/o,italiano,Psicologia,Sì,c,A,Non so se il panda abbia bucato il pallone da calcio%2C ma se la rana è arrabbiata che l'abbia bucato%2C gli verserà del latte sul computer.,I don't know whether the panda punctured the football%2C but if the frog is angry that he did%2C he will pour milk over his laptop.,2,true_factive,dontknowwhether,7,8967,9799,20,1
83842,19,femmina,destrimana/o,italiano,Psicologia,Sì,c,A,La rana non ha spaccato le automobiline%2C ma il panda%2C dopo averle esaminate%2C ha capito che la rana le ha spaccate.,I don't know if the frog broke the toy train%2C but the panda%2C after examining it%2C realized that the frog broke it.,41,semi_factive,dontknowwhetherand,1,7088,8020,21,1
83842,19,femmina,destrimana/o,italiano,Psicologia,Sì,c,A,La rana non ha strisciato la finestra in soffitta%2C ma la papera è arrabbiata che l'abbia strisciata. ,I don't know if the frog crawled the attic window%2C but the duck is angry that he crawled it.,36,true_factive,dontknowwhetherand,2,12325,13358,22,1
83842,19,femmina,destrimana/o,italiano,Psicologia,Sì,c,A,Non so se la rana abbia squarciato l'orsacchiotto%2C ma se la papera è triste che l'abbia squarciato%2C le disegnerà sulla faccia con l'indelebile.,I don't know whether the frog cut open the teddy bear%2C but if the duck is sad that he did%2C she will draw on his face with sharpie.,6,true_factive,dontknowwhether,6,19604,23416,24,1
83842,19,femmina,destrimana/o,italiano,Psicologia,Sì,c,A,Non so se il panda abbia rotto qualcosa%2C ma se ha rotto anche il vaso di porcellana%2C la rana andrà su tutte le furie.,I don't know whether the panda broke anything%2C but if he broke the porcelaine vase too%2C the frog will flare up.,28,too,dontknowwhether,7,6285,7167,25,2
83842,19,femmina,destrimana/o,italiano,Psicologia,Sì,c,A,La papera non ha preso il voto massimo%2C ma se la rana pensa che l'abbia preso%2C sarà gelosa.,The duck didn't get the top grade%2C but if the frog thinks that she did%2C he will be jealous.,17,non_factive,notpif,7,8512,9343,27,2
83842,19,femmina,destrimana/o,italiano,Psicologia,Sì,c,A,Il panda non ha sottratto nulla alla rana%2C ma se le ha sottratto anche il cappello%2C la rana gli strapperà il costume da bagno.,The panda didn't steal anything from the frog%2C but if he stole her hat too%2C the frog will rip his bathing suit.,25,too,notpif,1,11494,12342,28,2
83842,19,femmina,destrimana/o,italiano,Psicologia,Sì,c,A,La papera non ha potato la siepe%2C ma la rana%2C dopo averla innaffiata%2C si è resa conto che la papera l'ha potata.,I don't know whether the duck pruned the hedge%2C but the frog%2C after watering it%2C realized that the duck pruned it.,48,semi_factive,dontknowwhetherand,1,9111,10162,29,2
83842,19,femmina,destrimana/o,italiano,Psicologia,Sì,c,A,La rana non ha mai usato il giocattolo della papera%2C ma se l'ha usato di nuovo ieri%2C la papera le getterà tutti i disegni nel fango.,The frog has never used the duck's toy%2C but if she used it again yesterday%2C the duck will throw all her drawing in the mud.,29,again,notpif,1,9523,10289,31,2
83842,19,femmina,destrimana/o,italiano,Psicologia,Sì,c,A,Il panda non ha spaccato il trenino%2C ma se la papera crede che l'abbia spaccato%2C gli ruberà il quaderno da colorare. ,The panda didn't break the model train%2C but if the duck believes that he did%2C she will steal his coloring book.,21,non_factive,notpif,6,19541,20407,32,2
83842,19,femmina,destrimana/o,italiano,Psicologia,Sì,c,A,Il panda non ha mai offeso la rana%2C ma se l'ha offesa di nuovo ieri%2C la rana lo prenderà in giro davanti a tutti.,The panda has never offended the frog%2C but if he offended her again yesterday%2C the frog will make fun of him in font of everybody.,31,again,notpif,1,10291,11303,34,2
83842,19,femmina,destrimana/o,italiano,Psicologia,Sì,c,A,La rana non ha truccato la macchinina telecomandata%2C ma il panda%2C dopo averla usata%2C ha capito che la rana l'ha truccata.,I don't know whether the frog rigged the remote control car%2C but the panda%2C after using it%2C realized that the frog rigged it.,44,semi_factive,dontknowwhetherand,1,7330,8095,36,2
83842,19,femmina,destrimana/o,italiano,Psicologia,Sì,c,A,La papera non ha smarrito il bracciale dell'amicizia%2C ma se la rana pensa che l'abbia smarrito%2C sarà molto delusa.,The duck didn't lose the friendship bracelet%2C but if the frog thinks that she did%2C he will be very disappointed.,19,non_factive,notpif,6,14642,15674,38,2
83842,19,femmina,destrimana/o,italiano,Psicologia,Sì,c,A,La papera non ha modificato la ricetta della torta%2C ma la rana%2C dopo averla riletta%2C si è resa conto che la papera l'ha modificata.,I don't know whether the duck changed the cake recipe%2C but the frog%2C after re-reading it%2C realized that the duck changed it.,45,semi_factive,dontknowwhetherand,1,27414,28163,39,2
83842,19,femmina,destrimana/o,italiano,Psicologia,Sì,c,A,La rana non ha finito la limonata%2C ma se la papera crede che l'abbia finita%2C andrà a comprare dei limoni.,The frog didn't finish the lemonade%2C but if the duck believes that he did%2C she will go buy lemons.,23,non_factive,notpif,6,6792,7558,40,2
83842,19,femmina,destrimana/o,italiano,Psicologia,Sì,c,A,La papera non ha sporcato nulla%2C ma se ha sporcato anche il tappeto%2C il panda non la inviterà più a casa sua.,The duck didn't dirty anything%2C but if she dirtied the carpet too%2C the panda won't invite her anymore.,27,too,notpif,1,8201,9183,48,2
83842,19,femmina,destrimana/o,italiano,Psicologia,Sì,c,A,La rana non ha nascosto i pennarelli%2C ma se la papera capisce che li ha nascosti%2C le sotterrerà le figurine in giardino.,The frog didn't hide the crayons%2C but if the duck understands that he did%2C she bury his favorite figurines in the yard.,11,semi_factive,notpif,2,4557,5972,49,3
83842,19,femmina,destrimana/o,italiano,Psicologia,Sì,c,A,Il panda non ha forato il gonfiabile%2C ma se la rana si rende conto che l'ha forato%2C lo dirà alla maestra.,The panda didn't make a hole in the bouncy castle%2C but if the frog realizes that he did%2C he will tell the teacher.,15,semi_factive,notpif,2,9902,10717,51,3
83842,19,femmina,destrimana/o,italiano,Psicologia,Sì,c,A,Non so se la rana abbia rovinato il puzzle%2C ma se il panda è arrabbiato che l'abbia rovinato%2C le butterà le scarpe fuori dalla finestra.,I don't know whether the frog ruined the puzzle%2C but if the panda is angry that he did%2C he will throw his shoes out of the window.,4,true_factive,dontknowwhether,7,5319,6084,55,3
83842,19,femmina,destrimana/o,italiano,Psicologia,Sì,c,A,Il panda non ha piegato le lancette dell'orologio%2C ma se la rana si rende conto che le ha piegate%2C gli urlerà contro.,The panda didn't bend the hands of the clock%2C but if the frog realizes that he did%2C he will shout at him.,13,semi_factive,notpif,1,5823,6557,57,3
83842,19,femmina,destrimana/o,italiano,Psicologia,Sì,c,A,La papera non ha perso l'aquilone%2C ma se il panda è arrabbiato che l'abbia perso%2C le getterà gli occhiali da sole in mare.,The duck didn't lose the kite%2C but if the panda is angry that she did%2C he will hurl her sunglasses in the sea.,1,true_factive,notpif,2,4589,5337,58,3
83842,19,femmina,destrimana/o,italiano,Psicologia,Sì,c,A,Non so se la rana abbia strappato il biglietto di auguri%2C ma se il panda pensa che l'abbia strappato%2C si metterà a piangere.,I don't know whether the frog tore up the birthday card%2C but if the panda thinks that he did%2C he will start to cry.,20,non_factive,dontknowwhether,6,9236,10052,60,3
83842,19,femmina,destrimana/o,italiano,Psicologia,Sì,c,A,Non so se la rana abbia dimenticato il compleanno della papera%2C ma se la papera pensa che l'abbia dimenticato%2C nasconderà il diario dell'amicizia nel bosco.,I don't know whether the frog forgot the duck's birthday%2C but if the duck thinks that he did%2C she will hide the friendship book in the wood.,18,non_factive,dontknowwhether,7,9707,10504,61,3
83842,19,femmina,destrimana/o,italiano,Psicologia,Sì,c,A,Il panda non ha danneggiato il microfono%2C ma se la rana è arrabbiata che l'abbia danneggiato%2C lo escluderà dalla serata di karaoke. ,The panda didn't damage the mic%2C but if the frog is angry that he did%2C he will uninvite him from karaoke night.,3,true_factive,notpif,2,4574,5290,62,3
83842,19,femmina,destrimana/o,italiano,Psicologia,Sì,c,A,Il panda non ha fatto morire le rose%2C ma la papera è arrabbiata che le abbia fatte morire. ,I don't know if the panda made the roses die%2C but the duck is angry that he made them die.,33,true_factive,dontknowwhetherand,6,20897,24516,65,3
83842,19,femmina,destrimana/o,italiano,Psicologia,Sì,c,A,Non so se la papera abbia mai bruciato il pane%2C ma se l'ha bruciato di nuovo ieri%2C il panda non farà più colazione con lei.,I don't know whether the duck has ever burnt the bread%2C but if she burnt it again yesterday%2C the panda won't have breakfast with her anymore.,30,again,dontknowwhether,4,8544,9389,66,3
83842,19,femmina,destrimana/o,italiano,Psicologia,Sì,c,A,Non so se il panda abbia rubato il quaderno da colorare%2C ma se la papera è triste che l'abbia rubato%2C lo manderà via.,I don't know whether the panda stole the coloring book%2C but if the duck is sad that he did%2C she will throw him out.,8,true_factive,dontknowwhether,6,9620,12963,69,3
83842,19,femmina,destrimana/o,italiano,Psicologia,Sì,c,A,Non so se la rana abbia perduto qualcosa%2C ma se ha perduto anche le chiavi%2C la papera andrà nel panico.,I don't know whether the frog lost anything%2C but if she lost the keys too%2C the duck will panic.,26,too,dontknowwhether,7,8626,9524,70,3
83842,19,femmina,destrimana/o,italiano,Psicologia,Sì,c,A,Non so se la papera abbia imbrattato il muro%2C ma se il panda crede che l'abbia imbrattato%2C le nasconderà tutti i pennarelli.,I don't know whether the duck painted the wall%2C but if the panda believes that she did%2C he will hide all of her crayons.,24,non_factive,dontknowwhether,7,7174,7952,73,4
83842,19,femmina,destrimana/o,italiano,Psicologia,Sì,c,A,Il panda non ha bruciato l'album di foto%2C ma se la rana è triste che l'abbia bruciato%2C piangerà a dirotto.,The panda didn't burn the photo album%2C but if the frog is sad that he did%2C he will cry his eyes out.,7,true_factive,notpif,2,5939,6703,74,4
83842,19,femmina,destrimana/o,italiano,Psicologia,Sì,c,B,La papera crede erroneamente che la rana abbia dato via il vestito da festa%2C ed è triste che l'abbia dato via. ,The duck mistakenly believes that the frog stole the party dress%2C and he is sad that he stole it.,39,true_factive,mistaken,7,10383,11068,79,4
83842,19,femmina,destrimana/o,italiano,Psicologia,Sì,c,B,La rana non ha copiato le risposte della verifica%2C ma il panda%2C dopo averle viste%2C si è erroneamente reso conto che la rana le ha copiate.,The frog did not copy the answers in the check%2C but the panda%2C after seeing them%2C mistakenly realized that the frog copied them.,47,semi_factive,mistaken,7,5983,7246,80,4
83842,19,femmina,destrimana/o,italiano,Psicologia,Sì,c,B,Il panda non ha forzato la serratura%2C ma la papera%2C dopo averla controllata%2C ha erroneamente capito che il panda l'ha forzata.,The panda did not pick the lock%2C but the duck%2C after checking it%2C mistakenly realized that the panda had picked it.,43,semi_factive,mistaken,7,4227,5874,82,4
83842,19,femmina,destrimana/o,italiano,Psicologia,Sì,c,B,La rana crede erroneamente che il panda abbia perduto l'album dei ricordi%2C ed è triste che l'abbia perduto. ,The frog mistakenly believes that the panda has lost the scrapbook%2C and he is sad that he has lost it.,38,true_factive,mistaken,7,3533,4331,84,4
83842,19,femmina,destrimana/o,italiano,Psicologia,Sì,c,B,Il panda crede erroneamente che la rana abbia forzato la porta della cantina%2C ed è arrabbiato che l'abbia forzata. ,The panda mistakenly believes that the frog smashed the cellar door%2C and is angry that he smashed it.,35,true_factive,mistaken,7,15702,16467,86,4
83842,19,femmina,destrimana/o,italiano,Psicologia,Sì,c,B,Il panda non ha cambiato le regole del gioco di ruolo%2C ma la papera%2C dopo averle ripassate%2C si è erroneamente resa conto che il panda le ha cambiate.,The panda did not change the rules of the role-playing game%2C but the duck%2C after reviewing them%2C mistakenly realized that the panda changed them.,46,semi_factive,mistaken,7,4999,5732,87,4
83842,19,femmina,destrimana/o,italiano,Psicologia,Sì,c,B,La papera non ha smarrito la chiave della cantina%2C ma la rana%2C dopo averla cercata%2C ha erroneamente capito che la papera l'ha smarrita.,The duck did not misplace the house keys%2C but the frog%2C after looking for them%2C mistakenly realized that the duck misplaced them.,42,semi_factive,mistaken,7,8269,9283,88,4
83842,19,femmina,destrimana/o,italiano,Psicologia,Sì,c,B,La rana crede erroneamente che la papera abbia dimenticato la torta%2C ed è arrabbiata che l'abbia dimenticata. ,The frog mistakenly believes the duck forgot the cake%2C and is angry that he forgot it.,34,true_factive,mistaken,7,3719,4482,90,4
732393,19,femmina,destrimana/o,italiano,psicologia,No,c,A,La papera non ha distrutto il castello di sabbia%2C ma se il panda è triste che l'abbia distrutto%2C piangerà per tutto il giorno.,The duck didn't destroy the sand castle%2C but if the panda is sad that she did%2C he will cry all day.,5,true_factive,notpif,2,32161,33588,1,1
732393,19,femmina,destrimana/o,italiano,psicologia,No,c,A,Non so se la rana abbia dimenticato il compleanno della papera%2C ma se la papera pensa che l'abbia dimenticato%2C nasconderà il diario dell'amicizia nel bosco.,I don't know whether the frog forgot the duck's birthday%2C but if the duck thinks that he did%2C she will hide the friendship book in the wood.,18,non_factive,dontknowwhether,7,28415,29404,4,1
732393,19,femmina,destrimana/o,italiano,psicologia,No,c,A,Non so se la papera abbia buttato via la cartolina%2C ma se il panda capisce che l'ha buttata via%2C non le parlerà mai più.,I don't know whether the duck threw away the postcard%2C but if the panda understands that she did%2C he will not speak to her anymore.,10,semi_factive,dontknowwhether,7,8861,9904,7,1
732393,19,femmina,destrimana/o,italiano,psicologia,No,c,A,Il panda non ha spaccato il trenino%2C ma se la papera crede che l'abbia spaccato%2C gli ruberà il quaderno da colorare. ,The panda didn't break the model train%2C but if the duck believes that he did%2C she will steal his coloring book.,21,non_factive,notpif,7,74335,75316,8,1
732393,19,femmina,destrimana/o,italiano,psicologia,No,c,A,Non so se la papera abbia rotto il vasetto di miele%2C ma se il panda si rende conto che l'ha rotto%2C le terrà il broncio.,I don't know whether the duck broke the honey jar%2C but if the panda realizes that she did%2C he will pout.,14,semi_factive,dontknowwhether,7,21140,22055,15,1
732393,19,femmina,destrimana/o,italiano,psicologia,No,c,A,Il panda non ha piegato le lancette dell'orologio%2C ma se la rana si rende conto che le ha piegate%2C gli urlerà contro.,The panda didn't bend the hands of the clock%2C but if the frog realizes that he did%2C he will shout at him.,13,semi_factive,notpif,1,6497,7535,18,1
732393,19,femmina,destrimana/o,italiano,psicologia,No,c,A,Non so se il panda abbia letto il diario segreto%2C ma se la rana si rende conto che l'ha letto%2C considererà la loro amicizia rovinata.,I don't know whether the panda read the diary%2C but if the frog realizes that he did%2C he will consider their friendship ruined.,16,semi_factive,dontknowwhether,7,5032,5932,21,1
732393,19,femmina,destrimana/o,italiano,psicologia,No,c,A,Non so se la rana abbia mai rovesciato la bottiglia d'olio%2C ma se l'ha rovesciata di nuovo ieri%2C la paperà le farà pulire tutta la cucina.,I don't know whether the frog has ever knocked over the oil bottle%2C but if she knocked it over again yesterday%2C the duck will make her clean the entire kitchen.,32,again,dontknowwhether,7,4519,5492,22,1
732393,19,femmina,destrimana/o,italiano,psicologia,No,c,A,Non so se il panda abbia calpestato le margherite%2C ma se la rana crede che le abbia calpestate%2C preparerà dei gavettoni per punirlo.,I don't know whether the panda trampled the daisies%2C but if the frog believes that he did%2C he will prepare water balloons to punish him.,22,non_factive,dontknowwhether,7,5724,6378,24,1
732393,19,femmina,destrimana/o,italiano,psicologia,No,c,A,Non so se la papera abbia mai bruciato il pane%2C ma se l'ha bruciato di nuovo ieri%2C il panda non farà più colazione con lei.,I don't know whether the duck has ever burnt the bread%2C but if she burnt it again yesterday%2C the panda won't have breakfast with her anymore.,30,again,dontknowwhether,7,4530,5412,26,2
732393,19,femmina,destrimana/o,italiano,psicologia,No,c,A,Non so se la papera abbia tagliuzzato il poster%2C ma se il panda capisce che l'ha tagliuzzato%2C le verserà del succo nello zaino.,I don't know whether the duck cut the poster%2C but if the panda understands that she did%2C he will pour juice into her backpack.,12,semi_factive,dontknowwhether,7,4035,5086,27,2
732393,19,femmina,destrimana/o,italiano,psicologia,No,c,A,La rana non ha truccato il mazzo di carte%2C ma se il panda capisce che l'ha truccato%2C la escluderà dal prossimo pigiama party. ,The frog didn't manipulate the deck%2C but if the panda understands that she did%2C he will uninvite him from the next sleepover.,9,semi_factive,notpif,1,5384,7093,28,2
732393,19,femmina,destrimana/o,italiano,psicologia,No,c,A,Il panda non ha mai offeso la rana%2C ma se l'ha offesa di nuovo ieri%2C la rana lo prenderà in giro davanti a tutti.,The panda has never offended the frog%2C but if he offended her again yesterday%2C the frog will make fun of him in font of everybody.,31,again,notpif,1,24959,26031,29,2
732393,19,femmina,destrimana/o,italiano,psicologia,No,c,A,Non so se la rana abbia squarciato l'orsacchiotto%2C ma se la papera è triste che l'abbia squarciato%2C le disegnerà sulla faccia con l'indelebile.,I don't know whether the frog cut open the teddy bear%2C but if the duck is sad that he did%2C she will draw on his face with sharpie.,6,true_factive,dontknowwhether,7,52237,53147,31,2
732393,19,femmina,destrimana/o,italiano,psicologia,No,c,A,Il panda non ha danneggiato il microfono%2C ma se la rana è arrabbiata che l'abbia danneggiato%2C lo escluderà dalla serata di karaoke. ,The panda didn't damage the mic%2C but if the frog is angry that he did%2C he will uninvite him from karaoke night.,3,true_factive,notpif,1,4595,5560,32,2
732393,19,femmina,destrimana/o,italiano,psicologia,No,c,A,La papera non ha preso il voto massimo%2C ma se la rana pensa che l'abbia preso%2C sarà gelosa.,The duck didn't get the top grade%2C but if the frog thinks that she did%2C he will be jealous.,17,non_factive,notpif,7,12465,13581,34,2
732393,19,femmina,destrimana/o,italiano,psicologia,No,c,A,La rana non ha mai usato il giocattolo della papera%2C ma se l'ha usato di nuovo ieri%2C la papera le getterà tutti i disegni nel fango.,The frog has never used the duck's toy%2C but if she used it again yesterday%2C the duck will throw all her drawing in the mud.,29,again,notpif,1,5223,6394,35,2
732393,19,femmina,destrimana/o,italiano,psicologia,No,c,A,Non so se il panda abbia bucato il pallone da calcio%2C ma se la rana è arrabbiata che l'abbia bucato%2C gli verserà del latte sul computer.,I don't know whether the panda punctured the football%2C but if the frog is angry that he did%2C he will pour milk over his laptop.,2,true_factive,dontknowwhether,1,46696,47673,37,2
732393,19,femmina,destrimana/o,italiano,psicologia,No,c,A,La papera non ha gettato via le bambole di pezza%2C ma il panda è triste che le abbia gettate via. ,I don't know if the duck threw away the rag dolls%2C but the panda is sad that he threw them away.,37,true_factive,dontknowwhetherand,1,6563,7692,39,2
732393,19,femmina,destrimana/o,italiano,psicologia,No,c,A,Il panda non ha fatto morire le rose%2C ma la papera è arrabbiata che le abbia fatte morire. ,I don't know if the panda made the roses die%2C but the duck is angry that he made them die.,33,true_factive,dontknowwhetherand,1,4147,5037,40,2
732393,19,femmina,destrimana/o,italiano,psicologia,No,c,A,La papera non ha smarrito il bracciale dell'amicizia%2C ma se la rana pensa che l'abbia smarrito%2C sarà molto delusa.,The duck didn't lose the friendship bracelet%2C but if the frog thinks that she did%2C he will be very disappointed.,19,non_factive,notpif,7,13457,14231,42,2
732393,19,femmina,destrimana/o,italiano,psicologia,No,c,A,Il panda non ha sottratto nulla alla rana%2C ma se le ha sottratto anche il cappello%2C la rana gli strapperà il costume da bagno.,The panda didn't steal anything from the frog%2C but if he stole her hat too%2C the frog will rip his bathing suit.,25,too,notpif,1,8252,9730,43,2
732393,19,femmina,destrimana/o,italiano,psicologia,No,c,A,La rana non ha spaccato le automobiline%2C ma il panda%2C dopo averle esaminate%2C ha capito che la rana le ha spaccate.,I don't know if the frog broke the toy train%2C but the panda%2C after examining it%2C realized that the frog broke it.,41,semi_factive,dontknowwhetherand,7,4015,4768,44,2
732393,19,femmina,destrimana/o,italiano,psicologia,No,c,A,Non so se il panda abbia rubato il quaderno da colorare%2C ma se la papera è triste che l'abbia rubato%2C lo manderà via.,I don't know whether the panda stole the coloring book%2C but if the duck is sad that he did%2C she will throw him out.,8,true_factive,dontknowwhether,7,11497,12146,47,2
732393,19,femmina,destrimana/o,italiano,psicologia,No,c,A,Non so se la rana abbia rovinato il puzzle%2C ma se il panda è arrabbiato che l'abbia rovinato%2C le butterà le scarpe fuori dalla finestra.,I don't know whether the frog ruined the puzzle%2C but if the panda is angry that he did%2C he will throw his shoes out of the window.,4,true_factive,dontknowwhether,7,1816,3819,48,2
732393,19,femmina,destrimana/o,italiano,psicologia,No,c,A,La rana non ha finito la limonata%2C ma se la papera crede che l'abbia finita%2C andrà a comprare dei limoni.,The frog didn't finish the lemonade%2C but if the duck believes that he did%2C she will go buy lemons.,23,non_factive,notpif,1,4921,5798,50,3
732393,19,femmina,destrimana/o,italiano,psicologia,No,c,A,La papera non ha sporcato nulla%2C ma se ha sporcato anche il tappeto%2C il panda non la inviterà più a casa sua.,The duck didn't dirty anything%2C but if she dirtied the carpet too%2C the panda won't invite her anymore.,27,too,notpif,1,2470,4430,51,3
732393,19,femmina,destrimana/o,italiano,psicologia,No,c,A,La rana non ha nascosto i pennarelli%2C ma se la papera capisce che li ha nascosti%2C le sotterrerà le figurine in giardino.,The frog didn't hide the crayons%2C but if the duck understands that he did%2C she bury his favorite figurines in the yard.,11,semi_factive,notpif,6,17164,18223,54,3
732393,19,femmina,destrimana/o,italiano,psicologia,No,c,A,Il panda non ha forato il gonfiabile%2C ma se la rana si rende conto che l'ha forato%2C lo dirà alla maestra.,The panda didn't make a hole in the bouncy castle%2C but if the frog realizes that he did%2C he will tell the teacher.,15,semi_factive,notpif,1,6194,7589,55,3
732393,19,femmina,destrimana/o,italiano,psicologia,No,c,A,Non so se la papera abbia imbrattato il muro%2C ma se il panda crede che l'abbia imbrattato%2C le nasconderà tutti i pennarelli.,I don't know whether the duck painted the wall%2C but if the panda believes that she did%2C he will hide all of her crayons.,24,non_factive,dontknowwhether,7,14278,15246,62,3
732393,19,femmina,destrimana/o,italiano,psicologia,No,c,A,Non so se la rana abbia perduto qualcosa%2C ma se ha perduto anche le chiavi%2C la papera andrà nel panico.,I don't know whether the frog lost anything%2C but if she lost the keys too%2C the duck will panic.,26,too,dontknowwhether,7,1589,2663,63,3
732393,19,femmina,destrimana/o,italiano,psicologia,No,c,A,Non so se il panda abbia rotto qualcosa%2C ma se ha rotto anche il vaso di porcellana%2C la rana andrà su tutte le furie.,I don't know whether the panda broke anything%2C but if he broke the porcelaine vase too%2C the frog will flare up.,28,too,dontknowwhether,6,8885,9794,65,3
732393,19,femmina,destrimana/o,italiano,psicologia,No,c,A,La rana non ha strisciato la finestra in soffitta%2C ma la papera è arrabbiata che l'abbia strisciata. ,I don't know if the frog crawled the attic window%2C but the duck is angry that he crawled it.,36,true_factive,dontknowwhetherand,1,8730,9626,66,3
732393,19,femmina,destrimana/o,italiano,psicologia,No,c,A,La papera non ha mollato il corso di nuoto%2C ma il panda è triste che l'abbia mollato. ,I don't know if the duck quit swimming class%2C but the panda is sad that he quit it.,40,true_factive,dontknowwhetherand,1,5200,6345,68,3
732393,19,femmina,destrimana/o,italiano,psicologia,No,c,A,La papera non ha potato la siepe%2C ma la rana%2C dopo averla innaffiata%2C si è resa conto che la papera l'ha potata.,I don't know whether the duck pruned the hedge%2C but the frog%2C after watering it%2C realized that the duck pruned it.,48,semi_factive,dontknowwhetherand,7,5894,6854,70,3
732393,19,femmina,destrimana/o,italiano,psicologia,No,c,A,La rana non ha truccato la macchinina telecomandata%2C ma il panda%2C dopo averla usata%2C ha capito che la rana l'ha truccata.,I don't know whether the frog rigged the remote control car%2C but the panda%2C after using it%2C realized that the frog rigged it.,44,semi_factive,dontknowwhetherand,7,5743,6535,71,3
732393,19,femmina,destrimana/o,italiano,psicologia,No,c,A,Il panda non ha bruciato l'album di foto%2C ma se la rana è triste che l'abbia bruciato%2C piangerà a dirotto.,The panda didn't burn the photo album%2C but if the frog is sad that he did%2C he will cry his eyes out.,7,true_factive,notpif,2,4755,6010,72,3
732393,19,femmina,destrimana/o,italiano,psicologia,No,c,A,La papera non ha modificato la ricetta della torta%2C ma la rana%2C dopo averla riletta%2C si è resa conto che la papera l'ha modificata.,I don't know whether the duck changed the cake recipe%2C but the frog%2C after re-reading it%2C realized that the duck changed it.,45,semi_factive,dontknowwhetherand,2,2011,3100,73,4
732393,19,femmina,destrimana/o,italiano,psicologia,No,c,A,Non so se la rana abbia strappato il biglietto di auguri%2C ma se il panda pensa che l'abbia strappato%2C si metterà a piangere.,I don't know whether the frog tore up the birthday card%2C but if the panda thinks that he did%2C he will start to cry.,20,non_factive,dontknowwhether,4,6768,7361,74,4
732393,19,femmina,destrimana/o,italiano,psicologia,No,c,A,La papera non ha perso l'aquilone%2C ma se il panda è arrabbiato che l'abbia perso%2C le getterà gli occhiali da sole in mare.,The duck didn't lose the kite%2C but if the panda is angry that she did%2C he will hurl her sunglasses in the sea.,1,true_factive,notpif,4,2969,4036,75,4
732393,19,femmina,destrimana/o,italiano,psicologia,No,c,B,Il panda crede erroneamente che la rana abbia forzato la porta della cantina%2C ed è arrabbiato che l'abbia forzata. ,The panda mistakenly believes that the frog smashed the cellar door%2C and is angry that he smashed it.,35,true_factive,mistaken,7,12262,13288,76,4
732393,19,femmina,destrimana/o,italiano,psicologia,No,c,B,La papera crede erroneamente che la rana abbia dato via il vestito da festa%2C ed è triste che l'abbia dato via. ,The duck mistakenly believes that the frog stole the party dress%2C and he is sad that he stole it.,39,true_factive,mistaken,6,7310,8729,77,4
732393,19,femmina,destrimana/o,italiano,psicologia,No,c,B,La papera non ha smarrito la chiave della cantina%2C ma la rana%2C dopo averla cercata%2C ha erroneamente capito che la papera l'ha smarrita.,The duck did not misplace the house keys%2C but the frog%2C after looking for them%2C mistakenly realized that the duck misplaced them.,42,semi_factive,mistaken,7,5159,6102,78,4
732393,19,femmina,destrimana/o,italiano,psicologia,No,c,B,Il panda non ha cambiato le regole del gioco di ruolo%2C ma la papera%2C dopo averle ripassate%2C si è erroneamente resa conto che il panda le ha cambiate.,The panda did not change the rules of the role-playing game%2C but the duck%2C after reviewing them%2C mistakenly realized that the panda changed them.,46,semi_factive,mistaken,4,6475,7100,80,4
732393,19,femmina,destrimana/o,italiano,psicologia,No,c,B,La rana crede erroneamente che la papera abbia dimenticato la torta%2C ed è arrabbiata che l'abbia dimenticata. ,The frog mistakenly believes the duck forgot the cake%2C and is angry that he forgot it.,34,true_factive,mistaken,6,4911,5889,89,4
732393,19,femmina,destrimana/o,italiano,psicologia,No,c,B,Il panda non ha forzato la serratura%2C ma la papera%2C dopo averla controllata%2C ha erroneamente capito che il panda l'ha forzata.,The panda did not pick the lock%2C but the duck%2C after checking it%2C mistakenly realized that the panda had picked it.,43,semi_factive,mistaken,6,4124,5792,93,4
732393,19,femmina,destrimana/o,italiano,psicologia,No,c,B,La rana non ha copiato le risposte della verifica%2C ma il panda%2C dopo averle viste%2C si è erroneamente reso conto che la rana le ha copiate.,The frog did not copy the answers in the check%2C but the panda%2C after seeing them%2C mistakenly realized that the frog copied them.,47,semi_factive,mistaken,7,1949,3010,94,4
732393,19,femmina,destrimana/o,italiano,psicologia,No,c,B,La rana crede erroneamente che il panda abbia perduto l'album dei ricordi%2C ed è triste che l'abbia perduto. ,The frog mistakenly believes that the panda has lost the scrapbook%2C and he is sad that he has lost it.,38,true_factive,mistaken,6,4222,5044,95,4
759524,19,femmina,destrimana/o,italiano,Psicologia,No,e,A,Non so se la papera abbia mai bruciato il pane%2C ma se l'ha bruciato di nuovo ieri%2C il panda non farà più colazione con lei.,I don't know whether the duck has ever burnt the bread%2C but if she burnt it again yesterday%2C the panda won't have breakfast with her anymore.,30,again,dontknowwhether,5,17066,18075,1,1
759524,19,femmina,destrimana/o,italiano,Psicologia,No,e,A,La papera non ha smarrito il bracciale dell'amicizia%2C ma se la rana pensa che l'abbia smarrito%2C sarà molto delusa.,The duck didn't lose the friendship bracelet%2C but if the frog thinks that she did%2C he will be very disappointed.,19,non_factive,notpif,7,10028,10999,4,1
759524,19,femmina,destrimana/o,italiano,Psicologia,No,e,A,La papera non ha potato la siepe%2C ma la rana%2C dopo averla innaffiata%2C si è resa conto che la papera l'ha potata.,I don't know whether the duck pruned the hedge%2C but the frog%2C after watering it%2C realized that the duck pruned it.,48,semi_factive,dontknowwhetherand,1,11009,12019,5,1
759524,19,femmina,destrimana/o,italiano,Psicologia,No,e,A,La rana non ha mai usato il giocattolo della papera%2C ma se l'ha usato di nuovo ieri%2C la papera le getterà tutti i disegni nel fango.,The frog has never used the duck's toy%2C but if she used it again yesterday%2C the duck will throw all her drawing in the mud.,29,again,notpif,1,6621,7719,7,1
759524,19,femmina,destrimana/o,italiano,Psicologia,No,e,A,Il panda non ha piegato le lancette dell'orologio%2C ma se la rana si rende conto che le ha piegate%2C gli urlerà contro.,The panda didn't bend the hands of the clock%2C but if the frog realizes that he did%2C he will shout at him.,13,semi_factive,notpif,1,9505,10369,8,1
759524,19,femmina,destrimana/o,italiano,Psicologia,No,e,A,La papera non ha modificato la ricetta della torta%2C ma la rana%2C dopo averla riletta%2C si è resa conto che la papera l'ha modificata.,I don't know whether the duck changed the cake recipe%2C but the frog%2C after re-reading it%2C realized that the duck changed it.,45,semi_factive,dontknowwhetherand,6,9740,10654,9,1
759524,19,femmina,destrimana/o,italiano,Psicologia,No,e,A,Non so se il panda abbia rubato il quaderno da colorare%2C ma se la papera è triste che l'abbia rubato%2C lo manderà via.,I don't know whether the panda stole the coloring book%2C but if the duck is sad that he did%2C she will throw him out.,8,true_factive,dontknowwhether,2,19366,19981,10,1
759524,19,femmina,destrimana/o,italiano,Psicologia,No,e,A,Non so se la rana abbia mai rovesciato la bottiglia d'olio%2C ma se l'ha rovesciata di nuovo ieri%2C la paperà le farà pulire tutta la cucina.,I don't know whether the frog has ever knocked over the oil bottle%2C but if she knocked it over again yesterday%2C the duck will make her clean the entire kitchen.,32,again,dontknowwhether,5,15025,16799,11,1
759524,19,femmina,destrimana/o,italiano,Psicologia,No,e,A,La papera non ha preso il voto massimo%2C ma se la rana pensa che l'abbia preso%2C sarà gelosa.,The duck didn't get the top grade%2C but if the frog thinks that she did%2C he will be jealous.,17,non_factive,notpif,6,7797,9044,14,1
759524,19,femmina,destrimana/o,italiano,Psicologia,No,e,A,La rana non ha truccato il mazzo di carte%2C ma se il panda capisce che l'ha truccato%2C la escluderà dal prossimo pigiama party. ,The frog didn't manipulate the deck%2C but if the panda understands that she did%2C he will uninvite him from the next sleepover.,9,semi_factive,notpif,1,8452,12335,16,1
759524,19,femmina,destrimana/o,italiano,Psicologia,No,e,A,Non so se la rana abbia squarciato l'orsacchiotto%2C ma se la papera è triste che l'abbia squarciato%2C le disegnerà sulla faccia con l'indelebile.,I don't know whether the frog cut open the teddy bear%2C but if the duck is sad that he did%2C she will draw on his face with sharpie.,6,true_factive,dontknowwhether,5,8822,9436,20,1
759524,19,femmina,destrimana/o,italiano,Psicologia,No,e,A,Non so se il panda abbia rotto qualcosa%2C ma se ha rotto anche il vaso di porcellana%2C la rana andrà su tutte le furie.,I don't know whether the panda broke anything%2C but if he broke the porcelaine vase too%2C the frog will flare up.,28,too,dontknowwhether,6,6138,6868,23,1
759524,19,femmina,destrimana/o,italiano,Psicologia,No,e,A,La papera non ha sporcato nulla%2C ma se ha sporcato anche il tappeto%2C il panda non la inviterà più a casa sua.,The duck didn't dirty anything%2C but if she dirtied the carpet too%2C the panda won't invite her anymore.,27,too,notpif,1,5107,5836,24,1
759524,19,femmina,destrimana/o,italiano,Psicologia,No,e,A,La papera non ha perso l'aquilone%2C ma se il panda è arrabbiato che l'abbia perso%2C le getterà gli occhiali da sole in mare.,The duck didn't lose the kite%2C but if the panda is angry that she did%2C he will hurl her sunglasses in the sea.,1,true_factive,notpif,1,17317,18782,26,2
759524,19,femmina,destrimana/o,italiano,Psicologia,No,e,A,Il panda non ha danneggiato il microfono%2C ma se la rana è arrabbiata che l'abbia danneggiato%2C lo escluderà dalla serata di karaoke. ,The panda didn't damage the mic%2C but if the frog is angry that he did%2C he will uninvite him from karaoke night.,3,true_factive,notpif,2,6953,8350,28,2
759524,19,femmina,destrimana/o,italiano,Psicologia,No,e,A,Non so se la rana abbia strappato il biglietto di auguri%2C ma se il panda pensa che l'abbia strappato%2C si metterà a piangere.,I don't know whether the frog tore up the birthday card%2C but if the panda thinks that he did%2C he will start to cry.,20,non_factive,dontknowwhether,6,4838,5569,35,2
759524,19,femmina,destrimana/o,italiano,Psicologia,No,e,A,Il panda non ha forato il gonfiabile%2C ma se la rana si rende conto che l'ha forato%2C lo dirà alla maestra.,The panda didn't make a hole in the bouncy castle%2C but if the frog realizes that he did%2C he will tell the teacher.,15,semi_factive,notpif,2,18722,19752,36,2
759524,19,femmina,destrimana/o,italiano,Psicologia,No,e,A,Non so se la papera abbia rotto il vasetto di miele%2C ma se il panda si rende conto che l'ha rotto%2C le terrà il broncio.,I don't know whether the duck broke the honey jar%2C but if the panda realizes that she did%2C he will pout.,14,semi_factive,dontknowwhether,5,11420,12132,37,2
759524,19,femmina,destrimana/o,italiano,Psicologia,No,e,A,Il panda non ha fatto morire le rose%2C ma la papera è arrabbiata che le abbia fatte morire. ,I don't know if the panda made the roses die%2C but the duck is angry that he made them die.,33,true_factive,dontknowwhetherand,1,7638,8303,39,2
759524,19,femmina,destrimana/o,italiano,Psicologia,No,e,A,Non so se la rana abbia dimenticato il compleanno della papera%2C ma se la papera pensa che l'abbia dimenticato%2C nasconderà il diario dell'amicizia nel bosco.,I don't know whether the frog forgot the duck's birthday%2C but if the duck thinks that he did%2C she will hide the friendship book in the wood.,18,non_factive,dontknowwhether,6,5141,5820,41,2
759524,19,femmina,destrimana/o,italiano,Psicologia,No,e,A,Non so se la rana abbia rovinato il puzzle%2C ma se il panda è arrabbiato che l'abbia rovinato%2C le butterà le scarpe fuori dalla finestra.,I don't know whether the frog ruined the puzzle%2C but if the panda is angry that he did%2C he will throw his shoes out of the window.,4,true_factive,dontknowwhether,6,5374,6070,42,2
759524,19,femmina,destrimana/o,italiano,Psicologia,No,e,A,La rana non ha nascosto i pennarelli%2C ma se la papera capisce che li ha nascosti%2C le sotterrerà le figurine in giardino.,The frog didn't hide the crayons%2C but if the duck understands that he did%2C she bury his favorite figurines in the yard.,11,semi_factive,notpif,1,3772,4472,44,2
759524,19,femmina,destrimana/o,italiano,Psicologia,No,e,A,Il panda non ha spaccato il trenino%2C ma se la papera crede che l'abbia spaccato%2C gli ruberà il quaderno da colorare. ,The panda didn't break the model train%2C but if the duck believes that he did%2C she will steal his coloring book.,21,non_factive,notpif,7,20466,21150,46,2
759524,19,femmina,destrimana/o,italiano,Psicologia,No,e,A,Non so se la papera abbia buttato via la cartolina%2C ma se il panda capisce che l'ha buttata via%2C non le parlerà mai più.,I don't know whether the duck threw away the postcard%2C but if the panda understands that she did%2C he will not speak to her anymore.,10,semi_factive,dontknowwhether,6,6736,7218,47,2
759524,19,femmina,destrimana/o,italiano,Psicologia,No,e,A,La papera non ha mollato il corso di nuoto%2C ma il panda è triste che l'abbia mollato. ,I don't know if the duck quit swimming class%2C but the panda is sad that he quit it.,40,true_factive,dontknowwhetherand,1,4773,5555,48,2
759524,19,femmina,destrimana/o,italiano,Psicologia,No,e,A,La rana non ha truccato la macchinina telecomandata%2C ma il panda%2C dopo averla usata%2C ha capito che la rana l'ha truccata.,I don't know whether the frog rigged the remote control car%2C but the panda%2C after using it%2C realized that the frog rigged it.,44,semi_factive,dontknowwhetherand,1,6499,7305,50,3
759524,19,femmina,destrimana/o,italiano,Psicologia,No,e,A,La papera non ha distrutto il castello di sabbia%2C ma se il panda è triste che l'abbia distrutto%2C piangerà per tutto il giorno.,The duck didn't destroy the sand castle%2C but if the panda is sad that she did%2C he will cry all day.,5,true_factive,notpif,1,19135,19734,52,3
759524,19,femmina,destrimana/o,italiano,Psicologia,No,e,A,Non so se la papera abbia imbrattato il muro%2C ma se il panda crede che l'abbia imbrattato%2C le nasconderà tutti i pennarelli.,I don't know whether the duck painted the wall%2C but if the panda believes that she did%2C he will hide all of her crayons.,24,non_factive,dontknowwhether,5,6780,7426,54,3
759524,19,femmina,destrimana/o,italiano,Psicologia,No,e,A,Il panda non ha bruciato l'album di foto%2C ma se la rana è triste che l'abbia bruciato%2C piangerà a dirotto.,The panda didn't burn the photo album%2C but if the frog is sad that he did%2C he will cry his eyes out.,7,true_factive,notpif,1,10638,11284,55,3
759524,19,femmina,destrimana/o,italiano,Psicologia,No,e,A,Non so se la rana abbia perduto qualcosa%2C ma se ha perduto anche le chiavi%2C la papera andrà nel panico.,I don't know whether the frog lost anything%2C but if she lost the keys too%2C the duck will panic.,26,too,dontknowwhether,3,13836,14482,57,3
759524,19,femmina,destrimana/o,italiano,Psicologia,No,e,A,Non so se il panda abbia calpestato le margherite%2C ma se la rana crede che le abbia calpestate%2C preparerà dei gavettoni per punirlo.,I don't know whether the panda trampled the daisies%2C but if the frog believes that he did%2C he will prepare water balloons to punish him.,22,non_factive,dontknowwhether,6,8339,10385,58,3
759524,19,femmina,destrimana/o,italiano,Psicologia,No,e,A,La rana non ha spaccato le automobiline%2C ma il panda%2C dopo averle esaminate%2C ha capito che la rana le ha spaccate.,I don't know if the frog broke the toy train%2C but the panda%2C after examining it%2C realized that the frog broke it.,41,semi_factive,dontknowwhetherand,2,6836,7899,59,3
759524,19,femmina,destrimana/o,italiano,Psicologia,No,e,A,Non so se il panda abbia letto il diario segreto%2C ma se la rana si rende conto che l'ha letto%2C considererà la loro amicizia rovinata.,I don't know whether the panda read the diary%2C but if the frog realizes that he did%2C he will consider their friendship ruined.,16,semi_factive,dontknowwhether,4,7358,8073,60,3
759524,19,femmina,destrimana/o,italiano,Psicologia,No,e,A,Non so se il panda abbia bucato il pallone da calcio%2C ma se la rana è arrabbiata che l'abbia bucato%2C gli verserà del latte sul computer.,I don't know whether the panda punctured the football%2C but if the frog is angry that he did%2C he will pour milk over his laptop.,2,true_factive,dontknowwhether,2,5007,10722,61,3
759524,19,femmina,destrimana/o,italiano,Psicologia,No,e,A,Non so se la papera abbia tagliuzzato il poster%2C ma se il panda capisce che l'ha tagliuzzato%2C le verserà del succo nello zaino.,I don't know whether the duck cut the poster%2C but if the panda understands that she did%2C he will pour juice into her backpack.,12,semi_factive,dontknowwhether,4,7086,7802,64,3
759524,19,femmina,destrimana/o,italiano,Psicologia,No,e,A,Il panda non ha sottratto nulla alla rana%2C ma se le ha sottratto anche il cappello%2C la rana gli strapperà il costume da bagno.,The panda didn't steal anything from the frog%2C but if he stole her hat too%2C the frog will rip his bathing suit.,25,too,notpif,1,5557,6170,69,3
759524,19,femmina,destrimana/o,italiano,Psicologia,No,e,A,La rana non ha strisciato la finestra in soffitta%2C ma la papera è arrabbiata che l'abbia strisciata. ,I don't know if the frog crawled the attic window%2C but the duck is angry that he crawled it.,36,true_factive,dontknowwhetherand,1,7787,8417,70,3
759524,19,femmina,destrimana/o,italiano,Psicologia,No,e,A,La papera non ha gettato via le bambole di pezza%2C ma il panda è triste che le abbia gettate via. ,I don't know if the duck threw away the rag dolls%2C but the panda is sad that he threw them away.,37,true_factive,dontknowwhetherand,1,5989,7053,71,3
759524,19,femmina,destrimana/o,italiano,Psicologia,No,e,A,La rana non ha finito la limonata%2C ma se la papera crede che l'abbia finita%2C andrà a comprare dei limoni.,The frog didn't finish the lemonade%2C but if the duck believes that he did%2C she will go buy lemons.,23,non_factive,notpif,7,6871,9393,72,3
759524,19,femmina,destrimana/o,italiano,Psicologia,No,e,A,Il panda non ha mai offeso la rana%2C ma se l'ha offesa di nuovo ieri%2C la rana lo prenderà in giro davanti a tutti.,The panda has never offended the frog%2C but if he offended her again yesterday%2C the frog will make fun of him in font of everybody.,31,again,notpif,1,3705,4968,75,4
759524,19,femmina,destrimana/o,italiano,Psicologia,No,e,B,La rana non ha copiato le risposte della verifica%2C ma il panda%2C dopo averle viste%2C si è erroneamente reso conto che la rana le ha copiate.,The frog did not copy the answers in the check%2C but the panda%2C after seeing them%2C mistakenly realized that the frog copied them.,47,semi_factive,mistaken,7,11834,12684,78,4
759524,19,femmina,destrimana/o,italiano,Psicologia,No,e,B,La rana crede erroneamente che la papera abbia dimenticato la torta%2C ed è arrabbiata che l'abbia dimenticata. ,The frog mistakenly believes the duck forgot the cake%2C and is angry that he forgot it.,34,true_factive,mistaken,7,5005,5644,84,4
759524,19,femmina,destrimana/o,italiano,Psicologia,No,e,B,La rana crede erroneamente che il panda abbia perduto l'album dei ricordi%2C ed è triste che l'abbia perduto. ,The frog mistakenly believes that the panda has lost the scrapbook%2C and he is sad that he has lost it.,38,true_factive,mistaken,7,5714,6361,85,4
759524,19,femmina,destrimana/o,italiano,Psicologia,No,e,B,La papera non ha smarrito la chiave della cantina%2C ma la rana%2C dopo averla cercata%2C ha erroneamente capito che la papera l'ha smarrita.,The duck did not misplace the house keys%2C but the frog%2C after looking for them%2C mistakenly realized that the duck misplaced them.,42,semi_factive,mistaken,5,7191,9124,87,4
759524,19,femmina,destrimana/o,italiano,Psicologia,No,e,B,Il panda non ha forzato la serratura%2C ma la papera%2C dopo averla controllata%2C ha erroneamente capito che il panda l'ha forzata.,The panda did not pick the lock%2C but the duck%2C after checking it%2C mistakenly realized that the panda had picked it.,43,semi_factive,mistaken,5,5588,6152,89,4
759524,19,femmina,destrimana/o,italiano,Psicologia,No,e,B,La papera crede erroneamente che la rana abbia dato via il vestito da festa%2C ed è triste che l'abbia dato via. ,The duck mistakenly believes that the frog stole the party dress%2C and he is sad that he stole it.,39,true_factive,mistaken,7,22472,24402,91,4
759524,19,femmina,destrimana/o,italiano,Psicologia,No,e,B,Il panda non ha cambiato le regole del gioco di ruolo%2C ma la papera%2C dopo averle ripassate%2C si è erroneamente resa conto che il panda le ha cambiate.,The panda did not change the rules of the role-playing game%2C but the duck%2C after reviewing them%2C mistakenly realized that the panda changed them.,46,semi_factive,mistaken,5,10553,11310,92,4
759524,19,femmina,destrimana/o,italiano,Psicologia,No,e,B,Il panda crede erroneamente che la rana abbia forzato la porta della cantina%2C ed è arrabbiato che l'abbia forzata. ,The panda mistakenly believes that the frog smashed the cellar door%2C and is angry that he smashed it.,35,true_factive,mistaken,7,5976,6625,93,4
850833,19,femmina,destrimana/o,italiano,Lingue,Sì,f,A,Non so se la rana abbia nascosto i pennarelli%2C ma se la papera capisce che li ha nascosti%2C le sotterrerà le figurine in giardino.,I don't know whether the frog hid the crayons%2C but if the duck understands that he did%2C she bury his favorite figurines in the yard.,11,semi_factive,dontknowwhether,5,42382,43184,2,1
850833,19,femmina,destrimana/o,italiano,Lingue,Sì,f,A,Non so se la papera abbia distrutto il castello di sabbia%2C ma se il panda è triste che l'abbia distrutto%2C piangerà per tutto il giorno.,I don't know whether the duck destroyed the sand castle%2C but if the panda is sad that she did%2C he will cry all day.,5,true_factive,dontknowwhether,5,9155,9921,3,1
850833,19,femmina,destrimana/o,italiano,Lingue,Sì,f,A,Non so se la papera abbia sporcato qualcosa%2C ma se ha sporcato anche il tappeto%2C il panda non la inviterà più a casa sua.,I don't know whether the duck dirtied anything%2C but if she dirtied the carpet too%2C the panda won't invite her anymore.,27,too,dontknowwhether,3,34501,35597,8,1
850833,19,femmina,destrimana/o,italiano,Lingue,Sì,f,A,Il panda non ha rubato il quaderno da colorare%2C ma se la papera è triste che l'abbia rubato%2C lo manderà via.,The panda didn't steal the coloring book%2C but if the duck is sad that he did%2C she will throw him out.,8,true_factive,notpif,1,14753,15388,9,1
850833,19,femmina,destrimana/o,italiano,Lingue,Sì,f,A,Non so se il panda abbia danneggiato il microfono%2C ma se la rana è arrabbiata che l'abbia danneggiato%2C lo escluderà dalla serata di karaoke. ,I don't know whether the panda damaged the mic%2C but if the frog is angry that he did%2C he will uninvite him from karaoke night.,3,true_factive,dontknowwhether,1,9387,10076,11,1
850833,19,femmina,destrimana/o,italiano,Lingue,Sì,f,A,Non so se la rana abbia mai usato il giocattolo della papera%2C ma se l'ha usato di nuovo ieri%2C la papera le getterà tutti i disegni nel fango.,I don't know whether the frog has nver used the duck's toy%2C but if she used it again yesterday%2C the duck will throw all her drawing in the mud.,29,again,dontknowwhether,1,13209,14528,12,1
850833,19,femmina,destrimana/o,italiano,Lingue,Sì,f,A,Il panda non ha forzato la serratura%2C ma la papera%2C dopo averla controllata%2C ha capito che il panda l'ha forzata.,I don't know if the panda picked the lock%2C but the duck%2C after checking it%2C realized that the panda picked it.,43,semi_factive,dontknowwhetherand,4,8966,9460,14,1
850833,19,femmina,destrimana/o,italiano,Lingue,Sì,f,A,Non so se il panda abbia sottratto qualcosa alla rana%2C ma se le ha sottratto anche il cappello%2C la rana gli strapperà il costume da bagno.,I don't know whether the panda stole anything from the frog%2C but if he stole her hat too%2C the frog will rip his bathing suit.,25,too,dontknowwhether,1,7898,8869,15,1
850833,19,femmina,destrimana/o,italiano,Lingue,Sì,f,A,Il panda non ha perduto l'album dei ricordi%2C ma la rana è triste che l'abbia perduto. ,I don't know if the panda lost the scrapbook%2C but the frog is sad that he lost it.,38,true_factive,dontknowwhetherand,1,4952,5634,16,1
850833,19,femmina,destrimana/o,italiano,Lingue,Sì,f,A,Non so se la papera abbia perso l'aquilone%2C ma se il panda è arrabbiato che l'abbia perso%2C le getterà gli occhiali da sole in mare.,I don't know whether the duck lost the kite%2C but if the panda is angry that she did%2C he will hurl her sunglasses in the sea.,1,true_factive,dontknowwhether,1,30240,30954,17,1
850833,19,femmina,destrimana/o,italiano,Lingue,Sì,f,A,La rana non ha dato via il vestito da festa%2C ma la papera è triste che l'abbia dato via. ,I don't know if the frog stole the party dress%2C but the duck is sad that he stole it.,39,true_factive,dontknowwhetherand,1,12705,14019,19,1
850833,19,femmina,destrimana/o,italiano,Lingue,Sì,f,A,Non so se il panda abbia forato il gonfiabile%2C ma se la rana si rende conto che l'ha forato%2C lo dirà alla maestra.,I don't know whether the panda made a hole in the bouncy castle%2C but if the frog realizes that he did%2C he will tell the teacher.,15,semi_factive,dontknowwhether,7,5625,6289,21,1
850833,19,femmina,destrimana/o,italiano,Lingue,Sì,f,A,Il panda non ha letto il diario segreto%2C ma se la rana si rende conto che l'ha letto%2C considererà la loro amicizia rovinata.,The panda didn't read the diary%2C but if the frog realizes that he did%2C he will consider their friendship ruined.,16,semi_factive,notpif,1,7479,8238,22,1
850833,19,femmina,destrimana/o,italiano,Lingue,Sì,f,A,La rana non ha mai rovesciato la bottiglia d'olio%2C ma se l'ha rovesciata di nuovo ieri%2C la paperà le farà pulire tutta la cucina.,The frog has never knocked over the oil bottle%2C but if she knocked it over again yesterday%2C the duck will make her clean the entire kitchen.,32,again,notpif,1,5383,6422,23,1
850833,19,femmina,destrimana/o,italiano,Lingue,Sì,f,A,Non so se il panda abbia bruciato l'album di foto%2C ma se la rana è triste che l'abbia bruciato%2C piangerà a dirotto.,I don't know whether the panda burned the photo album%2C but if the frog is sad that he did%2C he will cry his eyes out.,7,true_factive,dontknowwhether,6,12027,12609,26,2
850833,19,femmina,destrimana/o,italiano,Lingue,Sì,f,A,La papera non ha tagliuzzato il poster%2C ma se il panda capisce che l'ha tagliuzzato%2C le verserà del succo nello zaino.,The duck didn't cut the poster%2C but if the panda understands that she did%2C he will pour juice into her backpack.,12,semi_factive,notpif,1,5345,5799,29,2
850833,19,femmina,destrimana/o,italiano,Lingue,Sì,f,A,La papera non ha mai bruciato il pane%2C ma se l'ha bruciato di nuovo ieri%2C il panda non farà più colazione con lei.,The duck has never burnt the bread%2C but if she burnt it again yesterday%2C the panda won't have breakfast with her anymore.,30,again,notpif,1,5836,6473,31,2
850833,19,femmina,destrimana/o,italiano,Lingue,Sì,f,A,Il panda non ha bucato il pallone da calcio%2C ma se la rana è arrabbiata che l'abbia bucato%2C gli verserà del latte sul computer.,The panda didn't puncture the football%2C but if the frog is angry that he did%2C he will pour milk over his laptop.,2,true_factive,notpif,1,11218,11736,32,2
850833,19,femmina,destrimana/o,italiano,Lingue,Sì,f,A,La rana non ha rovinato il puzzle%2C ma se il panda è arrabbiato che l'abbia rovinato%2C le butterà le scarpe fuori dalla finestra.,The frog didn't ruin the puzzle%2C but if the panda is angry that he did%2C he will throw his shoes out of the window.,4,true_factive,notpif,1,5246,5897,33,2
850833,19,femmina,destrimana/o,italiano,Lingue,Sì,f,A,La rana non ha copiato le risposte della verifica%2C ma il panda%2C dopo averle viste%2C si è reso conto che la rana le ha copiate.,I don't know whether the frog copied the answers in the check%2C but the panda%2C after seeing them%2C realized that the frog copied them.,47,semi_factive,dontknowwhetherand,1,7067,9705,40,2
850833,19,femmina,destrimana/o,italiano,Lingue,Sì,f,A,La papera non ha rotto il vasetto di miele%2C ma se il panda si rende conto che l'ha rotto%2C le terrà il broncio., The duck didn't break the honey jar%2C but if the panda realizes that she did%2C he will pout.,14,semi_factive,notpif,1,14224,16668,42,2
850833,19,femmina,destrimana/o,italiano,Lingue,Sì,f,A,Non so se la rana abbia truccato il mazzo di carte%2C ma se il panda capisce che l'ha truccato%2C la escluderà dal prossimo pigiama party. ,I don't know whether the frog manipulated the deck%2C but if the panda understands that she did%2C he will uninvite him from the next sleepover.,9,semi_factive,dontknowwhether,6,13399,14047,45,2
850833,19,femmina,destrimana/o,italiano,Lingue,Sì,f,A,La rana non ha strappato il biglietto di auguri%2C ma se il panda pensa che l'abbia strappato%2C si metterà a piangere.,The frog didn't tear up the birthday card%2C but if the panda thinks that he did%2C he will start to cry.,20,non_factive,notpif,1,12135,12794,47,2
850833,19,femmina,destrimana/o,italiano,Lingue,Sì,f,A,Il panda non ha rotto nulla%2C ma se ha rotto anche il vaso di porcellana%2C la rana andrà su tutte le furie.,The panda didn't break anything%2C but if he broke the porcelaine vase too%2C the frog will flare up.,28,too,notpif,1,3878,4418,53,3
850833,19,femmina,destrimana/o,italiano,Lingue,Sì,f,A,Il panda non ha cambiato le regole del gioco di ruolo%2C ma la papera%2C dopo averle ripassate%2C si è resa conto che il panda le ha cambiate.,I don't know whether the panda changed the rules of the role-playing game%2C but the duck%2C after reviewing them%2C realized that the panda changed them.,46,semi_factive,dontknowwhetherand,1,7532,8085,54,3
850833,19,femmina,destrimana/o,italiano,Lingue,Sì,f,A,La papera non ha smarrito la chiave della cantina%2C ma la rana%2C dopo averla cercata%2C ha capito che la papera l'ha smarrita.,I don't know if the duck misplaced the house keys%2C but the frog%2C after looking for them%2C realized that the duck misplaced them.,42,semi_factive,dontknowwhetherand,2,10962,11611,55,3
850833,19,femmina,destrimana/o,italiano,Lingue,Sì,f,A,Non so se la papera abbia preso il voto massimo%2C ma se la rana pensa che l'abbia preso%2C sarà gelosa.,I don't know whether the duck got the top grade%2C but if the frog thinks that she did%2C he will be jealous.,17,non_factive,dontknowwhether,5,5521,5911,56,3
850833,19,femmina,destrimana/o,italiano,Lingue,Sì,f,A,La papera non ha imbrattato il muro%2C ma se il panda crede che l'abbia imbrattato%2C le nasconderà tutti i pennarelli.,The duck didn't paint the wall%2C but if the panda believes that she did%2C he will hide all of her crayons.,24,non_factive,notpif,3,5340,5748,58,3
850833,19,femmina,destrimana/o,italiano,Lingue,Sì,f,A,Non so se la rana abbia finito la limonata%2C ma se la papera crede che l'abbia finita%2C andrà a comprare dei limoni.,I don't know whether the frog finished the lemonade%2C but if the duck believes that he did%2C she will go buy lemons.,23,non_factive,dontknowwhether,3,6338,6982,59,3
850833,19,femmina,destrimana/o,italiano,Lingue,Sì,f,A,Non so se il panda abbia piegato le lancette dell'orologio%2C ma se la rana si rende conto che le ha piegate%2C gli urlerà contro.,I don't know whether the panda bent the hands of the clock%2C but if the frog realizes that he did%2C he will shout at him.,13,semi_factive,dontknowwhether,3,9947,10552,60,3
850833,19,femmina,destrimana/o,italiano,Lingue,Sì,f,A,La papera non ha buttato via la cartolina%2C ma se il panda capisce che l'ha buttata via%2C non le parlerà mai più.,The duck didn't throw away the postcard%2C but if the panda understands that she did%2C he will not speak to her anymore.,10,semi_factive,notpif,3,4493,5109,62,3
850833,19,femmina,destrimana/o,italiano,Lingue,Sì,f,A,Non so se il panda abbia spaccato il trenino%2C ma se la papera crede che l'abbia spaccato%2C gli ruberà il quaderno da colorare. ,I don't know whether the panda broke the model train%2C but if the duck believes that he did%2C she will steal his coloring book.,21,non_factive,dontknowwhether,3,3521,4144,63,3
850833,19,femmina,destrimana/o,italiano,Lingue,Sì,f,A,La papera non ha dimenticato la torta%2C ma la rana è arrabbiata che l'abbia dimenticata. ,I don't know if the duck forgot the cake%2C but the frog is angry that he forgot it.,34,true_factive,dontknowwhetherand,1,3447,4025,64,3
850833,19,femmina,destrimana/o,italiano,Lingue,Sì,f,A,Non so se la papera abbia smarrito il bracciale dell'amicizia%2C ma se la rana pensa che l'abbia smarrito%2C sarà molto delusa.,I don't know whether the duck lost the friendship bracelet%2C but if the frog thinks that she did%2C he will be very disappointed.,19,non_factive,dontknowwhether,5,4309,5177,65,3
850833,19,femmina,destrimana/o,italiano,Lingue,Sì,f,A,La rana non ha forzato la porta della cantina%2C ma il panda è arrabbiato che l'abbia forzata. ,I don't know if the frog smashed the cellar door%2C but the panda is angry that he smashed it.,35,true_factive,dontknowwhetherand,2,4140,4545,66,3
850833,19,femmina,destrimana/o,italiano,Lingue,Sì,f,A,La rana non ha dimenticato il compleanno della papera%2C ma se la papera pensa che l'abbia dimenticato%2C nasconderà il diario dell'amicizia nel bosco.,The frog didn't forget the duck's birthday%2C but if the duck thinks that he did%2C she will hide the friendship book in the wood.,18,non_factive,notpif,4,19214,19651,67,3
850833,19,femmina,destrimana/o,italiano,Lingue,Sì,f,A,La rana non ha squarciato l'orsacchiotto%2C ma se la papera è triste che l'abbia squarciato%2C le disegnerà sulla faccia con l'indelebile.,The frog didn't cut open the teddy bear%2C but if the duck is sad that he did%2C she will draw on his face with sharpie.,6,true_factive,notpif,2,6987,7484,69,3
850833,19,femmina,destrimana/o,italiano,Lingue,Sì,f,A,Il panda non ha calpestato le margherite%2C ma se la rana crede che le abbia calpestate%2C preparerà dei gavettoni per punirlo.,The panda didn't trample the daisies%2C but if the frog believes that he did%2C he will prepare water balloons to punish him.,22,non_factive,notpif,1,3909,4499,70,3
850833,19,femmina,destrimana/o,italiano,Lingue,Sì,f,A,La rana non ha perduto nulla%2C ma se ha perduto anche le chiavi%2C la papera andrà nel panico.,The frog didn't lose anything%2C but if she lost the keys too%2C the duck will panic.,26,too,notpif,1,3281,3860,71,3
850833,19,femmina,destrimana/o,italiano,Lingue,Sì,f,A,Non so se il panda abbia mai offeso la rana%2C ma se l'ha offesa di nuovo ieri%2C la rana lo prenderà in giro davanti a tutti.,I don't know whether the panda has ever offended the frog%2C but if he offended her again yesterday%2C the frog will make fun of him in font of everybody.,31,again,dontknowwhether,5,6478,7810,72,3
850833,19,femmina,destrimana/o,italiano,Lingue,Sì,f,B,La papera non ha potato la siepe%2C ma la rana%2C dopo averla innaffiata%2C si è erroneamente resa conto che la papera l'ha potata.,The duck did not prune the hedge%2C but the frog%2C after watering it%2C mistakenly realized that the duck pruned it.,48,semi_factive,mistaken,5,8066,8530,77,4
850833,19,femmina,destrimana/o,italiano,Lingue,Sì,f,B,La rana non ha truccato la macchinina telecomandata%2C ma il panda%2C dopo averla usata%2C ha erroneamente capito che la rana l'ha truccata.,The frog did not rig the remote control car%2C but the panda%2C after using it%2C mistakenly realized that the frog rigged it.,44,semi_factive,mistaken,5,5380,5857,78,4
850833,19,femmina,destrimana/o,italiano,Lingue,Sì,f,B,La papera crede erroneamente che la rana abbia strisciato la finestra in soffitta%2C ed è arrabbiata che l'abbia strisciata. ,The duck mistakenly believes the frog crawled through the attic window%2C and is angry that he crawled through it.,36,true_factive,mistaken,2,5804,6442,80,4
850833,19,femmina,destrimana/o,italiano,Lingue,Sì,f,B,Il panda crede erroneamente che la papera abbia gettato via le bambole di pezza%2C ed è triste che le abbia gettate via. ,The panda mistakenly believes that the duck threw away the rag dolls%2C and is sad that he threw them away.,37,true_factive,mistaken,2,9483,9956,82,4
850833,19,femmina,destrimana/o,italiano,Lingue,Sì,f,B,Il panda crede erroneamente che la papera abbia mollato il corso di nuoto%2C ed è triste che l'abbia mollato. ,The panda mistakenly believes that the duck dropped out of swimming class%2C and he is sad that he dropped out.,40,true_factive,mistaken,2,3854,4720,85,4
850833,19,femmina,destrimana/o,italiano,Lingue,Sì,f,B,La papera non ha modificato la ricetta della torta%2C ma la rana%2C dopo averla riletta%2C si è erroneamente resa conto che la papera l'ha modificata.,The duck did not change the cake recipe%2C but the frog%2C after re-reading it%2C mistakenly realized that the duck changed it.,45,semi_factive,mistaken,1,4960,5871,87,4
850833,19,femmina,destrimana/o,italiano,Lingue,Sì,f,B,La rana non ha spaccato le automobiline%2C ma il panda%2C dopo averle esaminate%2C ha erroneamente capito che la rana le ha spaccate.,The frog did not break the toy train%2C but the panda%2C after examining it%2C mistakenly realizes that the frog broke it.,41,semi_factive,mistaken,1,20519,21515,92,4
850833,19,femmina,destrimana/o,italiano,Lingue,Sì,f,B,La papera crede erroneamente che il panda abbia fatto morire le rose%2C ed è arrabbiata che le abbia fatte morire. ,The duck mistakenly believes that the panda made the roses die%2C and is angry that he made them die.,33,true_factive,mistaken,3,3924,4412,94,4
493537,19,femmina,destrimana/o,italiano,Lingue,No,f,A,La papera non ha dimenticato la torta%2C ma la rana è arrabbiata che l'abbia dimenticata. ,I don't know if the duck forgot the cake%2C but the frog is angry that he forgot it.,34,true_factive,dontknowwhetherand,1,9831,10965,6,1
493537,19,femmina,destrimana/o,italiano,Lingue,No,f,A,Il panda non ha calpestato le margherite%2C ma se la rana crede che le abbia calpestate%2C preparerà dei gavettoni per punirlo.,The panda didn't trample the daisies%2C but if the frog believes that he did%2C he will prepare water balloons to punish him.,22,non_factive,notpif,4,9791,10787,7,1
493537,19,femmina,destrimana/o,italiano,Lingue,No,f,A,Non so se la papera abbia preso il voto massimo%2C ma se la rana pensa che l'abbia preso%2C sarà gelosa.,I don't know whether the duck got the top grade%2C but if the frog thinks that she did%2C he will be jealous.,17,non_factive,dontknowwhether,5,8260,9257,8,1
493537,19,femmina,destrimana/o,italiano,Lingue,No,f,A,La rana non ha squarciato l'orsacchiotto%2C ma se la papera è triste che l'abbia squarciato%2C le disegnerà sulla faccia con l'indelebile.,The frog didn't cut open the teddy bear%2C but if the duck is sad that he did%2C she will draw on his face with sharpie.,6,true_factive,notpif,2,17173,18788,11,1
493537,19,femmina,destrimana/o,italiano,Lingue,No,f,A,La papera non ha buttato via la cartolina%2C ma se il panda capisce che l'ha buttata via%2C non le parlerà mai più.,The duck didn't throw away the postcard%2C but if the panda understands that she did%2C he will not speak to her anymore.,10,semi_factive,notpif,1,6857,7971,12,1
493537,19,femmina,destrimana/o,italiano,Lingue,No,f,A,Il panda non ha rotto nulla%2C ma se ha rotto anche il vaso di porcellana%2C la rana andrà su tutte le furie.,The panda didn't break anything%2C but if he broke the porcelaine vase too%2C the frog will flare up.,28,too,notpif,2,21780,23875,14,1
493537,19,femmina,destrimana/o,italiano,Lingue,No,f,A,Non so se il panda abbia sottratto qualcosa alla rana%2C ma se le ha sottratto anche il cappello%2C la rana gli strapperà il costume da bagno.,I don't know whether the panda stole anything from the frog%2C but if he stole her hat too%2C the frog will rip his bathing suit.,25,too,dontknowwhether,5,7458,8473,16,1
493537,19,femmina,destrimana/o,italiano,Lingue,No,f,A,Non so se la rana abbia mai usato il giocattolo della papera%2C ma se l'ha usato di nuovo ieri%2C la papera le getterà tutti i disegni nel fango.,I don't know whether the frog has nver used the duck's toy%2C but if she used it again yesterday%2C the duck will throw all her drawing in the mud.,29,again,dontknowwhether,3,1275,2654,17,1
493537,19,femmina,destrimana/o,italiano,Lingue,No,f,A,Non so se la rana abbia truccato il mazzo di carte%2C ma se il panda capisce che l'ha truccato%2C la escluderà dal prossimo pigiama party. ,I don't know whether the frog manipulated the deck%2C but if the panda understands that she did%2C he will uninvite him from the next sleepover.,9,semi_factive,dontknowwhether,5,6108,7291,18,1
493537,19,femmina,destrimana/o,italiano,Lingue,No,f,A,La papera non ha tagliuzzato il poster%2C ma se il panda capisce che l'ha tagliuzzato%2C le verserà del succo nello zaino.,The duck didn't cut the poster%2C but if the panda understands that she did%2C he will pour juice into her backpack.,12,semi_factive,notpif,4,5221,6672,19,1
493537,19,femmina,destrimana/o,italiano,Lingue,No,f,A,Il panda non ha bucato il pallone da calcio%2C ma se la rana è arrabbiata che l'abbia bucato%2C gli verserà del latte sul computer.,The panda didn't puncture the football%2C but if the frog is angry that he did%2C he will pour milk over his laptop.,2,true_factive,notpif,2,12689,13836,20,1
493537,19,femmina,destrimana/o,italiano,Lingue,No,f,A,Non so se il panda abbia forato il gonfiabile%2C ma se la rana si rende conto che l'ha forato%2C lo dirà alla maestra.,I don't know whether the panda made a hole in the bouncy castle%2C but if the frog realizes that he did%2C he will tell the teacher.,15,semi_factive,dontknowwhether,3,11304,12058,21,1
493537,19,femmina,destrimana/o,italiano,Lingue,No,f,A,Non so se la papera abbia sporcato qualcosa%2C ma se ha sporcato anche il tappeto%2C il panda non la inviterà più a casa sua.,I don't know whether the duck dirtied anything%2C but if she dirtied the carpet too%2C the panda won't invite her anymore.,27,too,dontknowwhether,2,7122,8089,23,1
493537,19,femmina,destrimana/o,italiano,Lingue,No,f,A,Non so se il panda abbia mai offeso la rana%2C ma se l'ha offesa di nuovo ieri%2C la rana lo prenderà in giro davanti a tutti.,I don't know whether the panda has ever offended the frog%2C but if he offended her again yesterday%2C the frog will make fun of him in font of everybody.,31,again,dontknowwhether,1,5974,6939,24,1
493537,19,femmina,destrimana/o,italiano,Lingue,No,f,A,La rana non ha forzato la porta della cantina%2C ma il panda è arrabbiato che l'abbia forzata. ,I don't know if the frog smashed the cellar door%2C but the panda is angry that he smashed it.,35,true_factive,dontknowwhetherand,4,3658,5153,26,2
493537,19,femmina,destrimana/o,italiano,Lingue,No,f,A,La papera non ha rotto il vasetto di miele%2C ma se il panda si rende conto che l'ha rotto%2C le terrà il broncio., The duck didn't break the honey jar%2C but if the panda realizes that she did%2C he will pout.,14,semi_factive,notpif,1,6988,8039,28,2
493537,19,femmina,destrimana/o,italiano,Lingue,No,f,A,Il panda non ha forzato la serratura%2C ma la papera%2C dopo averla controllata%2C ha capito che il panda l'ha forzata.,I don't know if the panda picked the lock%2C but the duck%2C after checking it%2C realized that the panda picked it.,43,semi_factive,dontknowwhetherand,1,2313,7542,35,2
493537,19,femmina,destrimana/o,italiano,Lingue,No,f,A,Il panda non ha cambiato le regole del gioco di ruolo%2C ma la papera%2C dopo averle ripassate%2C si è resa conto che il panda le ha cambiate.,I don't know whether the panda changed the rules of the role-playing game%2C but the duck%2C after reviewing them%2C realized that the panda changed them.,46,semi_factive,dontknowwhetherand,2,14205,15171,37,2
493537,19,femmina,destrimana/o,italiano,Lingue,No,f,A,La papera non ha smarrito la chiave della cantina%2C ma la rana%2C dopo averla cercata%2C ha capito che la papera l'ha smarrita.,I don't know if the duck misplaced the house keys%2C but the frog%2C after looking for them%2C realized that the duck misplaced them.,42,semi_factive,dontknowwhetherand,3,3941,4889,38,2
493537,19,femmina,destrimana/o,italiano,Lingue,No,f,A,La papera non ha mai bruciato il pane%2C ma se l'ha bruciato di nuovo ieri%2C il panda non farà più colazione con lei.,The duck has never burnt the bread%2C but if she burnt it again yesterday%2C the panda won't have breakfast with her anymore.,30,again,notpif,2,7357,8307,39,2
493537,19,femmina,destrimana/o,italiano,Lingue,No,f,A,Non so se la rana abbia finito la limonata%2C ma se la papera crede che l'abbia finita%2C andrà a comprare dei limoni.,I don't know whether the frog finished the lemonade%2C but if the duck believes that he did%2C she will go buy lemons.,23,non_factive,dontknowwhether,4,7379,8059,41,2
493537,19,femmina,destrimana/o,italiano,Lingue,No,f,A,Non so se il panda abbia piegato le lancette dell'orologio%2C ma se la rana si rende conto che le ha piegate%2C gli urlerà contro.,I don't know whether the panda bent the hands of the clock%2C but if the frog realizes that he did%2C he will shout at him.,13,semi_factive,dontknowwhether,3,1339,2273,43,2
493537,19,femmina,destrimana/o,italiano,Lingue,No,f,A,Non so se la rana abbia nascosto i pennarelli%2C ma se la papera capisce che li ha nascosti%2C le sotterrerà le figurine in giardino.,I don't know whether the frog hid the crayons%2C but if the duck understands that he did%2C she bury his favorite figurines in the yard.,11,semi_factive,dontknowwhether,2,11437,12572,44,2
493537,19,femmina,destrimana/o,italiano,Lingue,No,f,A,La rana non ha perduto nulla%2C ma se ha perduto anche le chiavi%2C la papera andrà nel panico.,The frog didn't lose anything%2C but if she lost the keys too%2C the duck will panic.,26,too,notpif,2,3774,4636,45,2
493537,19,femmina,destrimana/o,italiano,Lingue,No,f,A,Non so se il panda abbia bruciato l'album di foto%2C ma se la rana è triste che l'abbia bruciato%2C piangerà a dirotto.,I don't know whether the panda burned the photo album%2C but if the frog is sad that he did%2C he will cry his eyes out.,7,true_factive,dontknowwhether,1,8292,9671,48,2
493537,19,femmina,destrimana/o,italiano,Lingue,No,f,A,La rana non ha dato via il vestito da festa%2C ma la papera è triste che l'abbia dato via. ,I don't know if the frog stole the party dress%2C but the duck is sad that he stole it.,39,true_factive,dontknowwhetherand,1,7335,8321,51,3
493537,19,femmina,destrimana/o,italiano,Lingue,No,f,A,Non so se la papera abbia smarrito il bracciale dell'amicizia%2C ma se la rana pensa che l'abbia smarrito%2C sarà molto delusa.,I don't know whether the duck lost the friendship bracelet%2C but if the frog thinks that she did%2C he will be very disappointed.,19,non_factive,dontknowwhether,3,2906,3739,53,3
493537,19,femmina,destrimana/o,italiano,Lingue,No,f,A,Non so se il panda abbia spaccato il trenino%2C ma se la papera crede che l'abbia spaccato%2C gli ruberà il quaderno da colorare. ,I don't know whether the panda broke the model train%2C but if the duck believes that he did%2C she will steal his coloring book.,21,non_factive,dontknowwhether,1,2371,3217,54,3
493537,19,femmina,destrimana/o,italiano,Lingue,No,f,A,Il panda non ha rubato il quaderno da colorare%2C ma se la papera è triste che l'abbia rubato%2C lo manderà via.,The panda didn't steal the coloring book%2C but if the duck is sad that he did%2C she will throw him out.,8,true_factive,notpif,2,1927,2812,55,3
493537,19,femmina,destrimana/o,italiano,Lingue,No,f,A,Il panda non ha perduto l'album dei ricordi%2C ma la rana è triste che l'abbia perduto. ,I don't know if the panda lost the scrapbook%2C but the frog is sad that he lost it.,38,true_factive,dontknowwhetherand,1,5943,7058,57,3
493537,19,femmina,destrimana/o,italiano,Lingue,No,f,A,La papera non ha imbrattato il muro%2C ma se il panda crede che l'abbia imbrattato%2C le nasconderà tutti i pennarelli.,The duck didn't paint the wall%2C but if the panda believes that she did%2C he will hide all of her crayons.,24,non_factive,notpif,4,9041,10274,58,3
493537,19,femmina,destrimana/o,italiano,Lingue,No,f,A,La rana non ha strappato il biglietto di auguri%2C ma se il panda pensa che l'abbia strappato%2C si metterà a piangere.,The frog didn't tear up the birthday card%2C but if the panda thinks that he did%2C he will start to cry.,20,non_factive,notpif,5,10792,11655,59,3
493537,19,femmina,destrimana/o,italiano,Lingue,No,f,A,La rana non ha mai rovesciato la bottiglia d'olio%2C ma se l'ha rovesciata di nuovo ieri%2C la paperà le farà pulire tutta la cucina.,The frog has never knocked over the oil bottle%2C but if she knocked it over again yesterday%2C the duck will make her clean the entire kitchen.,32,again,notpif,1,4871,6211,60,3
493537,19,femmina,destrimana/o,italiano,Lingue,No,f,A,Non so se il panda abbia danneggiato il microfono%2C ma se la rana è arrabbiata che l'abbia danneggiato%2C lo escluderà dalla serata di karaoke. ,I don't know whether the panda damaged the mic%2C but if the frog is angry that he did%2C he will uninvite him from karaoke night.,3,true_factive,dontknowwhether,2,4118,5069,61,3
493537,19,femmina,destrimana/o,italiano,Lingue,No,f,A,La rana non ha rovinato il puzzle%2C ma se il panda è arrabbiato che l'abbia rovinato%2C le butterà le scarpe fuori dalla finestra.,The frog didn't ruin the puzzle%2C but if the panda is angry that he did%2C he will throw his shoes out of the window.,4,true_factive,notpif,1,7870,8703,65,3
493537,19,femmina,destrimana/o,italiano,Lingue,No,f,A,Non so se la papera abbia perso l'aquilone%2C ma se il panda è arrabbiato che l'abbia perso%2C le getterà gli occhiali da sole in mare.,I don't know whether the duck lost the kite%2C but if the panda is angry that she did%2C he will hurl her sunglasses in the sea.,1,true_factive,dontknowwhether,1,2645,3708,66,3
493537,19,femmina,destrimana/o,italiano,Lingue,No,f,A,La rana non ha copiato le risposte della verifica%2C ma il panda%2C dopo averle viste%2C si è reso conto che la rana le ha copiate.,I don't know whether the frog copied the answers in the check%2C but the panda%2C after seeing them%2C realized that the frog copied them.,47,semi_factive,dontknowwhetherand,3,8241,9260,70,3
493537,19,femmina,destrimana/o,italiano,Lingue,No,f,A,Non so se la papera abbia distrutto il castello di sabbia%2C ma se il panda è triste che l'abbia distrutto%2C piangerà per tutto il giorno.,I don't know whether the duck destroyed the sand castle%2C but if the panda is sad that she did%2C he will cry all day.,5,true_factive,dontknowwhether,1,3440,7188,73,4
493537,19,femmina,destrimana/o,italiano,Lingue,No,f,A,La rana non ha dimenticato il compleanno della papera%2C ma se la papera pensa che l'abbia dimenticato%2C nasconderà il diario dell'amicizia nel bosco.,The frog didn't forget the duck's birthday%2C but if the duck thinks that he did%2C she will hide the friendship book in the wood.,18,non_factive,notpif,4,5755,6907,74,4
493537,19,femmina,destrimana/o,italiano,Lingue,No,f,A,Il panda non ha letto il diario segreto%2C ma se la rana si rende conto che l'ha letto%2C considererà la loro amicizia rovinata.,The panda didn't read the diary%2C but if the frog realizes that he did%2C he will consider their friendship ruined.,16,semi_factive,notpif,2,7696,8954,75,4
493537,19,femmina,destrimana/o,italiano,Lingue,No,f,B,La rana non ha truccato la macchinina telecomandata%2C ma il panda%2C dopo averla usata%2C ha erroneamente capito che la rana l'ha truccata.,The frog did not rig the remote control car%2C but the panda%2C after using it%2C mistakenly realized that the frog rigged it.,44,semi_factive,mistaken,2,23971,25275,76,4
493537,19,femmina,destrimana/o,italiano,Lingue,No,f,B,Il panda crede erroneamente che la papera abbia gettato via le bambole di pezza%2C ed è triste che le abbia gettate via. ,The panda mistakenly believes that the duck threw away the rag dolls%2C and is sad that he threw them away.,37,true_factive,mistaken,4,11419,12466,77,4
493537,19,femmina,destrimana/o,italiano,Lingue,No,f,B,La rana non ha spaccato le automobiline%2C ma il panda%2C dopo averle esaminate%2C ha erroneamente capito che la rana le ha spaccate.,The frog did not break the toy train%2C but the panda%2C after examining it%2C mistakenly realizes that the frog broke it.,41,semi_factive,mistaken,2,13855,14972,78,4
493537,19,femmina,destrimana/o,italiano,Lingue,No,f,B,La papera crede erroneamente che il panda abbia fatto morire le rose%2C ed è arrabbiata che le abbia fatte morire. ,The duck mistakenly believes that the panda made the roses die%2C and is angry that he made them die.,33,true_factive,mistaken,4,25654,26705,79,4
493537,19,femmina,destrimana/o,italiano,Lingue,No,f,B,Il panda crede erroneamente che la papera abbia mollato il corso di nuoto%2C ed è triste che l'abbia mollato. ,The panda mistakenly believes that the duck dropped out of swimming class%2C and he is sad that he dropped out.,40,true_factive,mistaken,1,2840,4007,85,4
493537,19,femmina,destrimana/o,italiano,Lingue,No,f,B,La papera non ha modificato la ricetta della torta%2C ma la rana%2C dopo averla riletta%2C si è erroneamente resa conto che la papera l'ha modificata.,The duck did not change the cake recipe%2C but the frog%2C after re-reading it%2C mistakenly realized that the duck changed it.,45,semi_factive,mistaken,5,2871,3757,87,4
493537,19,femmina,destrimana/o,italiano,Lingue,No,f,B,La papera crede erroneamente che la rana abbia strisciato la finestra in soffitta%2C ed è arrabbiata che l'abbia strisciata. ,The duck mistakenly believes the frog crawled through the attic window%2C and is angry that he crawled through it.,36,true_factive,mistaken,5,7444,8525,90,4
493537,19,femmina,destrimana/o,italiano,Lingue,No,f,B,La papera non ha potato la siepe%2C ma la rana%2C dopo averla innaffiata%2C si è erroneamente resa conto che la papera l'ha potata.,The duck did not prune the hedge%2C but the frog%2C after watering it%2C mistakenly realized that the duck pruned it.,48,semi_factive,mistaken,2,4223,4971,91,4
307373,20,femmina,destrimana/o,italiano,Psicologia,Sì,b,A,La papera non ha imbrattato il muro%2C ma se il panda crede che l'abbia imbrattato%2C le nasconderà tutti i pennarelli.,The duck didn't paint the wall%2C but if the panda believes that she did%2C he will hide all of her crayons.,24,non_factive,notpif,6,20282,21101,1,1
307373,20,femmina,destrimana/o,italiano,Psicologia,Sì,b,A,La papera non ha tagliuzzato il poster%2C ma se il panda capisce che l'ha tagliuzzato%2C le verserà del succo nello zaino.,The duck didn't cut the poster%2C but if the panda understands that she did%2C he will pour juice into her backpack.,12,semi_factive,notpif,4,23047,23547,5,1
307373,20,femmina,destrimana/o,italiano,Psicologia,Sì,b,A,Non so se la papera abbia smarrito il bracciale dell'amicizia%2C ma se la rana pensa che l'abbia smarrito%2C sarà molto delusa.,I don't know whether the duck lost the friendship bracelet%2C but if the frog thinks that she did%2C he will be very disappointed.,19,non_factive,dontknowwhether,4,12034,12328,8,1
307373,20,femmina,destrimana/o,italiano,Psicologia,Sì,b,A,La rana non ha dimenticato il compleanno della papera%2C ma se la papera pensa che l'abbia dimenticato%2C nasconderà il diario dell'amicizia nel bosco.,The frog didn't forget the duck's birthday%2C but if the duck thinks that he did%2C she will hide the friendship book in the wood.,18,non_factive,notpif,7,15459,16047,9,1
307373,20,femmina,destrimana/o,italiano,Psicologia,Sì,b,A,La papera non ha mai bruciato il pane%2C ma se l'ha bruciato di nuovo ieri%2C il panda non farà più colazione con lei.,The duck has never burnt the bread%2C but if she burnt it again yesterday%2C the panda won't have breakfast with her anymore.,30,again,notpif,7,6385,6909,11,1
307373,20,femmina,destrimana/o,italiano,Psicologia,Sì,b,A,Il panda non ha bucato il pallone da calcio%2C ma se la rana è arrabbiata che l'abbia bucato%2C gli verserà del latte sul computer.,The panda didn't puncture the football%2C but if the frog is angry that he did%2C he will pour milk over his laptop.,2,true_factive,notpif,7,10385,20126,12,1
307373,20,femmina,destrimana/o,italiano,Psicologia,Sì,b,A,La rana non ha perduto nulla%2C ma se ha perduto anche le chiavi%2C la papera andrà nel panico.,The frog didn't lose anything%2C but if she lost the keys too%2C the duck will panic.,26,too,notpif,7,14285,15271,14,1
307373,20,femmina,destrimana/o,italiano,Psicologia,Sì,b,A,Non so se la rana abbia nascosto i pennarelli%2C ma se la papera capisce che li ha nascosti%2C le sotterrerà le figurine in giardino.,I don't know whether the frog hid the crayons%2C but if the duck understands that he did%2C she bury his favorite figurines in the yard.,11,semi_factive,dontknowwhether,2,27939,28453,16,1
307373,20,femmina,destrimana/o,italiano,Psicologia,Sì,b,A,Il panda non ha rotto nulla%2C ma se ha rotto anche il vaso di porcellana%2C la rana andrà su tutte le furie.,The panda didn't break anything%2C but if he broke the porcelaine vase too%2C the frog will flare up.,28,too,notpif,6,19568,20221,18,1
307373,20,femmina,destrimana/o,italiano,Psicologia,Sì,b,A,Il panda non ha cambiato le regole del gioco di ruolo%2C ma la papera%2C dopo averle ripassate%2C si è resa conto che il panda le ha cambiate.,I don't know whether the panda changed the rules of the role-playing game%2C but the duck%2C after reviewing them%2C realized that the panda changed them.,46,semi_factive,dontknowwhetherand,7,9295,10133,19,1
307373,20,femmina,destrimana/o,italiano,Psicologia,Sì,b,A,Non so se la papera abbia sporcato qualcosa%2C ma se ha sporcato anche il tappeto%2C il panda non la inviterà più a casa sua.,I don't know whether the duck dirtied anything%2C but if she dirtied the carpet too%2C the panda won't invite her anymore.,27,too,dontknowwhether,4,16790,17035,21,1
307373,20,femmina,destrimana/o,italiano,Psicologia,Sì,b,A,Non so se la papera abbia perso l'aquilone%2C ma se il panda è arrabbiato che l'abbia perso%2C le getterà gli occhiali da sole in mare.,I don't know whether the duck lost the kite%2C but if the panda is angry that she did%2C he will hurl her sunglasses in the sea.,1,true_factive,dontknowwhether,1,5728,6255,23,1
307373,20,femmina,destrimana/o,italiano,Psicologia,Sì,b,A,Non so se il panda abbia forato il gonfiabile%2C ma se la rana si rende conto che l'ha forato%2C lo dirà alla maestra.,I don't know whether the panda made a hole in the bouncy castle%2C but if the frog realizes that he did%2C he will tell the teacher.,15,semi_factive,dontknowwhether,1,11800,12264,25,2
307373,20,femmina,destrimana/o,italiano,Psicologia,Sì,b,A,Non so se il panda abbia spaccato il trenino%2C ma se la papera crede che l'abbia spaccato%2C gli ruberà il quaderno da colorare. ,I don't know whether the panda broke the model train%2C but if the duck believes that he did%2C she will steal his coloring book.,21,non_factive,dontknowwhether,1,9805,10331,27,2
307373,20,femmina,destrimana/o,italiano,Psicologia,Sì,b,A,Non so se la papera abbia distrutto il castello di sabbia%2C ma se il panda è triste che l'abbia distrutto%2C piangerà per tutto il giorno.,I don't know whether the duck destroyed the sand castle%2C but if the panda is sad that she did%2C he will cry all day.,5,true_factive,dontknowwhether,1,4637,5735,28,2
307373,20,femmina,destrimana/o,italiano,Psicologia,Sì,b,A,Il panda non ha forzato la serratura%2C ma la papera%2C dopo averla controllata%2C ha capito che il panda l'ha forzata.,I don't know if the panda picked the lock%2C but the duck%2C after checking it%2C realized that the panda picked it.,43,semi_factive,dontknowwhetherand,7,7859,8340,30,2
307373,20,femmina,destrimana/o,italiano,Psicologia,Sì,b,A,La rana non ha rovinato il puzzle%2C ma se il panda è arrabbiato che l'abbia rovinato%2C le butterà le scarpe fuori dalla finestra.,The frog didn't ruin the puzzle%2C but if the panda is angry that he did%2C he will throw his shoes out of the window.,4,true_factive,notpif,1,14065,14736,35,2
307373,20,femmina,destrimana/o,italiano,Psicologia,Sì,b,A,Non so se il panda abbia danneggiato il microfono%2C ma se la rana è arrabbiata che l'abbia danneggiato%2C lo escluderà dalla serata di karaoke. ,I don't know whether the panda damaged the mic%2C but if the frog is angry that he did%2C he will uninvite him from karaoke night.,3,true_factive,dontknowwhether,1,4395,4948,36,2
307373,20,femmina,destrimana/o,italiano,Psicologia,Sì,b,A,Non so se il panda abbia bruciato l'album di foto%2C ma se la rana è triste che l'abbia bruciato%2C piangerà a dirotto.,I don't know whether the panda burned the photo album%2C but if the frog is sad that he did%2C he will cry his eyes out.,7,true_factive,dontknowwhether,1,5001,5659,37,2
307373,20,femmina,destrimana/o,italiano,Psicologia,Sì,b,A,La rana non ha dato via il vestito da festa%2C ma la papera è triste che l'abbia dato via. ,I don't know if the frog stole the party dress%2C but the duck is sad that he stole it.,39,true_factive,dontknowwhetherand,1,9269,9867,38,2
307373,20,femmina,destrimana/o,italiano,Psicologia,Sì,b,A,La papera non ha dimenticato la torta%2C ma la rana è arrabbiata che l'abbia dimenticata. ,I don't know if the duck forgot the cake%2C but the frog is angry that he forgot it.,34,true_factive,dontknowwhetherand,1,2890,3578,39,2
307373,20,femmina,destrimana/o,italiano,Psicologia,Sì,b,A,Non so se il panda abbia sottratto qualcosa alla rana%2C ma se le ha sottratto anche il cappello%2C la rana gli strapperà il costume da bagno.,I don't know whether the panda stole anything from the frog%2C but if he stole her hat too%2C the frog will rip his bathing suit.,25,too,dontknowwhether,1,8338,8844,40,2
307373,20,femmina,destrimana/o,italiano,Psicologia,Sì,b,A,Non so se la papera abbia preso il voto massimo%2C ma se la rana pensa che l'abbia preso%2C sarà gelosa.,I don't know whether the duck got the top grade%2C but if the frog thinks that she did%2C he will be jealous.,17,non_factive,dontknowwhether,2,17470,18034,41,2
307373,20,femmina,destrimana/o,italiano,Psicologia,Sì,b,A,Non so se la rana abbia finito la limonata%2C ma se la papera crede che l'abbia finita%2C andrà a comprare dei limoni.,I don't know whether the frog finished the lemonade%2C but if the duck believes that he did%2C she will go buy lemons.,23,non_factive,dontknowwhether,1,8030,8635,47,2
307373,20,femmina,destrimana/o,italiano,Psicologia,Sì,b,A,Il panda non ha perduto l'album dei ricordi%2C ma la rana è triste che l'abbia perduto. ,I don't know if the panda lost the scrapbook%2C but the frog is sad that he lost it.,38,true_factive,dontknowwhetherand,1,4507,5025,48,2
307373,20,femmina,destrimana/o,italiano,Psicologia,Sì,b,A,Il panda non ha letto il diario segreto%2C ma se la rana si rende conto che l'ha letto%2C considererà la loro amicizia rovinata.,The panda didn't read the diary%2C but if the frog realizes that he did%2C he will consider their friendship ruined.,16,semi_factive,notpif,1,14751,16797,49,3
307373,20,femmina,destrimana/o,italiano,Psicologia,Sì,b,A,La rana non ha copiato le risposte della verifica%2C ma il panda%2C dopo averle viste%2C si è reso conto che la rana le ha copiate.,I don't know whether the frog copied the answers in the check%2C but the panda%2C after seeing them%2C realized that the frog copied them.,47,semi_factive,dontknowwhetherand,2,14973,17821,52,3
307373,20,femmina,destrimana/o,italiano,Psicologia,Sì,b,A,La papera non ha smarrito la chiave della cantina%2C ma la rana%2C dopo averla cercata%2C ha capito che la papera l'ha smarrita.,I don't know if the duck misplaced the house keys%2C but the frog%2C after looking for them%2C realized that the duck misplaced them.,42,semi_factive,dontknowwhetherand,2,10434,10980,53,3
307373,20,femmina,destrimana/o,italiano,Psicologia,Sì,b,A,Il panda non ha rubato il quaderno da colorare%2C ma se la papera è triste che l'abbia rubato%2C lo manderà via.,The panda didn't steal the coloring book%2C but if the duck is sad that he did%2C she will throw him out.,8,true_factive,notpif,2,9784,10284,54,3
307373,20,femmina,destrimana/o,italiano,Psicologia,Sì,b,A,La papera non ha rotto il vasetto di miele%2C ma se il panda si rende conto che l'ha rotto%2C le terrà il broncio., The duck didn't break the honey jar%2C but if the panda realizes that she did%2C he will pout.,14,semi_factive,notpif,1,6317,6764,55,3
307373,20,femmina,destrimana/o,italiano,Psicologia,Sì,b,A,La rana non ha strappato il biglietto di auguri%2C ma se il panda pensa che l'abbia strappato%2C si metterà a piangere.,The frog didn't tear up the birthday card%2C but if the panda thinks that he did%2C he will start to cry.,20,non_factive,notpif,1,6734,7197,56,3
307373,20,femmina,destrimana/o,italiano,Psicologia,Sì,b,A,La rana non ha squarciato l'orsacchiotto%2C ma se la papera è triste che l'abbia squarciato%2C le disegnerà sulla faccia con l'indelebile.,The frog didn't cut open the teddy bear%2C but if the duck is sad that he did%2C she will draw on his face with sharpie.,6,true_factive,notpif,1,7606,8634,57,3
307373,20,femmina,destrimana/o,italiano,Psicologia,Sì,b,A,La rana non ha forzato la porta della cantina%2C ma il panda è arrabbiato che l'abbia forzata. ,I don't know if the frog smashed the cellar door%2C but the panda is angry that he smashed it.,35,true_factive,dontknowwhetherand,1,10494,10981,59,3
307373,20,femmina,destrimana/o,italiano,Psicologia,Sì,b,A,Non so se il panda abbia mai offeso la rana%2C ma se l'ha offesa di nuovo ieri%2C la rana lo prenderà in giro davanti a tutti.,I don't know whether the panda has ever offended the frog%2C but if he offended her again yesterday%2C the frog will make fun of him in font of everybody.,31,again,dontknowwhether,3,10814,11024,61,3
307373,20,femmina,destrimana/o,italiano,Psicologia,Sì,b,A,Il panda non ha calpestato le margherite%2C ma se la rana crede che le abbia calpestate%2C preparerà dei gavettoni per punirlo.,The panda didn't trample the daisies%2C but if the frog believes that he did%2C he will prepare water balloons to punish him.,22,non_factive,notpif,3,8961,9476,63,3
307373,20,femmina,destrimana/o,italiano,Psicologia,Sì,b,A,La papera non ha buttato via la cartolina%2C ma se il panda capisce che l'ha buttata via%2C non le parlerà mai più.,The duck didn't throw away the postcard%2C but if the panda understands that she did%2C he will not speak to her anymore.,10,semi_factive,notpif,1,6190,6636,64,3
307373,20,femmina,destrimana/o,italiano,Psicologia,Sì,b,A,Non so se la rana abbia mai usato il giocattolo della papera%2C ma se l'ha usato di nuovo ieri%2C la papera le getterà tutti i disegni nel fango.,I don't know whether the frog has nver used the duck's toy%2C but if she used it again yesterday%2C the duck will throw all her drawing in the mud.,29,again,dontknowwhether,3,5240,5579,70,3
307373,20,femmina,destrimana/o,italiano,Psicologia,Sì,b,A,La rana non ha mai rovesciato la bottiglia d'olio%2C ma se l'ha rovesciata di nuovo ieri%2C la paperà le farà pulire tutta la cucina.,The frog has never knocked over the oil bottle%2C but if she knocked it over again yesterday%2C the duck will make her clean the entire kitchen.,32,again,notpif,1,10874,12028,71,3
307373,20,femmina,destrimana/o,italiano,Psicologia,Sì,b,A,Non so se il panda abbia piegato le lancette dell'orologio%2C ma se la rana si rende conto che le ha piegate%2C gli urlerà contro.,I don't know whether the panda bent the hands of the clock%2C but if the frog realizes that he did%2C he will shout at him.,13,semi_factive,dontknowwhether,1,13936,14628,72,3
307373,20,femmina,destrimana/o,italiano,Psicologia,Sì,b,A,Non so se la rana abbia truccato il mazzo di carte%2C ma se il panda capisce che l'ha truccato%2C la escluderà dal prossimo pigiama party. ,I don't know whether the frog manipulated the deck%2C but if the panda understands that she did%2C he will uninvite him from the next sleepover.,9,semi_factive,dontknowwhether,1,11799,12230,73,4
307373,20,femmina,destrimana/o,italiano,Psicologia,Sì,b,B,Il panda crede erroneamente che la papera abbia mollato il corso di nuoto%2C ed è triste che l'abbia mollato. ,The panda mistakenly believes that the duck dropped out of swimming class%2C and he is sad that he dropped out.,40,true_factive,mistaken,7,16975,18243,77,4
307373,20,femmina,destrimana/o,italiano,Psicologia,Sì,b,B,Il panda crede erroneamente che la papera abbia gettato via le bambole di pezza%2C ed è triste che le abbia gettate via. ,The panda mistakenly believes that the duck threw away the rag dolls%2C and is sad that he threw them away.,37,true_factive,mistaken,6,5107,6007,80,4
307373,20,femmina,destrimana/o,italiano,Psicologia,Sì,b,B,La papera crede erroneamente che la rana abbia strisciato la finestra in soffitta%2C ed è arrabbiata che l'abbia strisciata. ,The duck mistakenly believes the frog crawled through the attic window%2C and is angry that he crawled through it.,36,true_factive,mistaken,6,6891,7706,83,4
307373,20,femmina,destrimana/o,italiano,Psicologia,Sì,b,B,La papera non ha modificato la ricetta della torta%2C ma la rana%2C dopo averla riletta%2C si è erroneamente resa conto che la papera l'ha modificata.,The duck did not change the cake recipe%2C but the frog%2C after re-reading it%2C mistakenly realized that the duck changed it.,45,semi_factive,mistaken,2,10158,11224,87,4
307373,20,femmina,destrimana/o,italiano,Psicologia,Sì,b,B,La rana non ha truccato la macchinina telecomandata%2C ma il panda%2C dopo averla usata%2C ha erroneamente capito che la rana l'ha truccata.,The frog did not rig the remote control car%2C but the panda%2C after using it%2C mistakenly realized that the frog rigged it.,44,semi_factive,mistaken,2,6556,7473,89,4
307373,20,femmina,destrimana/o,italiano,Psicologia,Sì,b,B,La papera crede erroneamente che il panda abbia fatto morire le rose%2C ed è arrabbiata che le abbia fatte morire. ,The duck mistakenly believes that the panda made the roses die%2C and is angry that he made them die.,33,true_factive,mistaken,7,7591,8507,93,4
307373,20,femmina,destrimana/o,italiano,Psicologia,Sì,b,B,La papera non ha potato la siepe%2C ma la rana%2C dopo averla innaffiata%2C si è erroneamente resa conto che la papera l'ha potata.,The duck did not prune the hedge%2C but the frog%2C after watering it%2C mistakenly realized that the duck pruned it.,48,semi_factive,mistaken,2,6939,7807,94,4
307373,20,femmina,destrimana/o,italiano,Psicologia,Sì,b,B,La rana non ha spaccato le automobiline%2C ma il panda%2C dopo averle esaminate%2C ha erroneamente capito che la rana le ha spaccate.,The frog did not break the toy train%2C but the panda%2C after examining it%2C mistakenly realizes that the frog broke it.,41,semi_factive,mistaken,2,5206,6005,96,4
829281,21,femmina,destrimana/o,italiano,Psicologia,No,c,A,La papera non ha gettato via le bambole di pezza%2C ma il panda è triste che le abbia gettate via. ,I don't know if the duck threw away the rag dolls%2C but the panda is sad that he threw them away.,37,true_factive,dontknowwhetherand,1,16537,17900,1,1
829281,21,femmina,destrimana/o,italiano,Psicologia,No,c,A,Non so se la papera abbia buttato via la cartolina%2C ma se il panda capisce che l'ha buttata via%2C non le parlerà mai più.,I don't know whether the duck threw away the postcard%2C but if the panda understands that she did%2C he will not speak to her anymore.,10,semi_factive,dontknowwhether,3,12104,13530,2,1
829281,21,femmina,destrimana/o,italiano,Psicologia,No,c,A,Non so se il panda abbia rotto qualcosa%2C ma se ha rotto anche il vaso di porcellana%2C la rana andrà su tutte le furie.,I don't know whether the panda broke anything%2C but if he broke the porcelaine vase too%2C the frog will flare up.,28,too,dontknowwhether,1,11355,12536,4,1
829281,21,femmina,destrimana/o,italiano,Psicologia,No,c,A,Il panda non ha fatto morire le rose%2C ma la papera è arrabbiata che le abbia fatte morire. ,I don't know if the panda made the roses die%2C but the duck is angry that he made them die.,33,true_factive,dontknowwhetherand,3,10483,11250,5,1
829281,21,femmina,destrimana/o,italiano,Psicologia,No,c,A,La papera non ha preso il voto massimo%2C ma se la rana pensa che l'abbia preso%2C sarà gelosa.,The duck didn't get the top grade%2C but if the frog thinks that she did%2C he will be jealous.,17,non_factive,notpif,7,8825,9908,7,1
829281,21,femmina,destrimana/o,italiano,Psicologia,No,c,A,Non so se la rana abbia strappato il biglietto di auguri%2C ma se il panda pensa che l'abbia strappato%2C si metterà a piangere.,I don't know whether the frog tore up the birthday card%2C but if the panda thinks that he did%2C he will start to cry.,20,non_factive,dontknowwhether,7,7860,8888,8,1
829281,21,femmina,destrimana/o,italiano,Psicologia,No,c,A,La rana non ha truccato la macchinina telecomandata%2C ma il panda%2C dopo averla usata%2C ha capito che la rana l'ha truccata.,I don't know whether the frog rigged the remote control car%2C but the panda%2C after using it%2C realized that the frog rigged it.,44,semi_factive,dontknowwhetherand,2,16312,16946,9,1
829281,21,femmina,destrimana/o,italiano,Psicologia,No,c,A,Non so se la rana abbia perduto qualcosa%2C ma se ha perduto anche le chiavi%2C la papera andrà nel panico.,I don't know whether the frog lost anything%2C but if she lost the keys too%2C the duck will panic.,26,too,dontknowwhether,1,7885,8869,10,1
829281,21,femmina,destrimana/o,italiano,Psicologia,No,c,A,Non so se il panda abbia calpestato le margherite%2C ma se la rana crede che le abbia calpestate%2C preparerà dei gavettoni per punirlo.,I don't know whether the panda trampled the daisies%2C but if the frog believes that he did%2C he will prepare water balloons to punish him.,22,non_factive,dontknowwhether,7,16238,17318,11,1
829281,21,femmina,destrimana/o,italiano,Psicologia,No,c,A,La papera non ha distrutto il castello di sabbia%2C ma se il panda è triste che l'abbia distrutto%2C piangerà per tutto il giorno.,The duck didn't destroy the sand castle%2C but if the panda is sad that she did%2C he will cry all day.,5,true_factive,notpif,2,9688,10688,12,1
829281,21,femmina,destrimana/o,italiano,Psicologia,No,c,A,Non so se la papera abbia tagliuzzato il poster%2C ma se il panda capisce che l'ha tagliuzzato%2C le verserà del succo nello zaino.,I don't know whether the duck cut the poster%2C but if the panda understands that she did%2C he will pour juice into her backpack.,12,semi_factive,dontknowwhether,1,9496,12019,16,1
829281,21,femmina,destrimana/o,italiano,Psicologia,No,c,A,Il panda non ha sottratto nulla alla rana%2C ma se le ha sottratto anche il cappello%2C la rana gli strapperà il costume da bagno.,The panda didn't steal anything from the frog%2C but if he stole her hat too%2C the frog will rip his bathing suit.,25,too,notpif,1,6842,8069,19,1
829281,21,femmina,destrimana/o,italiano,Psicologia,No,c,A,La papera non ha mollato il corso di nuoto%2C ma il panda è triste che l'abbia mollato. ,I don't know if the duck quit swimming class%2C but the panda is sad that he quit it.,40,true_factive,dontknowwhetherand,1,8560,9932,20,1
829281,21,femmina,destrimana/o,italiano,Psicologia,No,c,A,Non so se la rana abbia mai rovesciato la bottiglia d'olio%2C ma se l'ha rovesciata di nuovo ieri%2C la paperà le farà pulire tutta la cucina.,I don't know whether the frog has ever knocked over the oil bottle%2C but if she knocked it over again yesterday%2C the duck will make her clean the entire kitchen.,32,again,dontknowwhether,1,8551,9634,21,1
829281,21,femmina,destrimana/o,italiano,Psicologia,No,c,A,La rana non ha finito la limonata%2C ma se la papera crede che l'abbia finita%2C andrà a comprare dei limoni.,The frog didn't finish the lemonade%2C but if the duck believes that he did%2C she will go buy lemons.,23,non_factive,notpif,5,12513,15403,22,1
829281,21,femmina,destrimana/o,italiano,Psicologia,No,c,A,Non so se il panda abbia rubato il quaderno da colorare%2C ma se la papera è triste che l'abbia rubato%2C lo manderà via.,I don't know whether the panda stole the coloring book%2C but if the duck is sad that he did%2C she will throw him out.,8,true_factive,dontknowwhether,5,11585,12571,24,1
829281,21,femmina,destrimana/o,italiano,Psicologia,No,c,A,Non so se il panda abbia bucato il pallone da calcio%2C ma se la rana è arrabbiata che l'abbia bucato%2C gli verserà del latte sul computer.,I don't know whether the panda punctured the football%2C but if the frog is angry that he did%2C he will pour milk over his laptop.,2,true_factive,dontknowwhether,3,8729,9836,26,2
829281,21,femmina,destrimana/o,italiano,Psicologia,No,c,A,Non so se la papera abbia mai bruciato il pane%2C ma se l'ha bruciato di nuovo ieri%2C il panda non farà più colazione con lei.,I don't know whether the duck has ever burnt the bread%2C but if she burnt it again yesterday%2C the panda won't have breakfast with her anymore.,30,again,dontknowwhether,1,5957,7135,27,2
829281,21,femmina,destrimana/o,italiano,Psicologia,No,c,A,La rana non ha nascosto i pennarelli%2C ma se la papera capisce che li ha nascosti%2C le sotterrerà le figurine in giardino.,The frog didn't hide the crayons%2C but if the duck understands that he did%2C she bury his favorite figurines in the yard.,11,semi_factive,notpif,1,5559,7770,28,2
829281,21,femmina,destrimana/o,italiano,Psicologia,No,c,A,La rana non ha spaccato le automobiline%2C ma il panda%2C dopo averle esaminate%2C ha capito che la rana le ha spaccate.,I don't know if the frog broke the toy train%2C but the panda%2C after examining it%2C realized that the frog broke it.,41,semi_factive,dontknowwhetherand,1,9138,10501,29,2
829281,21,femmina,destrimana/o,italiano,Psicologia,No,c,A,La papera non ha perso l'aquilone%2C ma se il panda è arrabbiato che l'abbia perso%2C le getterà gli occhiali da sole in mare.,The duck didn't lose the kite%2C but if the panda is angry that she did%2C he will hurl her sunglasses in the sea.,1,true_factive,notpif,2,16563,17584,30,2
829281,21,femmina,destrimana/o,italiano,Psicologia,No,c,A,Non so se il panda abbia letto il diario segreto%2C ma se la rana si rende conto che l'ha letto%2C considererà la loro amicizia rovinata.,I don't know whether the panda read the diary%2C but if the frog realizes that he did%2C he will consider their friendship ruined.,16,semi_factive,dontknowwhether,1,5456,6487,35,2
829281,21,femmina,destrimana/o,italiano,Psicologia,No,c,A,La papera non ha potato la siepe%2C ma la rana%2C dopo averla innaffiata%2C si è resa conto che la papera l'ha potata.,I don't know whether the duck pruned the hedge%2C but the frog%2C after watering it%2C realized that the duck pruned it.,48,semi_factive,dontknowwhetherand,2,8619,9387,38,2
829281,21,femmina,destrimana/o,italiano,Psicologia,No,c,A,Non so se la rana abbia rovinato il puzzle%2C ma se il panda è arrabbiato che l'abbia rovinato%2C le butterà le scarpe fuori dalla finestra.,I don't know whether the frog ruined the puzzle%2C but if the panda is angry that he did%2C he will throw his shoes out of the window.,4,true_factive,dontknowwhether,6,8277,9253,41,2
829281,21,femmina,destrimana/o,italiano,Psicologia,No,c,A,La rana non ha mai usato il giocattolo della papera%2C ma se l'ha usato di nuovo ieri%2C la papera le getterà tutti i disegni nel fango.,The frog has never used the duck's toy%2C but if she used it again yesterday%2C the duck will throw all her drawing in the mud.,29,again,notpif,1,10553,11636,42,2
829281,21,femmina,destrimana/o,italiano,Psicologia,No,c,A,Il panda non ha bruciato l'album di foto%2C ma se la rana è triste che l'abbia bruciato%2C piangerà a dirotto.,The panda didn't burn the photo album%2C but if the frog is sad that he did%2C he will cry his eyes out.,7,true_factive,notpif,2,8278,9321,43,2
829281,21,femmina,destrimana/o,italiano,Psicologia,No,c,A,Il panda non ha spaccato il trenino%2C ma se la papera crede che l'abbia spaccato%2C gli ruberà il quaderno da colorare. ,The panda didn't break the model train%2C but if the duck believes that he did%2C she will steal his coloring book.,21,non_factive,notpif,7,8464,9390,46,2
829281,21,femmina,destrimana/o,italiano,Psicologia,No,c,A,Il panda non ha forato il gonfiabile%2C ma se la rana si rende conto che l'ha forato%2C lo dirà alla maestra.,The panda didn't make a hole in the bouncy castle%2C but if the frog realizes that he did%2C he will tell the teacher.,15,semi_factive,notpif,1,5561,6655,47,2
829281,21,femmina,destrimana/o,italiano,Psicologia,No,c,A,Non so se la rana abbia squarciato l'orsacchiotto%2C ma se la papera è triste che l'abbia squarciato%2C le disegnerà sulla faccia con l'indelebile.,I don't know whether the frog cut open the teddy bear%2C but if the duck is sad that he did%2C she will draw on his face with sharpie.,6,true_factive,dontknowwhether,4,6476,7338,51,3
829281,21,femmina,destrimana/o,italiano,Psicologia,No,c,A,La papera non ha sporcato nulla%2C ma se ha sporcato anche il tappeto%2C il panda non la inviterà più a casa sua.,The duck didn't dirty anything%2C but if she dirtied the carpet too%2C the panda won't invite her anymore.,27,too,notpif,1,5146,6124,54,3
829281,21,femmina,destrimana/o,italiano,Psicologia,No,c,A,La rana non ha truccato il mazzo di carte%2C ma se il panda capisce che l'ha truccato%2C la escluderà dal prossimo pigiama party. ,The frog didn't manipulate the deck%2C but if the panda understands that she did%2C he will uninvite him from the next sleepover.,9,semi_factive,notpif,1,6044,7062,60,3
829281,21,femmina,destrimana/o,italiano,Psicologia,No,c,A,La papera non ha smarrito il bracciale dell'amicizia%2C ma se la rana pensa che l'abbia smarrito%2C sarà molto delusa.,The duck didn't lose the friendship bracelet%2C but if the frog thinks that she did%2C he will be very disappointed.,19,non_factive,notpif,6,42081,43141,61,3
829281,21,femmina,destrimana/o,italiano,Psicologia,No,c,A,La papera non ha modificato la ricetta della torta%2C ma la rana%2C dopo averla riletta%2C si è resa conto che la papera l'ha modificata.,I don't know whether the duck changed the cake recipe%2C but the frog%2C after re-reading it%2C realized that the duck changed it.,45,semi_factive,dontknowwhetherand,2,11576,12561,62,3
829281,21,femmina,destrimana/o,italiano,Psicologia,No,c,A,Il panda non ha mai offeso la rana%2C ma se l'ha offesa di nuovo ieri%2C la rana lo prenderà in giro davanti a tutti.,The panda has never offended the frog%2C but if he offended her again yesterday%2C the frog will make fun of him in font of everybody.,31,again,notpif,1,4441,5443,64,3
829281,21,femmina,destrimana/o,italiano,Psicologia,No,c,A,Non so se la papera abbia imbrattato il muro%2C ma se il panda crede che l'abbia imbrattato%2C le nasconderà tutti i pennarelli.,I don't know whether the duck painted the wall%2C but if the panda believes that she did%2C he will hide all of her crayons.,24,non_factive,dontknowwhether,6,7066,8043,65,3
829281,21,femmina,destrimana/o,italiano,Psicologia,No,c,A,Non so se la papera abbia rotto il vasetto di miele%2C ma se il panda si rende conto che l'ha rotto%2C le terrà il broncio.,I don't know whether the duck broke the honey jar%2C but if the panda realizes that she did%2C he will pout.,14,semi_factive,dontknowwhether,1,7617,8610,66,3
829281,21,femmina,destrimana/o,italiano,Psicologia,No,c,A,La rana non ha strisciato la finestra in soffitta%2C ma la papera è arrabbiata che l'abbia strisciata. ,I don't know if the frog crawled the attic window%2C but the duck is angry that he crawled it.,36,true_factive,dontknowwhetherand,3,24280,25030,67,3
829281,21,femmina,destrimana/o,italiano,Psicologia,No,c,A,Non so se la rana abbia dimenticato il compleanno della papera%2C ma se la papera pensa che l'abbia dimenticato%2C nasconderà il diario dell'amicizia nel bosco.,I don't know whether the frog forgot the duck's birthday%2C but if the duck thinks that he did%2C she will hide the friendship book in the wood.,18,non_factive,dontknowwhether,7,12325,13372,69,3
829281,21,femmina,destrimana/o,italiano,Psicologia,No,c,A,Il panda non ha piegato le lancette dell'orologio%2C ma se la rana si rende conto che le ha piegate%2C gli urlerà contro.,The panda didn't bend the hands of the clock%2C but if the frog realizes that he did%2C he will shout at him.,13,semi_factive,notpif,1,16081,17140,71,3
829281,21,femmina,destrimana/o,italiano,Psicologia,No,c,A,Il panda non ha danneggiato il microfono%2C ma se la rana è arrabbiata che l'abbia danneggiato%2C lo escluderà dalla serata di karaoke. ,The panda didn't damage the mic%2C but if the frog is angry that he did%2C he will uninvite him from karaoke night.,3,true_factive,notpif,4,9530,13160,72,3
829281,21,femmina,destrimana/o,italiano,Psicologia,No,c,B,La papera non ha smarrito la chiave della cantina%2C ma la rana%2C dopo averla cercata%2C ha erroneamente capito che la papera l'ha smarrita.,The duck did not misplace the house keys%2C but the frog%2C after looking for them%2C mistakenly realized that the duck misplaced them.,42,semi_factive,mistaken,7,20151,21698,76,4
829281,21,femmina,destrimana/o,italiano,Psicologia,No,c,B,Il panda crede erroneamente che la rana abbia forzato la porta della cantina%2C ed è arrabbiato che l'abbia forzata. ,The panda mistakenly believes that the frog smashed the cellar door%2C and is angry that he smashed it.,35,true_factive,mistaken,7,13811,14744,78,4
829281,21,femmina,destrimana/o,italiano,Psicologia,No,c,B,Il panda non ha cambiato le regole del gioco di ruolo%2C ma la papera%2C dopo averle ripassate%2C si è erroneamente resa conto che il panda le ha cambiate.,The panda did not change the rules of the role-playing game%2C but the duck%2C after reviewing them%2C mistakenly realized that the panda changed them.,46,semi_factive,mistaken,7,6949,7960,80,4
829281,21,femmina,destrimana/o,italiano,Psicologia,No,c,B,Il panda non ha forzato la serratura%2C ma la papera%2C dopo averla controllata%2C ha erroneamente capito che il panda l'ha forzata.,The panda did not pick the lock%2C but the duck%2C after checking it%2C mistakenly realized that the panda had picked it.,43,semi_factive,mistaken,7,8117,9143,85,4
829281,21,femmina,destrimana/o,italiano,Psicologia,No,c,B,La papera crede erroneamente che la rana abbia dato via il vestito da festa%2C ed è triste che l'abbia dato via. ,The duck mistakenly believes that the frog stole the party dress%2C and he is sad that he stole it.,39,true_factive,mistaken,7,9256,10249,86,4
829281,21,femmina,destrimana/o,italiano,Psicologia,No,c,B,La rana crede erroneamente che il panda abbia perduto l'album dei ricordi%2C ed è triste che l'abbia perduto. ,The frog mistakenly believes that the panda has lost the scrapbook%2C and he is sad that he has lost it.,38,true_factive,mistaken,7,7344,8362,87,4
829281,21,femmina,destrimana/o,italiano,Psicologia,No,c,B,La rana crede erroneamente che la papera abbia dimenticato la torta%2C ed è arrabbiata che l'abbia dimenticata. ,The frog mistakenly believes the duck forgot the cake%2C and is angry that he forgot it.,34,true_factive,mistaken,7,5260,6160,89,4
829281,21,femmina,destrimana/o,italiano,Psicologia,No,c,B,La rana non ha copiato le risposte della verifica%2C ma il panda%2C dopo averle viste%2C si è erroneamente reso conto che la rana le ha copiate.,The frog did not copy the answers in the check%2C but the panda%2C after seeing them%2C mistakenly realized that the frog copied them.,47,semi_factive,mistaken,7,5764,7008,94,4
962490,19,femmina,destrimana/o,italiano,Psicologia,Sì,d,A,Il panda non ha bucato il pallone da calcio%2C ma se la rana è arrabbiata che l'abbia bucato%2C gli verserà del latte sul computer.,The panda didn't puncture the football%2C but if the frog is angry that he did%2C he will pour milk over his laptop.,2,true_factive,notpif,3,31690,33523,1,1
962490,19,femmina,destrimana/o,italiano,Psicologia,Sì,d,A,Non so se la rana abbia mai usato il giocattolo della papera%2C ma se l'ha usato di nuovo ieri%2C la papera le getterà tutti i disegni nel fango.,I don't know whether the frog has nver used the duck's toy%2C but if she used it again yesterday%2C the duck will throw all her drawing in the mud.,29,again,dontknowwhether,7,6498,12010,2,1
962490,19,femmina,destrimana/o,italiano,Psicologia,Sì,d,A,Non so se la rana abbia finito la limonata%2C ma se la papera crede che l'abbia finita%2C andrà a comprare dei limoni.,I don't know whether the frog finished the lemonade%2C but if the duck believes that he did%2C she will go buy lemons.,23,non_factive,dontknowwhether,7,21604,22590,6,1
962490,19,femmina,destrimana/o,italiano,Psicologia,Sì,d,A,Non so se la papera abbia preso il voto massimo%2C ma se la rana pensa che l'abbia preso%2C sarà gelosa.,I don't know whether the duck got the top grade%2C but if the frog thinks that she did%2C he will be jealous.,17,non_factive,dontknowwhether,7,18395,19345,7,1
962490,19,femmina,destrimana/o,italiano,Psicologia,Sì,d,A,Il panda non ha forzato la serratura%2C ma la papera%2C dopo averla controllata%2C ha capito che il panda l'ha forzata.,I don't know if the panda picked the lock%2C but the duck%2C after checking it%2C realized that the panda picked it.,43,semi_factive,dontknowwhetherand,5,18519,31088,10,1
962490,19,femmina,destrimana/o,italiano,Psicologia,Sì,d,A,Il panda non ha letto il diario segreto%2C ma se la rana si rende conto che l'ha letto%2C considererà la loro amicizia rovinata.,The panda didn't read the diary%2C but if the frog realizes that he did%2C he will consider their friendship ruined.,16,semi_factive,notpif,6,10429,11483,11,1
962490,19,femmina,destrimana/o,italiano,Psicologia,Sì,d,A,Non so se il panda abbia piegato le lancette dell'orologio%2C ma se la rana si rende conto che le ha piegate%2C gli urlerà contro.,I don't know whether the panda bent the hands of the clock%2C but if the frog realizes that he did%2C he will shout at him.,13,semi_factive,dontknowwhether,6,17145,18238,12,1
962490,19,femmina,destrimana/o,italiano,Psicologia,Sì,d,A,Il panda non ha cambiato le regole del gioco di ruolo%2C ma la papera%2C dopo averle ripassate%2C si è resa conto che il panda le ha cambiate.,I don't know whether the panda changed the rules of the role-playing game%2C but the duck%2C after reviewing them%2C realized that the panda changed them.,46,semi_factive,dontknowwhetherand,4,7091,9164,15,1
962490,19,femmina,destrimana/o,italiano,Psicologia,Sì,d,A,La papera non ha dimenticato la torta%2C ma la rana è arrabbiata che l'abbia dimenticata. ,I don't know if the duck forgot the cake%2C but the frog is angry that he forgot it.,34,true_factive,dontknowwhetherand,3,8492,15143,22,1
962490,19,femmina,destrimana/o,italiano,Psicologia,Sì,d,A,La rana non ha copiato le risposte della verifica%2C ma il panda%2C dopo averle viste%2C si è reso conto che la rana le ha copiate.,I don't know whether the frog copied the answers in the check%2C but the panda%2C after seeing them%2C realized that the frog copied them.,47,semi_factive,dontknowwhetherand,3,7357,12136,23,1
962490,19,femmina,destrimana/o,italiano,Psicologia,Sì,d,A,La rana non ha mai rovesciato la bottiglia d'olio%2C ma se l'ha rovesciata di nuovo ieri%2C la paperà le farà pulire tutta la cucina.,The frog has never knocked over the oil bottle%2C but if she knocked it over again yesterday%2C the duck will make her clean the entire kitchen.,32,again,notpif,1,8059,10415,25,2
962490,19,femmina,destrimana/o,italiano,Psicologia,Sì,d,A,La papera non ha mai bruciato il pane%2C ma se l'ha bruciato di nuovo ieri%2C il panda non farà più colazione con lei.,The duck has never burnt the bread%2C but if she burnt it again yesterday%2C the panda won't have breakfast with her anymore.,30,again,notpif,1,3950,4985,29,2
962490,19,femmina,destrimana/o,italiano,Psicologia,Sì,d,A,La rana non ha perduto nulla%2C ma se ha perduto anche le chiavi%2C la papera andrà nel panico.,The frog didn't lose anything%2C but if she lost the keys too%2C the duck will panic.,26,too,notpif,1,6606,11686,30,2
962490,19,femmina,destrimana/o,italiano,Psicologia,Sì,d,A,Non so se il panda abbia sottratto qualcosa alla rana%2C ma se le ha sottratto anche il cappello%2C la rana gli strapperà il costume da bagno.,I don't know whether the panda stole anything from the frog%2C but if he stole her hat too%2C the frog will rip his bathing suit.,25,too,dontknowwhether,1,12704,13655,32,2
962490,19,femmina,destrimana/o,italiano,Psicologia,Sì,d,A,Il panda non ha rotto nulla%2C ma se ha rotto anche il vaso di porcellana%2C la rana andrà su tutte le furie.,The panda didn't break anything%2C but if he broke the porcelaine vase too%2C the frog will flare up.,28,too,notpif,1,4734,5787,33,2
962490,19,femmina,destrimana/o,italiano,Psicologia,Sì,d,A,Il panda non ha perduto l'album dei ricordi%2C ma la rana è triste che l'abbia perduto. ,I don't know if the panda lost the scrapbook%2C but the frog is sad that he lost it.,38,true_factive,dontknowwhetherand,1,4050,5018,34,2
962490,19,femmina,destrimana/o,italiano,Psicologia,Sì,d,A,Non so se la papera abbia perso l'aquilone%2C ma se il panda è arrabbiato che l'abbia perso%2C le getterà gli occhiali da sole in mare.,I don't know whether the duck lost the kite%2C but if the panda is angry that she did%2C he will hurl her sunglasses in the sea.,1,true_factive,dontknowwhether,6,18104,19306,35,2
962490,19,femmina,destrimana/o,italiano,Psicologia,Sì,d,A,La rana non ha rovinato il puzzle%2C ma se il panda è arrabbiato che l'abbia rovinato%2C le butterà le scarpe fuori dalla finestra.,The frog didn't ruin the puzzle%2C but if the panda is angry that he did%2C he will throw his shoes out of the window.,4,true_factive,notpif,4,8577,9579,36,2
962490,19,femmina,destrimana/o,italiano,Psicologia,Sì,d,A,Il panda non ha calpestato le margherite%2C ma se la rana crede che le abbia calpestate%2C preparerà dei gavettoni per punirlo.,The panda didn't trample the daisies%2C but if the frog believes that he did%2C he will prepare water balloons to punish him.,22,non_factive,notpif,7,9525,10445,37,2
962490,19,femmina,destrimana/o,italiano,Psicologia,Sì,d,A,La papera non ha tagliuzzato il poster%2C ma se il panda capisce che l'ha tagliuzzato%2C le verserà del succo nello zaino.,The duck didn't cut the poster%2C but if the panda understands that she did%2C he will pour juice into her backpack.,12,semi_factive,notpif,2,6188,7391,38,2
962490,19,femmina,destrimana/o,italiano,Psicologia,Sì,d,A,La papera non ha smarrito la chiave della cantina%2C ma la rana%2C dopo averla cercata%2C ha capito che la papera l'ha smarrita.,I don't know if the duck misplaced the house keys%2C but the frog%2C after looking for them%2C realized that the duck misplaced them.,42,semi_factive,dontknowwhetherand,2,6520,8626,39,2
962490,19,femmina,destrimana/o,italiano,Psicologia,Sì,d,A,La rana non ha strappato il biglietto di auguri%2C ma se il panda pensa che l'abbia strappato%2C si metterà a piangere.,The frog didn't tear up the birthday card%2C but if the panda thinks that he did%2C he will start to cry.,20,non_factive,notpif,7,5342,6311,40,2
962490,19,femmina,destrimana/o,italiano,Psicologia,Sì,d,A,Non so se la papera abbia distrutto il castello di sabbia%2C ma se il panda è triste che l'abbia distrutto%2C piangerà per tutto il giorno.,I don't know whether the duck destroyed the sand castle%2C but if the panda is sad that she did%2C he will cry all day.,5,true_factive,dontknowwhether,5,8693,9744,42,2
962490,19,femmina,destrimana/o,italiano,Psicologia,Sì,d,A,Non so se il panda abbia forato il gonfiabile%2C ma se la rana si rende conto che l'ha forato%2C lo dirà alla maestra.,I don't know whether the panda made a hole in the bouncy castle%2C but if the frog realizes that he did%2C he will tell the teacher.,15,semi_factive,dontknowwhether,5,10831,11750,43,2
962490,19,femmina,destrimana/o,italiano,Psicologia,Sì,d,A,Non so se la rana abbia truccato il mazzo di carte%2C ma se il panda capisce che l'ha truccato%2C la escluderà dal prossimo pigiama party. ,I don't know whether the frog manipulated the deck%2C but if the panda understands that she did%2C he will uninvite him from the next sleepover.,9,semi_factive,dontknowwhether,5,16691,17610,44,2
962490,19,femmina,destrimana/o,italiano,Psicologia,Sì,d,A,La papera non ha rotto il vasetto di miele%2C ma se il panda si rende conto che l'ha rotto%2C le terrà il broncio., The duck didn't break the honey jar%2C but if the panda realizes that she did%2C he will pout.,14,semi_factive,notpif,5,3765,4768,45,2
962490,19,femmina,destrimana/o,italiano,Psicologia,Sì,d,A,La rana non ha dimenticato il compleanno della papera%2C ma se la papera pensa che l'abbia dimenticato%2C nasconderà il diario dell'amicizia nel bosco.,The frog didn't forget the duck's birthday%2C but if the duck thinks that he did%2C she will hide the friendship book in the wood.,18,non_factive,notpif,7,4852,5922,51,3
962490,19,femmina,destrimana/o,italiano,Psicologia,Sì,d,A,Non so se il panda abbia bruciato l'album di foto%2C ma se la rana è triste che l'abbia bruciato%2C piangerà a dirotto.,I don't know whether the panda burned the photo album%2C but if the frog is sad that he did%2C he will cry his eyes out.,7,true_factive,dontknowwhether,5,4334,5386,54,3
962490,19,femmina,destrimana/o,italiano,Psicologia,Sì,d,A,Non so se la papera abbia smarrito il bracciale dell'amicizia%2C ma se la rana pensa che l'abbia smarrito%2C sarà molto delusa.,I don't know whether the duck lost the friendship bracelet%2C but if the frog thinks that she did%2C he will be very disappointed.,19,non_factive,dontknowwhether,7,6106,7142,56,3
962490,19,femmina,destrimana/o,italiano,Psicologia,Sì,d,A,Il panda non ha rubato il quaderno da colorare%2C ma se la papera è triste che l'abbia rubato%2C lo manderà via.,The panda didn't steal the coloring book%2C but if the duck is sad that he did%2C she will throw him out.,8,true_factive,notpif,5,6239,7258,59,3
962490,19,femmina,destrimana/o,italiano,Psicologia,Sì,d,A,Non so se il panda abbia spaccato il trenino%2C ma se la papera crede che l'abbia spaccato%2C gli ruberà il quaderno da colorare. ,I don't know whether the panda broke the model train%2C but if the duck believes that he did%2C she will steal his coloring book.,21,non_factive,dontknowwhether,7,4330,5284,62,3
962490,19,femmina,destrimana/o,italiano,Psicologia,Sì,d,A,Non so se il panda abbia danneggiato il microfono%2C ma se la rana è arrabbiata che l'abbia danneggiato%2C lo escluderà dalla serata di karaoke. ,I don't know whether the panda damaged the mic%2C but if the frog is angry that he did%2C he will uninvite him from karaoke night.,3,true_factive,dontknowwhether,4,5516,6269,63,3
962490,19,femmina,destrimana/o,italiano,Psicologia,Sì,d,A,Non so se la rana abbia nascosto i pennarelli%2C ma se la papera capisce che li ha nascosti%2C le sotterrerà le figurine in giardino.,I don't know whether the frog hid the crayons%2C but if the duck understands that he did%2C she bury his favorite figurines in the yard.,11,semi_factive,dontknowwhether,6,8894,9815,65,3
962490,19,femmina,destrimana/o,italiano,Psicologia,Sì,d,A,Non so se il panda abbia mai offeso la rana%2C ma se l'ha offesa di nuovo ieri%2C la rana lo prenderà in giro davanti a tutti.,I don't know whether the panda has ever offended the frog%2C but if he offended her again yesterday%2C the frog will make fun of him in font of everybody.,31,again,dontknowwhether,2,10131,11035,66,3
962490,19,femmina,destrimana/o,italiano,Psicologia,Sì,d,A,La rana non ha forzato la porta della cantina%2C ma il panda è arrabbiato che l'abbia forzata. ,I don't know if the frog smashed the cellar door%2C but the panda is angry that he smashed it.,35,true_factive,dontknowwhetherand,4,6589,7509,68,3
962490,19,femmina,destrimana/o,italiano,Psicologia,Sì,d,A,La rana non ha squarciato l'orsacchiotto%2C ma se la papera è triste che l'abbia squarciato%2C le disegnerà sulla faccia con l'indelebile.,The frog didn't cut open the teddy bear%2C but if the duck is sad that he did%2C she will draw on his face with sharpie.,6,true_factive,notpif,4,4837,5823,69,3
962490,19,femmina,destrimana/o,italiano,Psicologia,Sì,d,A,La rana non ha dato via il vestito da festa%2C ma la papera è triste che l'abbia dato via. ,I don't know if the frog stole the party dress%2C but the duck is sad that he stole it.,39,true_factive,dontknowwhetherand,1,6959,8180,72,3
962490,19,femmina,destrimana/o,italiano,Psicologia,Sì,d,A,Non so se la papera abbia sporcato qualcosa%2C ma se ha sporcato anche il tappeto%2C il panda non la inviterà più a casa sua.,I don't know whether the duck dirtied anything%2C but if she dirtied the carpet too%2C the panda won't invite her anymore.,27,too,dontknowwhether,2,5118,6122,73,4
962490,19,femmina,destrimana/o,italiano,Psicologia,Sì,d,A,La papera non ha imbrattato il muro%2C ma se il panda crede che l'abbia imbrattato%2C le nasconderà tutti i pennarelli.,The duck didn't paint the wall%2C but if the panda believes that she did%2C he will hide all of her crayons.,24,non_factive,notpif,7,10367,11336,74,4
962490,19,femmina,destrimana/o,italiano,Psicologia,Sì,d,A,La papera non ha buttato via la cartolina%2C ma se il panda capisce che l'ha buttata via%2C non le parlerà mai più.,The duck didn't throw away the postcard%2C but if the panda understands that she did%2C he will not speak to her anymore.,10,semi_factive,notpif,2,5036,6224,75,4
962490,19,femmina,destrimana/o,italiano,Psicologia,Sì,d,B,Il panda crede erroneamente che la papera abbia gettato via le bambole di pezza%2C ed è triste che le abbia gettate via. ,The panda mistakenly believes that the duck threw away the rag dolls%2C and is sad that he threw them away.,37,true_factive,mistaken,6,13127,14172,76,4
962490,19,femmina,destrimana/o,italiano,Psicologia,Sì,d,B,La rana non ha spaccato le automobiline%2C ma il panda%2C dopo averle esaminate%2C ha erroneamente capito che la rana le ha spaccate.,The frog did not break the toy train%2C but the panda%2C after examining it%2C mistakenly realizes that the frog broke it.,41,semi_factive,mistaken,7,4906,5875,78,4
962490,19,femmina,destrimana/o,italiano,Psicologia,Sì,d,B,La rana non ha truccato la macchinina telecomandata%2C ma il panda%2C dopo averla usata%2C ha erroneamente capito che la rana l'ha truccata.,The frog did not rig the remote control car%2C but the panda%2C after using it%2C mistakenly realized that the frog rigged it.,44,semi_factive,mistaken,7,4662,5628,79,4
962490,19,femmina,destrimana/o,italiano,Psicologia,Sì,d,B,La papera non ha modificato la ricetta della torta%2C ma la rana%2C dopo averla riletta%2C si è erroneamente resa conto che la papera l'ha modificata.,The duck did not change the cake recipe%2C but the frog%2C after re-reading it%2C mistakenly realized that the duck changed it.,45,semi_factive,mistaken,6,7955,8942,82,4
962490,19,femmina,destrimana/o,italiano,Psicologia,Sì,d,B,La papera non ha potato la siepe%2C ma la rana%2C dopo averla innaffiata%2C si è erroneamente resa conto che la papera l'ha potata.,The duck did not prune the hedge%2C but the frog%2C after watering it%2C mistakenly realized that the duck pruned it.,48,semi_factive,mistaken,6,6154,7041,90,4
962490,19,femmina,destrimana/o,italiano,Psicologia,Sì,d,B,La papera crede erroneamente che il panda abbia fatto morire le rose%2C ed è arrabbiata che le abbia fatte morire. ,The duck mistakenly believes that the panda made the roses die%2C and is angry that he made them die.,33,true_factive,mistaken,7,5869,6904,91,4
962490,19,femmina,destrimana/o,italiano,Psicologia,Sì,d,B,Il panda crede erroneamente che la papera abbia mollato il corso di nuoto%2C ed è triste che l'abbia mollato. ,The panda mistakenly believes that the duck dropped out of swimming class%2C and he is sad that he dropped out.,40,true_factive,mistaken,7,4665,5633,94,4
962490,19,femmina,destrimana/o,italiano,Psicologia,Sì,d,B,La papera crede erroneamente che la rana abbia strisciato la finestra in soffitta%2C ed è arrabbiata che l'abbia strisciata. ,The duck mistakenly believes the frog crawled through the attic window%2C and is angry that he crawled through it.,36,true_factive,mistaken,7,6738,7691,96,4
170518,22,femmina,destrimana/o,italiano,Psicologia,Sì,e,A,La rana non ha strisciato la finestra in soffitta%2C ma la papera è arrabbiata che l'abbia strisciata. ,I don't know if the frog crawled the attic window%2C but the duck is angry that he crawled it.,36,true_factive,dontknowwhetherand,3,11483,12231,1,1
170518,22,femmina,destrimana/o,italiano,Psicologia,Sì,e,A,La papera non ha sporcato nulla%2C ma se ha sporcato anche il tappeto%2C il panda non la inviterà più a casa sua.,The duck didn't dirty anything%2C but if she dirtied the carpet too%2C the panda won't invite her anymore.,27,too,notpif,2,5880,7333,2,1
170518,22,femmina,destrimana/o,italiano,Psicologia,Sì,e,A,Non so se il panda abbia bucato il pallone da calcio%2C ma se la rana è arrabbiata che l'abbia bucato%2C gli verserà del latte sul computer.,I don't know whether the panda punctured the football%2C but if the frog is angry that he did%2C he will pour milk over his laptop.,2,true_factive,dontknowwhether,7,10797,11272,7,1
170518,22,femmina,destrimana/o,italiano,Psicologia,Sì,e,A,Non so se il panda abbia calpestato le margherite%2C ma se la rana crede che le abbia calpestate%2C preparerà dei gavettoni per punirlo.,I don't know whether the panda trampled the daisies%2C but if the frog believes that he did%2C he will prepare water balloons to punish him.,22,non_factive,dontknowwhether,7,4055,4458,8,1
170518,22,femmina,destrimana/o,italiano,Psicologia,Sì,e,A,La papera non ha gettato via le bambole di pezza%2C ma il panda è triste che le abbia gettate via. ,I don't know if the duck threw away the rag dolls%2C but the panda is sad that he threw them away.,37,true_factive,dontknowwhetherand,1,4507,5298,10,1
170518,22,femmina,destrimana/o,italiano,Psicologia,Sì,e,A,La rana non ha nascosto i pennarelli%2C ma se la papera capisce che li ha nascosti%2C le sotterrerà le figurine in giardino.,The frog didn't hide the crayons%2C but if the duck understands that he did%2C she bury his favorite figurines in the yard.,11,semi_factive,notpif,4,12387,12713,11,1
170518,22,femmina,destrimana/o,italiano,Psicologia,Sì,e,A,Non so se la papera abbia mai bruciato il pane%2C ma se l'ha bruciato di nuovo ieri%2C il panda non farà più colazione con lei.,I don't know whether the duck has ever burnt the bread%2C but if she burnt it again yesterday%2C the panda won't have breakfast with her anymore.,30,again,dontknowwhether,7,8328,8963,12,1
170518,22,femmina,destrimana/o,italiano,Psicologia,Sì,e,A,La papera non ha potato la siepe%2C ma la rana%2C dopo averla innaffiata%2C si è resa conto che la papera l'ha potata.,I don't know whether the duck pruned the hedge%2C but the frog%2C after watering it%2C realized that the duck pruned it.,48,semi_factive,dontknowwhetherand,1,6564,7067,14,1
170518,22,femmina,destrimana/o,italiano,Psicologia,Sì,e,A,La rana non ha truccato il mazzo di carte%2C ma se il panda capisce che l'ha truccato%2C la escluderà dal prossimo pigiama party. ,The frog didn't manipulate the deck%2C but if the panda understands that she did%2C he will uninvite him from the next sleepover.,9,semi_factive,notpif,6,6023,6514,16,1
170518,22,femmina,destrimana/o,italiano,Psicologia,Sì,e,A,Il panda non ha spaccato il trenino%2C ma se la papera crede che l'abbia spaccato%2C gli ruberà il quaderno da colorare. ,The panda didn't break the model train%2C but if the duck believes that he did%2C she will steal his coloring book.,21,non_factive,notpif,7,7521,8252,17,1
170518,22,femmina,destrimana/o,italiano,Psicologia,Sì,e,A,Il panda non ha forato il gonfiabile%2C ma se la rana si rende conto che l'ha forato%2C lo dirà alla maestra.,The panda didn't make a hole in the bouncy castle%2C but if the frog realizes that he did%2C he will tell the teacher.,15,semi_factive,notpif,7,4957,5409,20,1
170518,22,femmina,destrimana/o,italiano,Psicologia,Sì,e,A,La papera non ha mollato il corso di nuoto%2C ma il panda è triste che l'abbia mollato. ,I don't know if the duck quit swimming class%2C but the panda is sad that he quit it.,40,true_factive,dontknowwhetherand,1,4282,4770,21,1
170518,22,femmina,destrimana/o,italiano,Psicologia,Sì,e,A,La papera non ha distrutto il castello di sabbia%2C ma se il panda è triste che l'abbia distrutto%2C piangerà per tutto il giorno.,The duck didn't destroy the sand castle%2C but if the panda is sad that she did%2C he will cry all day.,5,true_factive,notpif,4,11187,12376,22,1
170518,22,femmina,destrimana/o,italiano,Psicologia,Sì,e,A,La papera non ha smarrito il bracciale dell'amicizia%2C ma se la rana pensa che l'abbia smarrito%2C sarà molto delusa.,The duck didn't lose the friendship bracelet%2C but if the frog thinks that she did%2C he will be very disappointed.,19,non_factive,notpif,7,2688,3183,24,1
170518,22,femmina,destrimana/o,italiano,Psicologia,Sì,e,A,Non so se la rana abbia strappato il biglietto di auguri%2C ma se il panda pensa che l'abbia strappato%2C si metterà a piangere.,I don't know whether the frog tore up the birthday card%2C but if the panda thinks that he did%2C he will start to cry.,20,non_factive,dontknowwhether,7,4545,4938,29,2
170518,22,femmina,destrimana/o,italiano,Psicologia,Sì,e,A,Il panda non ha bruciato l'album di foto%2C ma se la rana è triste che l'abbia bruciato%2C piangerà a dirotto.,The panda didn't burn the photo album%2C but if the frog is sad that he did%2C he will cry his eyes out.,7,true_factive,notpif,7,4044,4668,30,2
170518,22,femmina,destrimana/o,italiano,Psicologia,Sì,e,A,Non so se la papera abbia tagliuzzato il poster%2C ma se il panda capisce che l'ha tagliuzzato%2C le verserà del succo nello zaino.,I don't know whether the duck cut the poster%2C but if the panda understands that she did%2C he will pour juice into her backpack.,12,semi_factive,dontknowwhether,7,4434,5353,31,2
170518,22,femmina,destrimana/o,italiano,Psicologia,Sì,e,A,Non so se la papera abbia imbrattato il muro%2C ma se il panda crede che l'abbia imbrattato%2C le nasconderà tutti i pennarelli.,I don't know whether the duck painted the wall%2C but if the panda believes that she did%2C he will hide all of her crayons.,24,non_factive,dontknowwhether,7,4781,5027,32,2
170518,22,femmina,destrimana/o,italiano,Psicologia,Sì,e,A,Non so se la papera abbia rotto il vasetto di miele%2C ma se il panda si rende conto che l'ha rotto%2C le terrà il broncio.,I don't know whether the duck broke the honey jar%2C but if the panda realizes that she did%2C he will pout.,14,semi_factive,dontknowwhether,6,3448,3862,36,2
170518,22,femmina,destrimana/o,italiano,Psicologia,Sì,e,A,Non so se il panda abbia rubato il quaderno da colorare%2C ma se la papera è triste che l'abbia rubato%2C lo manderà via.,I don't know whether the panda stole the coloring book%2C but if the duck is sad that he did%2C she will throw him out.,8,true_factive,dontknowwhether,7,3749,4248,38,2
170518,22,femmina,destrimana/o,italiano,Psicologia,Sì,e,A,La papera non ha preso il voto massimo%2C ma se la rana pensa che l'abbia preso%2C sarà gelosa.,The duck didn't get the top grade%2C but if the frog thinks that she did%2C he will be jealous.,17,non_factive,notpif,7,5417,5842,40,2
170518,22,femmina,destrimana/o,italiano,Psicologia,Sì,e,A,La rana non ha mai usato il giocattolo della papera%2C ma se l'ha usato di nuovo ieri%2C la papera le getterà tutti i disegni nel fango.,The frog has never used the duck's toy%2C but if she used it again yesterday%2C the duck will throw all her drawing in the mud.,29,again,notpif,6,5382,5753,41,2
170518,22,femmina,destrimana/o,italiano,Psicologia,Sì,e,A,La rana non ha truccato la macchinina telecomandata%2C ma il panda%2C dopo averla usata%2C ha capito che la rana l'ha truccata.,I don't know whether the frog rigged the remote control car%2C but the panda%2C after using it%2C realized that the frog rigged it.,44,semi_factive,dontknowwhetherand,5,1387,4090,42,2
170518,22,femmina,destrimana/o,italiano,Psicologia,Sì,e,A,Il panda non ha piegato le lancette dell'orologio%2C ma se la rana si rende conto che le ha piegate%2C gli urlerà contro.,The panda didn't bend the hands of the clock%2C but if the frog realizes that he did%2C he will shout at him.,13,semi_factive,notpif,6,3579,4230,46,2
170518,22,femmina,destrimana/o,italiano,Psicologia,Sì,e,A,Non so se la rana abbia dimenticato il compleanno della papera%2C ma se la papera pensa che l'abbia dimenticato%2C nasconderà il diario dell'amicizia nel bosco.,I don't know whether the frog forgot the duck's birthday%2C but if the duck thinks that he did%2C she will hide the friendship book in the wood.,18,non_factive,dontknowwhether,6,5606,6335,47,2
170518,22,femmina,destrimana/o,italiano,Psicologia,Sì,e,A,La rana non ha spaccato le automobiline%2C ma il panda%2C dopo averle esaminate%2C ha capito che la rana le ha spaccate.,I don't know if the frog broke the toy train%2C but the panda%2C after examining it%2C realized that the frog broke it.,41,semi_factive,dontknowwhetherand,1,6542,6940,49,3
170518,22,femmina,destrimana/o,italiano,Psicologia,Sì,e,A,Non so se il panda abbia rotto qualcosa%2C ma se ha rotto anche il vaso di porcellana%2C la rana andrà su tutte le furie.,I don't know whether the panda broke anything%2C but if he broke the porcelaine vase too%2C the frog will flare up.,28,too,dontknowwhether,7,8309,8768,52,3
170518,22,femmina,destrimana/o,italiano,Psicologia,Sì,e,A,La rana non ha finito la limonata%2C ma se la papera crede che l'abbia finita%2C andrà a comprare dei limoni.,The frog didn't finish the lemonade%2C but if the duck believes that he did%2C she will go buy lemons.,23,non_factive,notpif,7,6132,8187,53,3
170518,22,femmina,destrimana/o,italiano,Psicologia,Sì,e,A,Il panda non ha fatto morire le rose%2C ma la papera è arrabbiata che le abbia fatte morire. ,I don't know if the panda made the roses die%2C but the duck is angry that he made them die.,33,true_factive,dontknowwhetherand,1,5224,5903,55,3
170518,22,femmina,destrimana/o,italiano,Psicologia,Sì,e,A,Il panda non ha mai offeso la rana%2C ma se l'ha offesa di nuovo ieri%2C la rana lo prenderà in giro davanti a tutti.,The panda has never offended the frog%2C but if he offended her again yesterday%2C the frog will make fun of him in font of everybody.,31,again,notpif,2,6035,6420,57,3
170518,22,femmina,destrimana/o,italiano,Psicologia,Sì,e,A,Il panda non ha sottratto nulla alla rana%2C ma se le ha sottratto anche il cappello%2C la rana gli strapperà il costume da bagno.,The panda didn't steal anything from the frog%2C but if he stole her hat too%2C the frog will rip his bathing suit.,25,too,notpif,2,1615,2720,58,3
170518,22,femmina,destrimana/o,italiano,Psicologia,Sì,e,A,Il panda non ha danneggiato il microfono%2C ma se la rana è arrabbiata che l'abbia danneggiato%2C lo escluderà dalla serata di karaoke. ,The panda didn't damage the mic%2C but if the frog is angry that he did%2C he will uninvite him from karaoke night.,3,true_factive,notpif,2,6067,6502,61,3
170518,22,femmina,destrimana/o,italiano,Psicologia,Sì,e,A,La papera non ha modificato la ricetta della torta%2C ma la rana%2C dopo averla riletta%2C si è resa conto che la papera l'ha modificata.,I don't know whether the duck changed the cake recipe%2C but the frog%2C after re-reading it%2C realized that the duck changed it.,45,semi_factive,dontknowwhetherand,1,4580,5397,62,3
170518,22,femmina,destrimana/o,italiano,Psicologia,Sì,e,A,La papera non ha perso l'aquilone%2C ma se il panda è arrabbiato che l'abbia perso%2C le getterà gli occhiali da sole in mare.,The duck didn't lose the kite%2C but if the panda is angry that she did%2C he will hurl her sunglasses in the sea.,1,true_factive,notpif,6,4511,4925,64,3
170518,22,femmina,destrimana/o,italiano,Psicologia,Sì,e,A,Non so se la papera abbia buttato via la cartolina%2C ma se il panda capisce che l'ha buttata via%2C non le parlerà mai più.,I don't know whether the duck threw away the postcard%2C but if the panda understands that she did%2C he will not speak to her anymore.,10,semi_factive,dontknowwhether,6,3814,4457,67,3
170518,22,femmina,destrimana/o,italiano,Psicologia,Sì,e,A,Non so se la rana abbia perduto qualcosa%2C ma se ha perduto anche le chiavi%2C la papera andrà nel panico.,I don't know whether the frog lost anything%2C but if she lost the keys too%2C the duck will panic.,26,too,dontknowwhether,6,3336,4829,68,3
170518,22,femmina,destrimana/o,italiano,Psicologia,Sì,e,A,Non so se la rana abbia squarciato l'orsacchiotto%2C ma se la papera è triste che l'abbia squarciato%2C le disegnerà sulla faccia con l'indelebile.,I don't know whether the frog cut open the teddy bear%2C but if the duck is sad that he did%2C she will draw on his face with sharpie.,6,true_factive,dontknowwhether,6,3435,3843,70,3
170518,22,femmina,destrimana/o,italiano,Psicologia,Sì,e,A,Non so se il panda abbia letto il diario segreto%2C ma se la rana si rende conto che l'ha letto%2C considererà la loro amicizia rovinata.,I don't know whether the panda read the diary%2C but if the frog realizes that he did%2C he will consider their friendship ruined.,16,semi_factive,dontknowwhether,7,5421,5809,72,3
170518,22,femmina,destrimana/o,italiano,Psicologia,Sì,e,A,Non so se la rana abbia mai rovesciato la bottiglia d'olio%2C ma se l'ha rovesciata di nuovo ieri%2C la paperà le farà pulire tutta la cucina.,I don't know whether the frog has ever knocked over the oil bottle%2C but if she knocked it over again yesterday%2C the duck will make her clean the entire kitchen.,32,again,dontknowwhether,7,4632,5065,73,4
170518,22,femmina,destrimana/o,italiano,Psicologia,Sì,e,A,Non so se la rana abbia rovinato il puzzle%2C ma se il panda è arrabbiato che l'abbia rovinato%2C le butterà le scarpe fuori dalla finestra.,I don't know whether the frog ruined the puzzle%2C but if the panda is angry that he did%2C he will throw his shoes out of the window.,4,true_factive,dontknowwhether,7,4438,5055,75,4
170518,22,femmina,destrimana/o,italiano,Psicologia,Sì,e,B,La rana crede erroneamente che la papera abbia dimenticato la torta%2C ed è arrabbiata che l'abbia dimenticata. ,The frog mistakenly believes the duck forgot the cake%2C and is angry that he forgot it.,34,true_factive,mistaken,7,2854,3546,78,4
170518,22,femmina,destrimana/o,italiano,Psicologia,Sì,e,B,La papera non ha smarrito la chiave della cantina%2C ma la rana%2C dopo averla cercata%2C ha erroneamente capito che la papera l'ha smarrita.,The duck did not misplace the house keys%2C but the frog%2C after looking for them%2C mistakenly realized that the duck misplaced them.,42,semi_factive,mistaken,7,4537,5034,80,4
170518,22,femmina,destrimana/o,italiano,Psicologia,Sì,e,B,Il panda crede erroneamente che la rana abbia forzato la porta della cantina%2C ed è arrabbiato che l'abbia forzata. ,The panda mistakenly believes that the frog smashed the cellar door%2C and is angry that he smashed it.,35,true_factive,mistaken,7,3725,4245,84,4
170518,22,femmina,destrimana/o,italiano,Psicologia,Sì,e,B,La papera crede erroneamente che la rana abbia dato via il vestito da festa%2C ed è triste che l'abbia dato via. ,The duck mistakenly believes that the frog stole the party dress%2C and he is sad that he stole it.,39,true_factive,mistaken,6,6750,7187,86,4
170518,22,femmina,destrimana/o,italiano,Psicologia,Sì,e,B,La rana non ha copiato le risposte della verifica%2C ma il panda%2C dopo averle viste%2C si è erroneamente reso conto che la rana le ha copiate.,The frog did not copy the answers in the check%2C but the panda%2C after seeing them%2C mistakenly realized that the frog copied them.,47,semi_factive,mistaken,7,9894,10377,87,4
170518,22,femmina,destrimana/o,italiano,Psicologia,Sì,e,B,Il panda non ha cambiato le regole del gioco di ruolo%2C ma la papera%2C dopo averle ripassate%2C si è erroneamente resa conto che il panda le ha cambiate.,The panda did not change the rules of the role-playing game%2C but the duck%2C after reviewing them%2C mistakenly realized that the panda changed them.,46,semi_factive,mistaken,7,4032,6317,88,4
170518,22,femmina,destrimana/o,italiano,Psicologia,Sì,e,B,Il panda non ha forzato la serratura%2C ma la papera%2C dopo averla controllata%2C ha erroneamente capito che il panda l'ha forzata.,The panda did not pick the lock%2C but the duck%2C after checking it%2C mistakenly realized that the panda had picked it.,43,semi_factive,mistaken,7,2154,2740,90,4
170518,22,femmina,destrimana/o,italiano,Psicologia,Sì,e,B,La rana crede erroneamente che il panda abbia perduto l'album dei ricordi%2C ed è triste che l'abbia perduto. ,The frog mistakenly believes that the panda has lost the scrapbook%2C and he is sad that he has lost it.,38,true_factive,mistaken,7,4429,4875,92,4
998925,20,femmina,destrimana/o,italiano,Psicologia,Sì,f,A,La papera non ha mai bruciato il pane%2C ma se l'ha bruciato di nuovo ieri%2C il panda non farà più colazione con lei.,The duck has never burnt the bread%2C but if she burnt it again yesterday%2C the panda won't have breakfast with her anymore.,30,again,notpif,3,13891,14871,2,1
998925,20,femmina,destrimana/o,italiano,Psicologia,Sì,f,A,Non so se il panda abbia spaccato il trenino%2C ma se la papera crede che l'abbia spaccato%2C gli ruberà il quaderno da colorare. ,I don't know whether the panda broke the model train%2C but if the duck believes that he did%2C she will steal his coloring book.,21,non_factive,dontknowwhether,6,13367,14599,3,1
998925,20,femmina,destrimana/o,italiano,Psicologia,Sì,f,A,La rana non ha mai rovesciato la bottiglia d'olio%2C ma se l'ha rovesciata di nuovo ieri%2C la paperà le farà pulire tutta la cucina.,The frog has never knocked over the oil bottle%2C but if she knocked it over again yesterday%2C the duck will make her clean the entire kitchen.,32,again,notpif,1,12894,13843,4,1
998925,20,femmina,destrimana/o,italiano,Psicologia,Sì,f,A,La rana non ha copiato le risposte della verifica%2C ma il panda%2C dopo averle viste%2C si è reso conto che la rana le ha copiate.,I don't know whether the frog copied the answers in the check%2C but the panda%2C after seeing them%2C realized that the frog copied them.,47,semi_factive,dontknowwhetherand,6,9528,10852,5,1
998925,20,femmina,destrimana/o,italiano,Psicologia,Sì,f,A,Il panda non ha perduto l'album dei ricordi%2C ma la rana è triste che l'abbia perduto. ,I don't know if the panda lost the scrapbook%2C but the frog is sad that he lost it.,38,true_factive,dontknowwhetherand,1,6220,7056,6,1
998925,20,femmina,destrimana/o,italiano,Psicologia,Sì,f,A,Il panda non ha calpestato le margherite%2C ma se la rana crede che le abbia calpestate%2C preparerà dei gavettoni per punirlo.,The panda didn't trample the daisies%2C but if the frog believes that he did%2C he will prepare water balloons to punish him.,22,non_factive,notpif,6,9599,10179,14,1
998925,20,femmina,destrimana/o,italiano,Psicologia,Sì,f,A,Non so se il panda abbia sottratto qualcosa alla rana%2C ma se le ha sottratto anche il cappello%2C la rana gli strapperà il costume da bagno.,I don't know whether the panda stole anything from the frog%2C but if he stole her hat too%2C the frog will rip his bathing suit.,25,too,dontknowwhether,4,13653,14322,21,1
998925,20,femmina,destrimana/o,italiano,Psicologia,Sì,f,A,Non so se il panda abbia piegato le lancette dell'orologio%2C ma se la rana si rende conto che le ha piegate%2C gli urlerà contro.,I don't know whether the panda bent the hands of the clock%2C but if the frog realizes that he did%2C he will shout at him.,13,semi_factive,dontknowwhether,5,7559,8193,23,1
998925,20,femmina,destrimana/o,italiano,Psicologia,Sì,f,A,La papera non ha imbrattato il muro%2C ma se il panda crede che l'abbia imbrattato%2C le nasconderà tutti i pennarelli.,The duck didn't paint the wall%2C but if the panda believes that she did%2C he will hide all of her crayons.,24,non_factive,notpif,6,9030,10923,25,2
998925,20,femmina,destrimana/o,italiano,Psicologia,Sì,f,A,La rana non ha strappato il biglietto di auguri%2C ma se il panda pensa che l'abbia strappato%2C si metterà a piangere.,The frog didn't tear up the birthday card%2C but if the panda thinks that he did%2C he will start to cry.,20,non_factive,notpif,6,4594,5302,26,2
998925,20,femmina,destrimana/o,italiano,Psicologia,Sì,f,A,Il panda non ha bucato il pallone da calcio%2C ma se la rana è arrabbiata che l'abbia bucato%2C gli verserà del latte sul computer.,The panda didn't puncture the football%2C but if the frog is angry that he did%2C he will pour milk over his laptop.,2,true_factive,notpif,3,8299,9060,27,2
998925,20,femmina,destrimana/o,italiano,Psicologia,Sì,f,A,Non so se il panda abbia danneggiato il microfono%2C ma se la rana è arrabbiata che l'abbia danneggiato%2C lo escluderà dalla serata di karaoke. ,I don't know whether the panda damaged the mic%2C but if the frog is angry that he did%2C he will uninvite him from karaoke night.,3,true_factive,dontknowwhether,3,5678,6366,29,2
998925,20,femmina,destrimana/o,italiano,Psicologia,Sì,f,A,La rana non ha dato via il vestito da festa%2C ma la papera è triste che l'abbia dato via. ,I don't know if the frog stole the party dress%2C but the duck is sad that he stole it.,39,true_factive,dontknowwhetherand,2,6378,7208,31,2
998925,20,femmina,destrimana/o,italiano,Psicologia,Sì,f,A,Il panda non ha rubato il quaderno da colorare%2C ma se la papera è triste che l'abbia rubato%2C lo manderà via.,The panda didn't steal the coloring book%2C but if the duck is sad that he did%2C she will throw him out.,8,true_factive,notpif,2,5175,5939,33,2
998925,20,femmina,destrimana/o,italiano,Psicologia,Sì,f,A,Non so se la rana abbia truccato il mazzo di carte%2C ma se il panda capisce che l'ha truccato%2C la escluderà dal prossimo pigiama party. ,I don't know whether the frog manipulated the deck%2C but if the panda understands that she did%2C he will uninvite him from the next sleepover.,9,semi_factive,dontknowwhether,6,5226,5797,34,2
998925,20,femmina,destrimana/o,italiano,Psicologia,Sì,f,A,Il panda non ha letto il diario segreto%2C ma se la rana si rende conto che l'ha letto%2C considererà la loro amicizia rovinata.,The panda didn't read the diary%2C but if the frog realizes that he did%2C he will consider their friendship ruined.,16,semi_factive,notpif,2,5497,6216,36,2
998925,20,femmina,destrimana/o,italiano,Psicologia,Sì,f,A,La rana non ha forzato la porta della cantina%2C ma il panda è arrabbiato che l'abbia forzata. ,I don't know if the frog smashed the cellar door%2C but the panda is angry that he smashed it.,35,true_factive,dontknowwhetherand,1,5938,7138,37,2
998925,20,femmina,destrimana/o,italiano,Psicologia,Sì,f,A,Il panda non ha rotto nulla%2C ma se ha rotto anche il vaso di porcellana%2C la rana andrà su tutte le furie.,The panda didn't break anything%2C but if he broke the porcelaine vase too%2C the frog will flare up.,28,too,notpif,2,4402,5193,38,2
998925,20,femmina,destrimana/o,italiano,Psicologia,Sì,f,A,Non so se la rana abbia mai usato il giocattolo della papera%2C ma se l'ha usato di nuovo ieri%2C la papera le getterà tutti i disegni nel fango.,I don't know whether the frog has nver used the duck's toy%2C but if she used it again yesterday%2C the duck will throw all her drawing in the mud.,29,again,dontknowwhether,6,5997,7933,39,2
998925,20,femmina,destrimana/o,italiano,Psicologia,Sì,f,A,Non so se il panda abbia mai offeso la rana%2C ma se l'ha offesa di nuovo ieri%2C la rana lo prenderà in giro davanti a tutti.,I don't know whether the panda has ever offended the frog%2C but if he offended her again yesterday%2C the frog will make fun of him in font of everybody.,31,again,dontknowwhether,6,8962,9577,41,2
998925,20,femmina,destrimana/o,italiano,Psicologia,Sì,f,A,La papera non ha tagliuzzato il poster%2C ma se il panda capisce che l'ha tagliuzzato%2C le verserà del succo nello zaino.,The duck didn't cut the poster%2C but if the panda understands that she did%2C he will pour juice into her backpack.,12,semi_factive,notpif,2,5666,6667,44,2
998925,20,femmina,destrimana/o,italiano,Psicologia,Sì,f,A,Non so se la papera abbia distrutto il castello di sabbia%2C ma se il panda è triste che l'abbia distrutto%2C piangerà per tutto il giorno.,I don't know whether the duck destroyed the sand castle%2C but if the panda is sad that she did%2C he will cry all day.,5,true_factive,dontknowwhether,3,6205,6838,45,2
998925,20,femmina,destrimana/o,italiano,Psicologia,Sì,f,A,Il panda non ha cambiato le regole del gioco di ruolo%2C ma la papera%2C dopo averle ripassate%2C si è resa conto che il panda le ha cambiate.,I don't know whether the panda changed the rules of the role-playing game%2C but the duck%2C after reviewing them%2C realized that the panda changed them.,46,semi_factive,dontknowwhetherand,4,12141,12904,46,2
998925,20,femmina,destrimana/o,italiano,Psicologia,Sì,f,A,La rana non ha rovinato il puzzle%2C ma se il panda è arrabbiato che l'abbia rovinato%2C le butterà le scarpe fuori dalla finestra.,The frog didn't ruin the puzzle%2C but if the panda is angry that he did%2C he will throw his shoes out of the window.,4,true_factive,notpif,2,4409,5253,47,2
998925,20,femmina,destrimana/o,italiano,Psicologia,Sì,f,A,La rana non ha perduto nulla%2C ma se ha perduto anche le chiavi%2C la papera andrà nel panico.,The frog didn't lose anything%2C but if she lost the keys too%2C the duck will panic.,26,too,notpif,2,3709,5263,49,3
998925,20,femmina,destrimana/o,italiano,Psicologia,Sì,f,A,La rana non ha dimenticato il compleanno della papera%2C ma se la papera pensa che l'abbia dimenticato%2C nasconderà il diario dell'amicizia nel bosco.,The frog didn't forget the duck's birthday%2C but if the duck thinks that he did%2C she will hide the friendship book in the wood.,18,non_factive,notpif,6,5815,7213,51,3
998925,20,femmina,destrimana/o,italiano,Psicologia,Sì,f,A,Non so se la rana abbia finito la limonata%2C ma se la papera crede che l'abbia finita%2C andrà a comprare dei limoni.,I don't know whether the frog finished the lemonade%2C but if the duck believes that he did%2C she will go buy lemons.,23,non_factive,dontknowwhether,7,7992,8739,52,3
998925,20,femmina,destrimana/o,italiano,Psicologia,Sì,f,A,La papera non ha dimenticato la torta%2C ma la rana è arrabbiata che l'abbia dimenticata. ,I don't know if the duck forgot the cake%2C but the frog is angry that he forgot it.,34,true_factive,dontknowwhetherand,4,5866,6659,53,3
998925,20,femmina,destrimana/o,italiano,Psicologia,Sì,f,A,La papera non ha smarrito la chiave della cantina%2C ma la rana%2C dopo averla cercata%2C ha capito che la papera l'ha smarrita.,I don't know if the duck misplaced the house keys%2C but the frog%2C after looking for them%2C realized that the duck misplaced them.,42,semi_factive,dontknowwhetherand,3,7022,7547,54,3
998925,20,femmina,destrimana/o,italiano,Psicologia,Sì,f,A,Non so se la rana abbia nascosto i pennarelli%2C ma se la papera capisce che li ha nascosti%2C le sotterrerà le figurine in giardino.,I don't know whether the frog hid the crayons%2C but if the duck understands that he did%2C she bury his favorite figurines in the yard.,11,semi_factive,dontknowwhether,6,6087,6914,57,3
998925,20,femmina,destrimana/o,italiano,Psicologia,Sì,f,A,Il panda non ha forzato la serratura%2C ma la papera%2C dopo averla controllata%2C ha capito che il panda l'ha forzata.,I don't know if the panda picked the lock%2C but the duck%2C after checking it%2C realized that the panda picked it.,43,semi_factive,dontknowwhetherand,3,7686,8394,61,3
998925,20,femmina,destrimana/o,italiano,Psicologia,Sì,f,A,Non so se il panda abbia forato il gonfiabile%2C ma se la rana si rende conto che l'ha forato%2C lo dirà alla maestra.,I don't know whether the panda made a hole in the bouncy castle%2C but if the frog realizes that he did%2C he will tell the teacher.,15,semi_factive,dontknowwhether,7,6127,7056,62,3
998925,20,femmina,destrimana/o,italiano,Psicologia,Sì,f,A,La rana non ha squarciato l'orsacchiotto%2C ma se la papera è triste che l'abbia squarciato%2C le disegnerà sulla faccia con l'indelebile.,The frog didn't cut open the teddy bear%2C but if the duck is sad that he did%2C she will draw on his face with sharpie.,6,true_factive,notpif,2,5723,8114,63,3
998925,20,femmina,destrimana/o,italiano,Psicologia,Sì,f,A,Non so se la papera abbia preso il voto massimo%2C ma se la rana pensa che l'abbia preso%2C sarà gelosa.,I don't know whether the duck got the top grade%2C but if the frog thinks that she did%2C he will be jealous.,17,non_factive,dontknowwhether,6,5256,6355,65,3
998925,20,femmina,destrimana/o,italiano,Psicologia,Sì,f,A,La papera non ha buttato via la cartolina%2C ma se il panda capisce che l'ha buttata via%2C non le parlerà mai più.,The duck didn't throw away the postcard%2C but if the panda understands that she did%2C he will not speak to her anymore.,10,semi_factive,notpif,3,5111,5803,66,3
998925,20,femmina,destrimana/o,italiano,Psicologia,Sì,f,A,Non so se il panda abbia bruciato l'album di foto%2C ma se la rana è triste che l'abbia bruciato%2C piangerà a dirotto.,I don't know whether the panda burned the photo album%2C but if the frog is sad that he did%2C he will cry his eyes out.,7,true_factive,dontknowwhether,6,5400,6016,70,3
998925,20,femmina,destrimana/o,italiano,Psicologia,Sì,f,A,La papera non ha rotto il vasetto di miele%2C ma se il panda si rende conto che l'ha rotto%2C le terrà il broncio., The duck didn't break the honey jar%2C but if the panda realizes that she did%2C he will pout.,14,semi_factive,notpif,3,5924,6653,72,3
998925,20,femmina,destrimana/o,italiano,Psicologia,Sì,f,A,Non so se la papera abbia sporcato qualcosa%2C ma se ha sporcato anche il tappeto%2C il panda non la inviterà più a casa sua.,I don't know whether the duck dirtied anything%2C but if she dirtied the carpet too%2C the panda won't invite her anymore.,27,too,dontknowwhether,6,5680,6337,73,4
998925,20,femmina,destrimana/o,italiano,Psicologia,Sì,f,A,Non so se la papera abbia perso l'aquilone%2C ma se il panda è arrabbiato che l'abbia perso%2C le getterà gli occhiali da sole in mare.,I don't know whether the duck lost the kite%2C but if the panda is angry that she did%2C he will hurl her sunglasses in the sea.,1,true_factive,dontknowwhether,4,6896,8269,74,4
998925,20,femmina,destrimana/o,italiano,Psicologia,Sì,f,A,Non so se la papera abbia smarrito il bracciale dell'amicizia%2C ma se la rana pensa che l'abbia smarrito%2C sarà molto delusa.,I don't know whether the duck lost the friendship bracelet%2C but if the frog thinks that she did%2C he will be very disappointed.,19,non_factive,dontknowwhether,5,11224,12599,75,4
998925,20,femmina,destrimana/o,italiano,Psicologia,Sì,f,B,La papera non ha modificato la ricetta della torta%2C ma la rana%2C dopo averla riletta%2C si è erroneamente resa conto che la papera l'ha modificata.,The duck did not change the cake recipe%2C but the frog%2C after re-reading it%2C mistakenly realized that the duck changed it.,45,semi_factive,mistaken,6,11177,11720,76,4
998925,20,femmina,destrimana/o,italiano,Psicologia,Sì,f,B,Il panda crede erroneamente che la papera abbia gettato via le bambole di pezza%2C ed è triste che le abbia gettate via. ,The panda mistakenly believes that the duck threw away the rag dolls%2C and is sad that he threw them away.,37,true_factive,mistaken,6,6885,7560,78,4
998925,20,femmina,destrimana/o,italiano,Psicologia,Sì,f,B,Il panda crede erroneamente che la papera abbia mollato il corso di nuoto%2C ed è triste che l'abbia mollato. ,The panda mistakenly believes that the duck dropped out of swimming class%2C and he is sad that he dropped out.,40,true_factive,mistaken,6,6301,6966,81,4
998925,20,femmina,destrimana/o,italiano,Psicologia,Sì,f,B,La papera crede erroneamente che il panda abbia fatto morire le rose%2C ed è arrabbiata che le abbia fatte morire. ,The duck mistakenly believes that the panda made the roses die%2C and is angry that he made them die.,33,true_factive,mistaken,6,4293,4911,84,4
998925,20,femmina,destrimana/o,italiano,Psicologia,Sì,f,B,La papera non ha potato la siepe%2C ma la rana%2C dopo averla innaffiata%2C si è erroneamente resa conto che la papera l'ha potata.,The duck did not prune the hedge%2C but the frog%2C after watering it%2C mistakenly realized that the duck pruned it.,48,semi_factive,mistaken,6,7018,7699,86,4
998925,20,femmina,destrimana/o,italiano,Psicologia,Sì,f,B,La papera crede erroneamente che la rana abbia strisciato la finestra in soffitta%2C ed è arrabbiata che l'abbia strisciata. ,The duck mistakenly believes the frog crawled through the attic window%2C and is angry that he crawled through it.,36,true_factive,mistaken,6,4889,5521,87,4
998925,20,femmina,destrimana/o,italiano,Psicologia,Sì,f,B,La rana non ha spaccato le automobiline%2C ma il panda%2C dopo averle esaminate%2C ha erroneamente capito che la rana le ha spaccate.,The frog did not break the toy train%2C but the panda%2C after examining it%2C mistakenly realizes that the frog broke it.,41,semi_factive,mistaken,7,5480,6892,89,4
998925,20,femmina,destrimana/o,italiano,Psicologia,Sì,f,B,La rana non ha truccato la macchinina telecomandata%2C ma il panda%2C dopo averla usata%2C ha erroneamente capito che la rana l'ha truccata.,The frog did not rig the remote control car%2C but the panda%2C after using it%2C mistakenly realized that the frog rigged it.,44,semi_factive,mistaken,7,5194,5894,93,4
